sector,yahoo_sector_key,rank,ticker,etf_name,source_url,retrieved_at_utc,screen_language,screen_region,screen_quote_type,screen_type_disp,screen_quote_source_name,screen_triggerable,screen_custom_price_alert_confidence,screen_yield_ttm,screen_pe_ttm,screen_annual_return_nav_y3,screen_annual_return_nav_y5,screen_currency,screen_crypto_tradeable,screen_fifty_two_week_change_percent,screen_has_pre_post_market_data,screen_first_trade_date_milliseconds,screen_price_hint,screen_pre_market_change,screen_pre_market_change_percent,screen_pre_market_time,screen_pre_market_price,screen_regular_market_change,screen_regular_market_time,screen_regular_market_price,screen_regular_market_day_high,screen_regular_market_day_range,screen_regular_market_day_low,screen_regular_market_volume,screen_regular_market_previous_close,screen_bid_size,screen_ask_size,screen_market,screen_message_board_id,screen_full_exchange_name,screen_long_name,screen_regular_market_open,screen_average_daily_volume3_month,screen_average_daily_volume10_day,screen_corporate_actions,screen_fifty_two_week_low_change,screen_fifty_two_week_low_change_percent,screen_fifty_two_week_range,screen_fifty_two_week_high_change,screen_fifty_two_week_high_change_percent,screen_trailing_annual_dividend_rate,screen_trailing_pe,screen_trailing_annual_dividend_yield,screen_ytd_return,screen_trailing_three_month_returns,screen_trailing_three_month_nav_returns,screen_net_assets,screen_market_state,screen_eps_trailing_twelve_months,screen_shares_outstanding,screen_book_value,screen_fifty_day_average,screen_fifty_day_average_change,screen_fifty_day_average_change_percent,screen_two_hundred_day_average,screen_two_hundred_day_average_change,screen_two_hundred_day_average_change_percent,screen_price_to_book,screen_source_interval,screen_exchange_data_delayed_by,screen_exchange_timezone_name,screen_exchange_timezone_short_name,screen_gmt_off_set_milliseconds,screen_esg_populated,screen_tradeable,screen_regular_market_change_percent,screen_short_name,screen_fullday_price,screen_fullday_change,screen_fullday_change_percent,screen_net_expense_ratio,screen_ask,screen_bid,screen_exchange,screen_fifty_two_week_high,screen_fifty_two_week_low,screen_dividend_yield,screen_financial_currency,screen_symbol,screen_dividend_date,screen_ipo_expected_date,screen_prev_name,screen_name_change_date
Consumer Staples,consumer-defensive,1,XLP,State Street Consumer Staples Select Sector SPDR ETF,https://finance.yahoo.com/research-hub/screener/sec-ind_sec-top-etfs_consumer-defensive/,2026-09-28T12:36:45+00:00,en-US,US,ETF,ETF,Delayed Quote,False,LOW,2.59,25.13826,-0.88677,17.12011,USD,False,5.0569654,True,914337000000,2,0.09000397,0.10968068,1790597156.0,82.15,0.360001,1790366400,82.06,82.155,81.33 - 82.155,81.33,8509504,81.7,8600.0,5300.0,us_market,finmb_2668776,NYSEArca,State Street Consumer Staples Select Sector SPDR ETF,81.41,10365274,10169720,[],6.899994,0.091804065,75.16 - 90.14,-8.080002,-0.08963836,1.73,24.274485,0.021175032,10.77396,3.1829,3.1829,14524716000.0,PRE,3.3805041,210172000.0,68.177,84.7072,-2.6472015,-0.0312512,83.6689,-1.608902,-0.019229392,1.2036316,15,0,America/New_York,EDT,-14400000,False,False,0.440637,State Street Consumer Staples S,82.15,-0.01990509,-0.02425087,0.08,82.48,81.8,PCX,90.14,75.16,2.59,USD,XLP,,,,
Consumer Staples,consumer-defensive,2,VDC,Vanguard Consumer Staples Index Fund ETF Shares,https://finance.yahoo.com/research-hub/screener/sec-ind_sec-top-etfs_consumer-defensive/,2026-09-28T12:36:45+00:00,en-US,US,ETF,ETF,Delayed Quote,False,LOW,2.09,25.400051,2.36621,17.48632,USD,False,4.2366505,True,1075473000000,2,,,,,1.05,1790366400,222.17,222.335,220.0861 - 222.335,220.0861,209243,221.12,700.0,200.0,us_market,finmb_22939079,NYSEArca,Vanguard Consumer Staples Index Fund ETF Shares,220.52,159371,176910,[],16.720001,0.08138234,205.45 - 244.33,-22.160004,-0.09069702,0.0,24.58987,0.0,9.87715,3.09445,3.09445,9253007400.0,PRE,9.035021,,,229.1062,-6.936203,-0.030275056,227.42564,-5.2556458,-0.023109293,,15,0,America/New_York,EDT,-14400000,False,False,0.474857,Vanguard Consumer Staples ETF,222.17,1.05,0.474857,0.09,0.0,0.0,PCX,244.33,205.45,2.09,,VDC,,,,
Consumer Staples,consumer-defensive,3,FSTA,Fidelity MSCI Consumer Staples Index ETF,https://finance.yahoo.com/research-hub/screener/sec-ind_sec-top-etfs_consumer-defensive/,2026-09-28T12:36:45+00:00,en-US,US,ETF,ETF,Nasdaq Real Time Price,False,LOW,2.18,25.367834,2.28641,17.508,USD,False,4.228759,True,1382621400000,2,-1.8691978,-3.6123257,1790596341.0,49.8758,0.259998,1790366400,51.76,51.805,51.39 - 51.805,51.39,407066,51.5,1000.0,500.0,us_market,finmb_243638583,NYSEArca,Fidelity MSCI Consumer Staples Index ETF,51.35,146682,273450,[],3.8799973,0.08103587,47.88 - 56.93,-5.170002,-0.09081332,0.0,24.556553,0.0,9.92897,3.15111,3.15111,1414283140.0,PRE,2.1077876,,,53.3624,-1.6024017,-0.030028667,52.9772,-1.2172012,-0.022975946,,15,0,America/New_York,EDT,-14400000,False,False,0.504851,Fidelity MSCI COnsumer Staples ,49.8758,-1.8691978,-3.6123257,0.084,54.12,48.82,PCX,56.93,47.88,2.18,,FSTA,,,,
Consumer Staples,consumer-defensive,4,IYK,iShares US Consumer Staples ETF,https://finance.yahoo.com/research-hub/screener/sec-ind_sec-top-etfs_consumer-defensive/,2026-09-28T12:36:45+00:00,en-US,US,ETF,ETF,Delayed Quote,False,LOW,2.54,23.809524,-2.76543,17.28525,USD,False,5.2199364,True,961162200000,2,,,,,0.0699997,1790366400,71.76,71.785,71.195 - 71.785,71.195,253059,71.69,400.0,1000.0,us_market,finmb_8796322,NYSEArca,iShares US Consumer Staples ETF,71.59,227269,513210,[],6.550003,0.100444764,65.21 - 78.33,-6.5699997,-0.0838759,2.45,22.884697,0.03417492,12.67662,5.60645,5.60645,1406885500.0,PRE,3.13572,3750000.0,184.656,74.3336,-2.5736008,-0.034622308,72.1249,-0.36489868,-0.005059261,0.3886145,15,0,America/New_York,EDT,-14400000,False,False,0.0976422,iShares U.S. Consumer Staples E,71.76,0.0699997,0.0976422,0.37,73.42,71.14,PCX,78.33,65.21,2.54,USD,IYK,,,,
Consumer Staples,consumer-defensive,5,KXI,iShares Global Consumer Staples ETF,https://finance.yahoo.com/research-hub/screener/sec-ind_sec-top-etfs_consumer-defensive/,2026-09-28T12:36:45+00:00,en-US,US,ETF,ETF,Delayed Quote,False,LOW,2.35,22.983222,2.37332,13.45461,USD,False,4.0937543,True,1158931800000,2,,,,,0.209999,1790366400,66.62,66.705,66.3 - 66.705,66.3,97966,66.41,200.0,100.0,us_market,finmb_29102231,NYSEArca,iShares Global Consumer Staples ETF,66.35,106031,165080,[],3.4700012,0.054948553,63.15 - 73.65,-7.029999,-0.095451444,,22.401495,,7.15441,2.57041,2.57041,1087263870.0,PRE,2.9739087,,,68.456,-1.8359985,-0.026820125,68.1499,-1.5298996,-0.022449035,,15,0,America/New_York,EDT,-14400000,False,False,0.316216,iShares Global Consumer Staples,66.62,0.209999,0.316216,0.38,70.5,0.0,PCX,73.65,63.15,2.35,,KXI,,,,
Consumer Staples,consumer-defensive,6,RSPS,Invesco S&P 500 Equal Weight Consumer Staples ETF,https://finance.yahoo.com/research-hub/screener/sec-ind_sec-top-etfs_consumer-defensive/,2026-09-28T12:36:45+00:00,en-US,US,ETF,ETF,Delayed Quote,False,LOW,2.86,22.857143,-5.36287,14.56468,USD,False,0.41251183,True,1162909800000,2,,,,,0.0599995,1790366400,29.21,29.235,28.98 - 29.235,28.98,103332,29.15,3100.0,1000.0,us_market,finmb_30119345,NYSEArca,Invesco S&P 500 Equal Weight Consumer Staples ETF,29.11,189604,794240,[],1.0,0.035448425,28.21 - 33.37,-4.16,-0.12466287,0.0,21.481892,0.0,8.77828,5.31981,5.31981,249581216.0,PRE,1.3597499,,,30.7692,-1.5592003,-0.050674062,30.42795,-1.2179508,-0.04002737,,15,0,America/New_York,EDT,-14400000,False,False,0.20583,Invesco S&P 500 Equal Weight Co,29.21,0.0599995,0.20583,0.4,30.0,0.0,PCX,33.37,28.21,2.86,,RSPS,,,,
Consumer Staples,consumer-defensive,7,FXG,First Trust Consumer Staples AlphaDEX Fund,https://finance.yahoo.com/research-hub/screener/sec-ind_sec-top-etfs_consumer-defensive/,2026-09-28T12:36:45+00:00,en-US,US,ETF,ETF,Delayed Quote,False,LOW,2.35,15.913431,1.93371,21.69684,USD,False,-5.993891,True,1178803800000,2,,,,,-0.209999,1790366390,58.5,58.505,58.21 - 58.505,58.21,9103,58.71,300.0,500.0,us_market,finmb_34336427,NYSEArca,First Trust Consumer Staples AlphaDEX Fund,58.54,12280,14610,[],0.29000092,0.004981978,58.21 - 69.5,-11.0,-0.15827338,0.0,14.333113,0.0,8.19567,7.52656,7.52656,230743056.0,PRE,4.081458,,,64.0758,-5.575798,-0.08701878,63.7432,-5.2431984,-0.08225503,,15,0,America/New_York,EDT,-14400000,False,False,-0.357689,First Trust Cons. Staples Alpha,58.5,-0.209999,-0.357689,0.63,61.77,0.0,PCX,69.5,58.21,2.35,,FXG,,,,
Consumer Staples,consumer-defensive,8,PBJ,Invesco Food & Beverage ETF,https://finance.yahoo.com/research-hub/screener/sec-ind_sec-top-etfs_consumer-defensive/,2026-09-28T12:36:45+00:00,en-US,US,ETF,ETF,Delayed Quote,False,LOW,1.28,19.53125,2.34742,26.8013,USD,False,-0.41731,True,1119533400000,2,,,,,-0.0400009,1790366385,45.34,45.34,45.015 - 45.34,45.015,4924,45.38,500.0,600.0,us_market,finmb_22938452,NYSEArca,Invesco Food & Beverage ETF,45.4,28111,7820,[],2.6500015,0.062075466,42.69 - 51.07,-5.7299995,-0.112198934,,18.572712,,7.08936,0.04663,0.04663,92502912.0,PRE,2.441216,,,47.653,-2.3129997,-0.048538387,47.971,-2.6310005,-0.054845646,,15,0,America/New_York,EDT,-14400000,False,False,-0.0881466,Invesco Food & Beverage ETF,45.34,-0.0400009,-0.0881466,0.63,47.31,43.19,PCX,51.07,42.69,1.28,,PBJ,,,,
Consumer Staples,consumer-defensive,9,PSL,Invesco Dorsey Wright Consumer Staples Momentum ETF,https://finance.yahoo.com/research-hub/screener/sec-ind_sec-top-etfs_consumer-defensive/,2026-09-28T12:36:45+00:00,en-US,US,ETF,ETF,Delayed Quote,False,LOW,0.73,24.154589,12.37503,6.57046,USD,False,-1.9141376,True,1160659800000,2,,,,,-0.4300003,1790366400,107.6106,107.67,107.09 - 107.67,107.09,1456,108.0406,3.0,3.0,us_market,finmb_29596672,NasdaqGM,Invesco Dorsey Wright Consumer Staples Momentum ETF,107.09,1428,1080,[],9.650604,0.098515764,97.96 - 117.28,-9.669395,-0.0824471,0.0,22.707172,0.0,14.39298,5.3782,5.3782,83565208.0,PRE,4.739058,,,113.2114,-5.6007996,-0.049472045,110.4421,-2.8314972,-0.025637843,,15,0,America/New_York,EDT,-14400000,False,False,-0.39799878,Invesco Dorsey Wright Consumer ,107.6106,-0.3710022,-0.34339017,0.6,115.76,115.17,NGM,117.28,97.96,0.73,,PSL,1522281600.0,,,
Consumer Staples,consumer-defensive,10,GXPS,Global X Purecap MSCI Consumer Staples ETF,https://finance.yahoo.com/research-hub/screener/sec-ind_sec-top-etfs_consumer-defensive/,2026-09-28T12:36:45+00:00,en-US,US,ETF,ETF,Delayed Quote,False,LOW,1.26,26.288118,,,USD,False,7.201314,True,1753277400000,2,,,,,0.110001,1790366392,26.2,26.21,26.005 - 26.21,26.005,26315,26.09,500.0,700.0,us_market,finmb_1942486170,NYSEArca,Global X Purecap MSCI Consumer Staples ETF,26.07,21939,22320,[],2.92,0.12542956,23.28 - 29.63,-3.4299984,-0.115761004,0.0,25.883076,0.0,9.73341,1.75204,1.75204,71112904.0,PRE,1.0122445,,,26.6285,-0.42849922,-0.016091753,26.487955,-0.28795433,-0.010871142,,15,0,America/New_York,EDT,-14400000,False,False,0.42162,Global X PureCap MSCI Consumer ,26.2,0.110001,0.42162,0.15,0.0,0.0,PCX,29.63,23.28,1.26,,GXPS,,,,
Consumer Staples,consumer-defensive,11,HIMZ,Defiance Daily Target 2X Long HIMS ETF,https://finance.yahoo.com/research-hub/screener/sec-ind_sec-top-etfs_consumer-defensive/,2026-09-28T12:36:45+00:00,en-US,US,ETF,ETF,Delayed Quote,False,LOW,,,,,USD,False,-92.11782,True,1741872600000,2,-0.8199997,-3.0280638,1790597720.0,26.26,0.37999916,1790366401,27.08,27.61,25.52 - 27.61,25.52,219501,26.7,2.0,2.0,us_market,finmb_1916075038,NasdaqGM,Defiance Daily Target 2X Long HIMS ETF,26.98,368800,339340,[],14.7039995,1.188106,12.376 - 391.58,-364.5,-0.9308443,0.0,40.110497,0.0,-64.94687,-6.19578,-6.19578,56909168.0,PRE,0.675135,,,30.25178,-3.1717796,-0.10484605,41.57763,-14.497629,-0.34868822,,15,0,America/New_York,EDT,-14400000,False,False,1.4232178,Defiance Daily Target 2X Long H,26.26,0.37999916,1.4232178,1.33,44.94,25.59,NGM,391.58,12.376,6.96,,HIMZ,,2025-03-13,,
Consumer Staples,consumer-defensive,12,PSCC,Invesco S&P SmallCap Consumer Staples ETF,https://finance.yahoo.com/research-hub/screener/sec-ind_sec-top-etfs_consumer-defensive/,2026-09-28T12:36:45+00:00,en-US,US,ETF,ETF,Nasdaq Real Time Price,False,LOW,1.63,20.316944,14.87009,28.43641,USD,False,3.076923,True,1270647000000,2,,,,,-0.18460083,1790366400,33.4954,33.74,33.461 - 33.74,33.461,2629,33.68,1.0,1.0,us_market,finmb_100588835,NasdaqGM,Invesco S&P SmallCap Consumer Staples ETF,33.74,12788,9100,[],2.895399,0.09462088,30.6 - 38.22,-4.7246017,-0.12361595,0.0,18.377644,0.0,20.08389,13.20982,13.20982,39255156.0,PRE,1.8226166,,,36.3888,-2.893402,-0.07951353,34.02925,-0.5338516,-0.01568802,,15,0,America/New_York,EDT,-14400000,False,False,-0.54810226,Invesco S&P SmallCap Consumer S,33.4954,-0.1949997,-0.5789777,0.29,37.79,37.55,NGM,38.22,30.6,1.63,,PSCC,1498780800.0,,,
Consumer Staples,consumer-defensive,13,MHY,Man Active High Yield ETF,https://finance.yahoo.com/research-hub/screener/sec-ind_sec-top-etfs_consumer-defensive/,2026-09-28T12:36:45+00:00,en-US,US,EQUITY,Equity,Delayed Quote,False,LOW,,,,,USD,False,0.6917,True,1758202200000,2,,,,,-0.0193005,1790276256,25.475,25.475,25.475 - 25.475,25.475,115,25.4943,400.0,500.0,us_market,finmb_1949944667,NYSEArca,Man Active High Yield ETF,25.49,14963,5210,[],0.7900009,0.03200328,24.685 - 26.38,-0.9049988,-0.034306247,,8.279556,,,,,,PRE,3.076856,,,25.88992,-0.4149189,-0.016026272,25.333084,0.14191628,0.0056020133,,15,0,America/New_York,EDT,-14400000,False,False,-0.075705,Man Active High Yield ETF,25.475,-0.0193005,-0.075705,,28.49,22.49,PCX,26.38,24.685,,,MHY,,,,
Consumer Staples,consumer-defensive,14,FTXG,First Trust Nasdaq Food & Beverage ETF,https://finance.yahoo.com/research-hub/screener/sec-ind_sec-top-etfs_consumer-defensive/,2026-09-28T12:36:45+00:00,en-US,US,ETF,ETF,Delayed Quote,False,LOW,2.49,20.872469,-6.18118,12.3846,USD,False,0.80059767,True,1476106200000,2,,,,,-0.09969902,1790366400,21.5303,21.54,21.45 - 21.54,21.45,10319,21.63,2.0,37.0,us_market,finmb_374010002,NasdaqGM,First Trust Nasdaq Food & Beverage ETF,21.51,14969,37170,[],1.1002998,0.053857066,20.43 - 23.95,-2.4197006,-0.10103134,0.0,19.434196,0.0,11.51028,4.7018,4.7018,18484714.0,PRE,1.1078565,,,22.86504,-1.3347397,-0.05837469,22.406164,-0.875864,-0.039090317,,15,0,America/New_York,EDT,-14400000,False,False,-0.46092936,First Trust Nasdaq Food & Bever,21.5303,-0.089998245,-0.41608065,0.6,22.85,16.64,NGM,23.95,20.43,2.49,,FTXG,1490918400.0,,,
Consumer Staples,consumer-defensive,15,KHYB,KraneShares Asia Pacific High Income USD Bond ETF,https://finance.yahoo.com/research-hub/screener/sec-ind_sec-top-etfs_consumer-defensive/,2026-09-28T12:36:45+00:00,en-US,US,ETF,ETF,Delayed Quote,False,LOW,8.46,9.259259,3.71854,-12.83056,USD,False,-2.282393,True,1531143000000,2,,,,,-0.0300007,1790366340,23.89,23.9,23.87 - 23.9,23.87,4099,23.92,100.0,500.0,us_market,finmb_546573857,NYSEArca,KraneShares Asia Pacific High Income USD Bond ETF,23.89,2669,2190,[],0.37999916,0.016163299,23.51 - 24.875,-0.9850006,-0.039598014,0.0,9.184293,0.0,4.55692,2.18078,2.18078,15650042.0,PRE,2.60118,,,24.10468,-0.21467972,-0.008906143,24.274225,-0.38422585,-0.015828552,,15,0,America/New_York,EDT,-14400000,False,False,-0.125421,KraneShares Asia Pacific High I,23.89,-0.0300007,-0.125421,0.69,24.37,23.71,PCX,24.875,23.51,8.46,,KHYB,,,,
Consumer Staples,consumer-defensive,16,UGE,ProShares Ultra Consumer Staples,https://finance.yahoo.com/research-hub/screener/sec-ind_sec-top-etfs_consumer-defensive/,2026-09-28T12:36:45+00:00,en-US,US,ETF,ETF,Delayed Quote,False,LOW,2.11,25.13826,2.48742,42.39999,USD,False,5.334115,True,1170340200000,2,,,,,0.104099,1790366400,17.97,17.99,17.735 - 17.99,17.735,12285,17.8659,100.0,300.0,us_market,finmb_32431306,NYSEArca,ProShares Ultra Consumer Staples,17.69,37284,12800,[],2.2299995,0.14167723,15.74 - 22.26,-4.290001,-0.19272241,,23.50923,,16.04555,4.04083,4.04083,9991890.0,PRE,0.76438063,,,19.1592,-1.1892014,-0.062069464,19.02035,-1.0503502,-0.055222444,,15,0,America/New_York,EDT,-14400000,False,False,0.58267,ProShares Ultra Consumer Staple,17.97,0.104099,0.58267,0.95,18.51,17.46,PCX,22.26,15.74,2.11,,UGE,,,,
Consumer Staples,consumer-defensive,17,XLSI,State Street Consumer Staples Select Sector SPDR Premium Income ETF,https://finance.yahoo.com/research-hub/screener/sec-ind_sec-top-etfs_consumer-defensive/,2026-09-28T12:36:45+00:00,en-US,US,EQUITY,Equity,Delayed Quote,False,LOW,8.51,26.150628,,,USD,False,-5.7054462,True,1753882200000,2,,,,,0.0567017,1790364789,22.8567,22.8567,22.7399 - 22.8567,22.7399,4426,22.8,100.0,100.0,us_market,finmb_1945101955,NYSEArca,State Street Consumer Staples Select Sector SPDR Premium Income ETF,22.7,19290,28090,[],0.15670013,0.0069030896,22.7 - 25.51,-2.6532993,-0.104010165,0.0,24.40747,0.0,,,,,PRE,0.9364633,,,23.3863,-0.52959824,-0.022645662,23.760525,-0.90382385,-0.038038883,,15,0,America/New_York,EDT,-14400000,False,False,0.248692,State Street Consumer Staples S,22.8567,0.0567017,0.248692,,23.42,0.0,PCX,25.51,22.7,,,XLSI,,,The Select Sector SPDR Trust - The Consumer Staples Select Sector SPDR Premium Income Fund,2026-09-28
Consumer Staples,consumer-defensive,18,NICO,Hexis Active Nicotine Engagement ETF,https://finance.yahoo.com/research-hub/screener/sec-ind_sec-top-etfs_consumer-defensive/,2026-09-28T12:36:45+00:00,en-US,US,EQUITY,Equity,Delayed Quote,False,LOW,,,,,USD,False,-1.0284781,True,1778074200000,2,,,,,-0.119699,1790173382,25.0193,25.0193,25.0193 - 25.0193,25.0193,12,25.139,7300.0,100.0,us_market,finmb_1960929859,NYSEArca,Hexis Active Nicotine Engagement ETF,24.23,390,140,[],0.7893009,0.032575358,24.23 - 27.44,-2.4207,-0.08821793,,16.011545,,,,,,PRE,1.5625788,,,25.5304,-0.51109886,-0.020019228,25.688082,-0.6687813,-0.026034692,,15,0,America/New_York,EDT,-14400000,False,False,-0.47615,Hexis Active Nicotine Engagemen,25.0193,-0.119699,-0.47615,,39.78,10.06,PCX,27.44,24.23,,,NICO,,,,
Consumer Staples,consumer-defensive,19,BREW,Corgi Coffee & Energy Drinks ETF,https://finance.yahoo.com/research-hub/screener/sec-ind_sec-top-etfs_consumer-defensive/,2026-09-28T12:36:45+00:00,en-US,US,ETF,ETF,Delayed Quote,False,LOW,,,,,USD,False,0.8624077,True,1778074200000,2,,,,,0.146999,1790366386,25.73,25.73,25.5999 - 25.73,25.5999,2105,25.583,100.0,100.0,us_market,finmb_1992790941,Cboe US,Corgi Coffee & Energy Drinks ETF,25.6,906,970,[],0.7799988,0.031262476,24.95 - 28.36,-2.630001,-0.09273628,0.0,28.018253,0.0,,3.13371,3.13371,679941.0,PRE,0.9183299,,,26.84,-1.1100006,-0.041356206,26.689798,-0.9597988,-0.035961263,,15,0,America/New_York,EDT,-14400000,False,False,0.574598,Corgi Coffee & Energy Drinks ET,25.73,0.146999,0.574598,0.35,0.0,0.0,BTS,28.36,24.95,,,BREW,,,,
Consumer Staples,consumer-defensive,20,TRUO,Vaneck Consumer Staples TruSector ETF,https://finance.yahoo.com/research-hub/screener/sec-ind_sec-top-etfs_consumer-defensive/,2026-09-28T12:36:45+00:00,en-US,US,ETF,ETF,Nasdaq Real Time Price,False,LOW,,,,,USD,False,0.7636666,True,1780493400000,2,,,,,-0.025899887,1790366400,25.0741,25.0741,24.96 - 25.0741,24.96,406,25.1,,,us_market,finmb_1989624143,NasdaqGM,Vaneck Consumer Staples TruSector ETF,24.96,547,1050,[],0.21409988,0.008612224,24.86 - 26.65,-1.5758991,-0.059133176,,26.434036,,,,,509460.0,PRE,0.9485536,,,25.5278,-0.4536991,-0.017772747,25.489124,-0.4150238,-0.016282387,,15,0,America/New_York,EDT,-14400000,False,False,-0.1031868,VanEck Consumer Staples TruSect,25.0741,-0.1400013,-0.55777407,0.14,,,NGM,26.65,24.86,,,TRUO,,2026-06-03,Vaneck ETF Trust - Vaneck Consumer Staples Transactor Etf,2026-09-25
