sector,yahoo_sector_key,rank,ticker,etf_name,source_url,retrieved_at_utc,screen_language,screen_region,screen_quote_type,screen_type_disp,screen_quote_source_name,screen_triggerable,screen_custom_price_alert_confidence,screen_yield_ttm,screen_pe_ttm,screen_annual_return_nav_y3,screen_annual_return_nav_y5,screen_exchange,screen_currency,screen_has_pre_post_market_data,screen_first_trade_date_milliseconds,screen_fifty_two_week_change_percent,screen_trailing_pe,screen_ytd_return,screen_trailing_three_month_returns,screen_trailing_three_month_nav_returns,screen_net_assets,screen_market_state,screen_eps_trailing_twelve_months,screen_fifty_day_average,screen_fifty_day_average_change,screen_fifty_day_average_change_percent,screen_two_hundred_day_average,screen_two_hundred_day_average_change,screen_two_hundred_day_average_change_percent,screen_source_interval,screen_exchange_data_delayed_by,screen_exchange_timezone_name,screen_exchange_timezone_short_name,screen_gmt_off_set_milliseconds,screen_esg_populated,screen_tradeable,screen_crypto_tradeable,screen_price_hint,screen_pre_market_change,screen_pre_market_change_percent,screen_pre_market_time,screen_pre_market_price,screen_fifty_two_week_high,screen_fifty_two_week_low,screen_dividend_yield,screen_net_expense_ratio,screen_regular_market_change_percent,screen_ask,screen_bid,screen_short_name,screen_fullday_price,screen_fullday_change,screen_fullday_change_percent,screen_regular_market_change,screen_regular_market_time,screen_regular_market_price,screen_regular_market_day_high,screen_regular_market_day_range,screen_regular_market_day_low,screen_regular_market_volume,screen_regular_market_previous_close,screen_bid_size,screen_ask_size,screen_market,screen_message_board_id,screen_full_exchange_name,screen_long_name,screen_regular_market_open,screen_average_daily_volume3_month,screen_average_daily_volume10_day,screen_corporate_actions,screen_fifty_two_week_low_change,screen_fifty_two_week_low_change_percent,screen_fifty_two_week_range,screen_fifty_two_week_high_change,screen_fifty_two_week_high_change_percent,screen_symbol,screen_trailing_annual_dividend_rate,screen_trailing_annual_dividend_yield,screen_shares_outstanding,screen_book_value,screen_price_to_book,screen_financial_currency,screen_ipo_expected_date,screen_dividend_date,screen_prev_name,screen_name_change_date,screen_earnings_timestamp_start,screen_earnings_timestamp_end,screen_earnings_call_timestamp_start,screen_earnings_call_timestamp_end,screen_is_earnings_date_estimate
Consumer Discretionary,consumer-cyclical,1,XLY,State Street Consumer Discretionary Select Sector SPDR ETF,https://finance.yahoo.com/research-hub/screener/sec-ind_sec-top-etfs_consumer-cyclical/,2026-09-28T12:36:45+00:00,en-US,US,ETF,ETF,Delayed Quote,False,LOW,0.77,25.477707,39.62849,27.84971,PCX,USD,True,914337000000,-8.157503,24.160007,-1.94523,-3.35935,-3.35935,22749814800.0,PRE,4.5761576,114.8234,-4.263405,-0.037130103,116.651,-6.0910034,-0.052215613,15,0,America/New_York,EDT,-14400000,False,False,False,2,-0.1800003,-0.1628078,1790585728.0,110.38,125.01,105.19,0.77,0.08,0.217547,110.48,109.87,State Street Consumer Discretio,110.38,0.239998,0.217547,0.239998,1790366400,110.56,110.92,109.65 - 110.92,109.65,6082861,110.32,300,1400,us_market,finmb_8795473,NYSEArca,State Street Consumer Discretionary Select Sector SPDR ETF,110.67,6928607,6748010,[],5.369995,0.051050432,105.19 - 125.01,-14.450005,-0.11559079,XLY,,,,,,,,,,,,,,,
Consumer Discretionary,consumer-cyclical,2,JPIE,JPMorgan Income ETF,https://finance.yahoo.com/research-hub/screener/sec-ind_sec-top-etfs_consumer-cyclical/,2026-09-28T12:36:45+00:00,en-US,US,ETF,ETF,Delayed Quote,False,LOW,5.73,20.24701356549909,,,PCX,USD,True,1635859800000,-2.9285073,19.685446,2.29533,0.7006,0.7006,10682642400.0,PRE,2.290017,45.67568,-0.5956764,-0.013041436,46.04096,-0.9609566,-0.020871775,15,0,America/New_York,EDT,-14400000,False,False,False,2,,,,,46.61,44.94,5.65,0.39,0.177782,0.0,44.92,JPMorgan Income ETF,45.08,0.069999695,0.15555488,0.0800018,1790366400,45.08,45.1,44.94 - 45.1,44.94,2350573,45.0,5100,9100,us_market,finmb_1673572815,NYSEArca,JPMorgan Income ETF,45.01,1552201,1806920,[],0.1400032,0.0031153362,44.94 - 46.61,-1.5299988,-0.03282555,JPIE,0.0,0.0,,,,,,,,,,,,,
Consumer Discretionary,consumer-cyclical,3,VCR,Vanguard Consumer Discretionary Index Fund ETF Shares,https://finance.yahoo.com/research-hub/screener/sec-ind_sec-top-etfs_consumer-cyclical/,2026-09-28T12:36:45+00:00,en-US,US,ETF,ETF,Delayed Quote,False,LOW,0.73,23.293734,40.397,24.88164,PCX,USD,True,1075473000000,-7.10243,22.072697,-0.20452,-2.34488,-2.34488,6632338900.0,PRE,16.805378,386.9362,-15.996185,-0.04134063,388.54556,-17.60556,-0.045311444,15,0,America/New_York,EDT,-14400000,False,False,False,2,,,,,414.28,346.48,0.73,0.09,0.267601,0.0,0.0,Vanguard Consumer Discretion ET,370.94,0.98999,0.267601,0.98999,1790366400,370.94,371.885,367.56 - 371.885,367.56,69032,369.95,40,80,us_market,finmb_22939068,NYSEArca,Vanguard Consumer Discretionary Index Fund ETF Shares,371.62,52665,50640,[],24.459991,0.07059568,346.48 - 414.28,-43.339996,-0.10461523,VCR,,,,,,,,,,,,,,,
Consumer Discretionary,consumer-cyclical,4,TSLL,Direxion Daily TSLA Bull 2X Shares,https://finance.yahoo.com/research-hub/screener/sec-ind_sec-top-etfs_consumer-cyclical/,2026-09-28T12:36:45+00:00,en-US,US,ETF,ETF,Nasdaq Real Time Price,False,LOW,3.84,59.988002,,,NGM,USD,True,1660051800000,-52.621544,59.759544,-46.94146,-36.83809,-36.83809,3860678660.0,PRE,0.16633326,9.0469,0.8930998,0.098718874,13.5606,-3.6206007,-0.26699412,15,0,America/New_York,EDT,-14400000,False,False,False,2,-0.107699394,-1.0834949,1790599003.0,9.8323,23.74,6.695,3.84,0.83,-3.0243943,7.8,7.78,Direxion Daily TSLA Bull 2X ETF,9.8323,-0.107699394,-1.0834949,-0.31000042,1790366400,9.94,10.73,9.7 - 10.73,9.7,89582039,10.25,1,1,us_market,finmb_1793225454,NasdaqGM,Direxion Daily TSLA Bull 2X Shares,10.61,82420622,62796050,[],3.2449994,0.48468998,6.695 - 23.74,-13.8,-0.5812974,TSLL,0.0,0.0,,,,,,,,,,,,,
Consumer Discretionary,consumer-cyclical,5,ITB,iShares U.S. Home Construction ETF,https://finance.yahoo.com/research-hub/screener/sec-ind_sec-top-etfs_consumer-cyclical/,2026-09-28T12:36:45+00:00,en-US,US,ETF,ETF,Delayed Quote,False,LOW,0.68,16.199579,68.83016,49.1462,BTS,USD,True,1146835800000,-16.84798,15.299698,-1.41452,1.90257,1.90257,2360223740.0,PRE,5.8452134,94.8052,-5.3751984,-0.056697294,97.70915,-8.279152,-0.084732614,15,0,America/New_York,EDT,-14400000,False,False,False,2,-0.3199997,-0.3578214,1790595035.0,89.11,115.26,84.98,0.68,0.37,1.26826,0.0,88.56,iShares U.S. Home Construction ,89.11,0.69000244,0.78134125,1.12,1790366400,89.43,89.75,87.91 - 89.75,87.91,1804346,88.31,300,400,us_market,finmb_27445771,Cboe US,iShares U.S. Home Construction ETF,88.4,1937338,2229740,[],4.449997,0.052365225,84.98 - 115.26,-25.830002,-0.22410204,ITB,0.0,0.0,,,,,,,,,,,,,
Consumer Discretionary,consumer-cyclical,6,FDIS,Fidelity MSCI Consumer Discretionary Index ETF,https://finance.yahoo.com/research-hub/screener/sec-ind_sec-top-etfs_consumer-cyclical/,2026-09-28T12:36:45+00:00,en-US,US,ETF,ETF,Delayed Quote,False,LOW,0.73,23.326335,40.42493,24.34137,PCX,USD,True,1382621400000,-7.0925417,22.102743,-0.11194,-2.31173,-2.31173,1692495100.0,PRE,4.3560205,100.4694,-4.1893997,-0.041698266,100.86955,-4.589554,-0.04549989,15,0,America/New_York,EDT,-14400000,False,False,False,2,,,,,107.45,89.95,0.73,0.084,0.208157,97.47,0.0,Fidelity MSCI Consumer Discreti,96.28,0.199997,0.208157,0.199997,1790366400,96.28,96.58,95.485 - 96.58,95.485,171620,96.08,700,500,us_market,finmb_243638578,NYSEArca,Fidelity MSCI Consumer Discretionary Index ETF,96.36,79665,147620,[],6.330002,0.070372455,89.95 - 107.45,-11.169998,-0.10395531,FDIS,0.0,0.0,,,,,,,,,,,,,
Consumer Discretionary,consumer-cyclical,7,JFLX,JPMorgan Flexible Debt ETF,https://finance.yahoo.com/research-hub/screener/sec-ind_sec-top-etfs_consumer-cyclical/,2026-09-28T12:36:45+00:00,en-US,US,ETF,ETF,Delayed Quote,False,LOW,,,7.20967,0.76844,PCX,USD,True,1759152600000,-2.4569929,,1.97997,0.03391,0.03391,1560272640.0,PRE,,49.73894,-0.7489395,-0.015057407,50.092644,-1.102642,-0.022012055,15,0,America/New_York,EDT,-14400000,False,False,False,2,,,,,50.825,48.94,4.38,0.45,-0.061197,0.0,46.88,JPMorgan Flexible Debt ETF,48.99,-0.0299988,-0.061197,-0.0299988,1790366400,48.99,49.04,48.945 - 49.04,48.945,131694,49.02,200,100,us_market,finmb_117286251,NYSEArca,JPMorgan Flexible Debt ETF,49.02,131673,142110,[],0.05000305,0.0010217215,48.94 - 50.825,-1.8349991,-0.036104262,JFLX,0.0,0.0,,,,,,,,,,,,,
Consumer Discretionary,consumer-cyclical,8,JSI,Janus Henderson Securitized Income ETF,https://finance.yahoo.com/research-hub/screener/sec-ind_sec-top-etfs_consumer-cyclical/,2026-09-28T12:36:45+00:00,en-US,US,ETF,ETF,Delayed Quote,False,LOW,6.29,27.344818,,,PCX,USD,True,1699540200000,-3.6569,26.74944,1.34685,0.20346,0.20346,1544127230.0,PRE,1.881161,50.92494,-0.6049385,-0.011879023,51.612385,-1.2923851,-0.025040213,15,0,America/New_York,EDT,-14400000,False,False,False,2,,,,,52.58,50.04,6.25,0.5,0.420483,0.0,0.0,Janus Henderson Securitized Inc,50.32,0.210701,0.420483,0.210701,1790366400,50.32,50.45,50.045 - 50.45,50.045,204623,50.1093,300,400,us_market,finmb_1853542066,NYSEArca,Janus Henderson Securitized Income ETF,50.06,137049,166140,[],0.27999878,0.005595499,50.04 - 52.58,-2.2600021,-0.04298216,JSI,0.0,0.0,,,,,,,,,,,,,
Consumer Discretionary,consumer-cyclical,9,XHB,State Street SPDR S&P Homebuilders ETF,https://finance.yahoo.com/research-hub/screener/sec-ind_sec-top-etfs_consumer-cyclical/,2026-09-28T12:36:45+00:00,en-US,US,ETF,ETF,Delayed Quote,False,LOW,0.77,19.516003,60.05722,49.65231,PCX,USD,True,1139236200000,-11.12718,18.663685,0.33051,0.41072,0.41072,1331822720.0,PRE,5.2679844,104.1708,-5.8507996,-0.05616545,106.42165,-8.101654,-0.07612787,15,0,America/New_York,EDT,-14400000,False,False,False,2,-0.91999817,-0.93571824,1790595227.0,97.4,123.13,93.57,0.77,0.35,1.57024,98.44,95.65,State Street SPDR S&P Homebuild,97.4,1.52,1.57024,1.52,1790366400,98.32,98.84,96.57 - 98.84,96.57,1800314,96.8,300,400,us_market,finmb_26752346,NYSEArca,State Street SPDR S&P Homebuilders ETF,97.2,2064928,1955940,[],4.75,0.050764132,93.57 - 123.13,-24.809998,-0.20149434,XHB,,,,,,,,,,,,,,,
Consumer Discretionary,consumer-cyclical,10,IYC,iShares US Consumer Discretionary ETF,https://finance.yahoo.com/research-hub/screener/sec-ind_sec-top-etfs_consumer-cyclical/,2026-09-28T12:36:45+00:00,en-US,US,ETF,ETF,Delayed Quote,False,LOW,0.51,23.601605,34.10324,19.62262,PCX,USD,True,962199000000,-8.751303,22.440413,-1.57794,-1.39542,-1.39542,1194078460.0,PRE,4.288691,100.2142,-3.974205,-0.039657105,101.4723,-5.2323,-0.051563825,15,0,America/New_York,EDT,-14400000,False,False,False,2,,,,,107.36,93.99,0.51,0.37,0.385934,0.0,0.0,iShares U.S. Consumer Discretio,96.24,0.369995,0.385934,0.369995,1790366400,96.24,96.49,95.5801 - 96.49,95.5801,107433,95.87,2000,900,us_market,finmb_8795981,NYSEArca,iShares US Consumer Discretionary ETF,95.91,95414,110090,[],2.25,0.023938717,93.99 - 107.36,-11.120003,-0.10357678,IYC,,,,,,,,,,,,,,,
Consumer Discretionary,consumer-cyclical,11,NAIL,Direxion Daily Homebuilders & Supplies Bull 3X Shares,https://finance.yahoo.com/research-hub/screener/sec-ind_sec-top-etfs_consumer-cyclical/,2026-09-28T12:36:45+00:00,en-US,US,ETF,ETF,Nasdaq Real Time Price,False,LOW,0.85,16.199579,259.7134,167.645,PCX,USD,True,1439991000000,-58.720303,13.692182,-26.817,-5.71249,-5.71249,517351008.0,PRE,2.2333913,37.175,-6.5949993,-0.17740415,46.6624,-16.0824,-0.34465435,15,0,America/New_York,EDT,-14400000,False,False,False,2,-0.5849991,-1.9126993,1790598958.0,30.0,81.2,28.44,0.85,0.96,3.69617,0.0,29.95,Direxion Daily Homebuilders & S,30.0,-0.5849991,-1.9126993,1.09,1790366400,30.58,30.8919,29.0015 - 30.8919,29.0015,1565434,29.49,1800,400,us_market,finmb_206886716,NYSEArca,Direxion Daily Homebuilders & Supplies Bull 3X Shares,29.7,1304665,1784370,[],2.1399994,0.07524611,28.44 - 81.2,-50.619995,-0.62339896,NAIL,0.0,0.0,,,,,,,,,,,,,
Consumer Discretionary,consumer-cyclical,12,PEJ,Invesco Dynamic Leisure and Entertainment ETF,https://finance.yahoo.com/research-hub/screener/sec-ind_sec-top-etfs_consumer-cyclical/,2026-09-28T12:36:45+00:00,en-US,US,ETF,ETF,Delayed Quote,False,LOW,0.51,23.529412,15.6637,22.85232,PCX,USD,True,1119533400000,0.8255124,22.441387,6.9265,4.18943,4.18943,422541632.0,PRE,2.775675,65.678,-3.3880005,-0.05158501,62.5691,-0.2790985,-0.0044606444,15,0,America/New_York,EDT,-14400000,False,False,False,2,,,,,69.43,55.66,0.51,0.58,0.467743,65.76,58.67,Invesco Leisure and Entertainme,62.29,0.290001,0.467743,0.290001,1790366400,62.29,62.365,61.64 - 62.365,61.64,31089,62.0,600,700,us_market,finmb_22938307,NYSEArca,Invesco Dynamic Leisure and Entertainment ETF,62.12,71185,57040,[],6.630001,0.11911608,55.66 - 69.43,-7.1399994,-0.102837384,PEJ,,,,,,,,,,,,,,,
Consumer Discretionary,consumer-cyclical,13,XRT,State Street SPDR S&P Retail ETF,https://finance.yahoo.com/research-hub/screener/sec-ind_sec-top-etfs_consumer-cyclical/,2026-09-28T12:36:45+00:00,en-US,US,ETF,ETF,Delayed Quote,False,LOW,0.78,16.212711,21.59031,42.74493,PCX,USD,True,1150983000000,-4.999423,15.529179,1.55406,2.86183,2.86183,362040704.0,PRE,5.310648,87.2332,-4.763199,-0.05460305,85.88145,-3.4114456,-0.03972273,15,0,America/New_York,EDT,-14400000,False,False,False,2,-0.5200043,-0.6305375,1790595872.0,81.95,93.52,77.24,0.78,0.35,0.450673,83.74,0.0,State Street SPDR S&P Retail ET,81.95,0.37000275,0.45067328,0.370003,1790366400,82.47,82.86,81.62 - 82.86,81.62,3428908,82.1,800,1800,us_market,finmb_27776413,NYSEArca,State Street SPDR S&P Retail ETF,82.27,3910247,3249060,[],5.2300034,0.06771108,77.24 - 93.52,-11.049995,-0.1181565,XRT,0.521,0.0063459203,12100200.0,90.33,0.91298574,USD,,,,,,,,,
Consumer Discretionary,consumer-cyclical,14,RSPD,Invesco S&P 500 Equal Weight Consumer Discretionary ETF,https://finance.yahoo.com/research-hub/screener/sec-ind_sec-top-etfs_consumer-cyclical/,2026-09-28T12:36:45+00:00,en-US,US,ETF,ETF,Delayed Quote,False,LOW,0.88,20.855057,22.54132,28.75693,PCX,USD,True,1162909800000,-9.853572,19.472536,-1.22843,1.57672,1.57672,310740576.0,PRE,2.687118,55.7634,-3.4384003,-0.06166052,56.17985,-3.8548508,-0.06861625,15,0,America/New_York,EDT,-14400000,False,False,False,2,,,,,60.34,50.97,0.88,0.4,0.615325,0.0,0.0,Invesco S&P 500 Equal Weight Co,52.325,0.32,0.615325,0.32,1790366389,52.325,52.48,51.98 - 52.48,51.98,140352,52.005,300,1900,us_market,finmb_30119308,NYSEArca,Invesco S&P 500 Equal Weight Consumer Discretionary ETF,52.02,106288,346150,[],1.3549995,0.026584256,50.97 - 60.34,-8.014999,-0.13283062,RSPD,,,,,,,,,,,,,,,
Consumer Discretionary,consumer-cyclical,15,AMZU,Direxion Daily AMZN Bull 2X Shares,https://finance.yahoo.com/research-hub/screener/sec-ind_sec-top-etfs_consumer-cyclical/,2026-09-28T12:36:45+00:00,en-US,US,ETF,ETF,Nasdaq Real Time Price,False,LOW,2.09,20.876827,,,NGM,USD,True,1662557400000,-3.9562285,18.975407,8.90844,-14.16911,-14.16911,284143776.0,PRE,1.803914,36.9742,-2.7442017,-0.07421936,35.3256,-1.0956001,-0.03101434,15,0,America/New_York,EDT,-14400000,False,False,False,2,-0.5732002,-1.6745552,1790598988.0,33.6568,47.14,24.54,2.09,0.99,0.26362085,44.23,43.99,Direxion Daily AMZN Bull 2X ETF,33.6568,-0.5732002,-1.6745552,0.09000015,1790366401,34.23,34.51,33.5192 - 34.51,33.5192,2065710,34.14,2,4,us_market,finmb_1796977772,NasdaqGM,Direxion Daily AMZN Bull 2X Shares,33.97,2657703,2217030,[],9.689999,0.39486545,24.54 - 47.14,-12.91,-0.27386507,AMZU,0.0,0.0,,,,,,,,,,,,,
Consumer Discretionary,consumer-cyclical,16,EMBX,VanEck Emerging Markets Bond ETF,https://finance.yahoo.com/research-hub/screener/sec-ind_sec-top-etfs_consumer-cyclical/,2026-09-28T12:36:45+00:00,en-US,US,ETF,ETF,Nasdaq Real Time Price,False,LOW,,,10.97149,-4.30108,PCX,USD,True,1341840600000,-0.06312132,,4.16616,0.67237,0.67237,270675840.0,PRE,,50.9014,-1.0214005,-0.020066254,51.12915,-1.2491493,-0.024431255,15,0,America/New_York,EDT,-14400000,False,False,False,2,,,,,54.61,49.42,5.26,0.76,0.150589,0.0,46.81,VanEck Emerging Markets Bond ET,49.88,0.0750008,0.150589,0.0750008,1790366386,49.88,49.9,49.7599 - 49.9,49.7599,35712,49.805,100,100,us_market,finmb_206483625,NYSEArca,VanEck Emerging Markets Bond ETF,49.9,33973,65440,[],0.4600029,0.009308032,49.42 - 54.61,-4.7299995,-0.08661416,EMBX,0.0,0.0,,,,,,,,,,,,,
Consumer Discretionary,consumer-cyclical,17,FXD,First Trust Consumer Discretionary AlphaDEX Fund,https://finance.yahoo.com/research-hub/screener/sec-ind_sec-top-etfs_consumer-cyclical/,2026-09-28T12:36:45+00:00,en-US,US,ETF,ETF,Delayed Quote,False,LOW,0.62,13.664936,23.29759,22.67214,PCX,USD,True,1178803800000,-5.7047486,12.966358,0.37924,0.90742,0.90742,263533520.0,PRE,5.010181,68.653,-3.6892014,-0.05373693,68.18545,-3.2216492,-0.04724834,15,0,America/New_York,EDT,-14400000,False,False,False,2,,,,,72.5,61.86,0.62,0.6,0.614551,0.0,61.51,First Trust Cons. Discret. Alph,64.9638,0.396797,0.614551,0.396797,1790354130,64.9638,65.19,64.54 - 65.19,64.54,2067,64.567,2400,300,us_market,finmb_34336592,NYSEArca,First Trust Consumer Discretionary AlphaDEX Fund,64.5846,11419,7360,[],3.103798,0.050174553,61.86 - 72.5,-7.5362015,-0.10394761,FXD,0.0,0.0,,,,,,,,,,,,,
Consumer Discretionary,consumer-cyclical,18,RXI,iShares Global Consumer Discretionary ETF,https://finance.yahoo.com/research-hub/screener/sec-ind_sec-top-etfs_consumer-cyclical/,2026-09-28T12:36:45+00:00,en-US,US,ETF,ETF,Delayed Quote,False,LOW,1.43,21.240442,27.21544,15.72575,PCX,USD,True,1158845400000,-9.91199,20.04817,-2.59564,-1.0974,-1.0974,258157024.0,PRE,9.343496,196.188,-8.867996,-0.04520152,198.76465,-11.444641,-0.057578858,15,0,America/New_York,EDT,-14400000,False,False,False,2,,,,,213.77,180.68,1.43,0.37,0.607172,0.0,0.0,iShares Global Consumer Discret,187.32,1.13049,0.607172,1.13049,1790360847,187.32,187.73,186.18 - 187.73,186.18,15446,186.19,500,100,us_market,finmb_29100949,NYSEArca,iShares Global Consumer Discretionary ETF,186.24,20996,56330,[],6.6400146,0.036750138,180.68 - 213.77,-26.449997,-0.1237311,RXI,,,,,,,,,,,,,,,
Consumer Discretionary,consumer-cyclical,19,RTH,VanEck Retail ETF,https://finance.yahoo.com/research-hub/screener/sec-ind_sec-top-etfs_consumer-cyclical/,2026-09-28T12:36:45+00:00,en-US,US,ETF,ETF,Delayed Quote,False,LOW,0.92,25.947068,20.02086,24.97184,NGM,USD,True,990106200000,1.0473967,25.007462,4.91961,0.66551,0.66551,246382080.0,PRE,10.14604,262.2642,-8.537491,-0.032553017,260.1128,-6.386093,-0.024551246,15,0,America/New_York,EDT,-14400000,False,False,False,2,,,,,275.19,242.88,0.92,0.35,0.21593615,273.21,265.79,VanEck Retail ETF,253.7267,0.9500122,0.37523195,0.54670715,1790366400,253.7267,254.13,251.44 - 254.13,251.44,1750,253.18,2,1,us_market,finmb_3203450,NasdaqGM,VanEck Retail ETF,251.44,4636,2390,[],10.846695,0.044658657,242.88 - 275.19,-21.463303,-0.07799449,RTH,0.0,0.0,,,,,,,,,,,,,
Consumer Discretionary,consumer-cyclical,20,ASTX,Tradr 2X Long ASTS Daily ETF,https://finance.yahoo.com/research-hub/screener/sec-ind_sec-top-etfs_consumer-cyclical/,2026-09-28T12:36:45+00:00,en-US,US,ETF,ETF,Nasdaq Real Time Price,False,LOW,0.0,59.988002,,,BTS,USD,True,1752240600000,-60.08308,61.860794,-75.01365,-81.12038,-81.12038,243079776.0,PRE,0.1708675,11.8199,-1.2498999,-0.10574539,36.166725,-25.596725,-0.7077424,15,0,America/New_York,EDT,-14400000,False,False,False,2,-0.13879967,-1.3131473,1790598655.0,10.4312,114.18,8.8,0.0,1.3,2.22437,10.15,10.1,Tradr 2X Long ASTS Daily ETF,10.4312,-0.13879967,-1.3131473,0.23,1790366400,10.57,11.06,10.33 - 11.06,10.33,2790601,10.34,1400,600,us_market,finmb_1948601425,Cboe US,Tradr 2X Long ASTS Daily ETF,10.68,4357987,3471690,[],1.7699995,0.2011363,8.8 - 114.18,-103.61,-0.9074269,ASTX,0.0,0.0,,,,,,,,,,,,,
Consumer Discretionary,consumer-cyclical,21,OILK,ProShares K-1 Free Crude Oil ETF,https://finance.yahoo.com/research-hub/screener/sec-ind_sec-top-etfs_consumer-cyclical/,2026-09-28T12:36:45+00:00,en-US,US,ETF,ETF,Nasdaq Real Time Price,False,LOW,3.09,35.714285714285715,-0.44357,62.27683,BTS,USD,True,1475069400000,40.92816,45.644245,60.8566,3.61672,3.61672,237793424.0,PRE,1.2507601,53.93144,3.1585617,0.058566242,49.84592,7.2440796,0.14532943,15,0,America/New_York,EDT,-14400000,False,False,False,2,0.8600006,1.5050763,1790597893.0,58.0,61.33,36.13,10.39,0.69,-1.29668,0.0,58.0,ProShares K-1 Free Crude Oil ET,58.0,0.8600006,1.5050763,-0.75,1790366401,57.09,57.7301,56.765 - 57.7301,56.765,67723,57.84,1300,500,us_market,finmb_381531459,Cboe US,ProShares K-1 Free Crude Oil ETF,57.22,126153,97380,[],20.96,0.5801273,36.13 - 61.33,-4.2400017,-0.06913422,OILK,0.0,0.0,,,,,,,,,,,,,
Consumer Discretionary,consumer-cyclical,22,INCO,Columbia India Consumer ETF,https://finance.yahoo.com/research-hub/screener/sec-ind_sec-top-etfs_consumer-cyclical/,2026-09-28T12:36:45+00:00,en-US,US,ETF,ETF,Delayed Quote,False,LOW,0.0,40.032026,34.12499,19.69543,PCX,USD,True,1312983000000,-7.7564898,38.4787,-4.3171,6.22548,6.22548,230445696.0,PRE,1.5515077,61.0524,-1.3523979,-0.02215143,60.47485,-0.77484894,-0.012812747,15,0,America/New_York,EDT,-14400000,False,False,False,2,,,,,67.96,53.19,0.0,0.75,0.471226,0.0,0.0,Columbia India Consumer ETF,59.7,0.280003,0.471226,0.280003,1790366399,59.7,59.83,59.5516 - 59.83,59.5516,19404,59.42,300,500,us_market,finmb_139207917,NYSEArca,Columbia India Consumer ETF,59.72,24093,18580,[],6.510002,0.12239147,53.19 - 67.96,-8.259998,-0.12154206,INCO,0.0,0.0,,,,,,,,,,,,,
Consumer Discretionary,consumer-cyclical,23,JIII,Janus Henderson Income ETF,https://finance.yahoo.com/research-hub/screener/sec-ind_sec-top-etfs_consumer-cyclical/,2026-09-28T12:36:45+00:00,en-US,US,ETF,ETF,Delayed Quote,False,LOW,7.12,32.733224,,,PCX,USD,True,1733927400000,-5.2605867,31.959507,1.95204,0.55638,0.55638,199285600.0,PRE,1.5186404,49.32408,-0.7890816,-0.015997898,49.94735,-1.4123497,-0.02827677,15,0,America/New_York,EDT,-14400000,False,False,False,2,,,,,51.64,48.32,7.05,0.54,0.196121,0.0,0.0,Janus Henderson Income ETF,48.535,0.0950012,0.196121,0.0950012,1790366399,48.535,48.535,48.38 - 48.535,48.38,18501,48.44,200,100,us_market,finmb_1898091379,NYSEArca,Janus Henderson Income ETF,48.47,35742,132020,[],0.21500015,0.0044495063,48.32 - 51.64,-3.1049995,-0.0601278,JIII,0.0,0.0,,,,,,,,,,,,,
Consumer Discretionary,consumer-cyclical,24,TSLT,T-Rex 2X Long Tesla Daily Target ETF,https://finance.yahoo.com/research-hub/screener/sec-ind_sec-top-etfs_consumer-cyclical/,2026-09-28T12:36:45+00:00,en-US,US,ETF,ETF,Nasdaq Real Time Price,False,LOW,0.0,59.988002,,,BTS,USD,True,1697722200000,-51.243435,60.031128,-47.92213,-37.34234,-37.34234,177593408.0,PRE,0.2318797,12.6258,1.2942,0.10250439,18.910524,-4.9905243,-0.26390195,15,0,America/New_York,EDT,-14400000,False,False,False,2,-0.13999939,-1.0064658,1790598840.0,13.77,33.03,9.36,0.0,1.05,-2.99652,13.67,0.0,T-REX 2X Long Tesla Daily Targe,13.77,-0.13999939,-1.0064658,-0.43,1790366400,13.92,15.03,13.5845 - 15.03,13.5845,3049498,14.35,6200,7100,us_market,finmb_1837196405,Cboe US,T-Rex 2X Long Tesla Daily Target ETF,14.85,2599168,1988070,[],4.5600004,0.48717955,9.36 - 33.03,-19.109999,-0.57856494,TSLT,0.0,0.0,,,,,2023-10-19,,,,,,,,
Consumer Discretionary,consumer-cyclical,25,IDRV,iShares Self-Driving EV and Tech ETF,https://finance.yahoo.com/research-hub/screener/sec-ind_sec-top-etfs_consumer-cyclical/,2026-09-28T12:36:45+00:00,en-US,US,ETF,ETF,Delayed Quote,False,LOW,1.73,17.717931,,,PCX,USD,True,1555594200000,-7.8415275,16.20021,-2.11177,-17.31639,-17.31639,151765264.0,PRE,2.0820718,36.08722,-2.3572197,-0.06532007,38.973,-5.243,-0.13452904,15,0,America/New_York,EDT,-14400000,False,False,False,2,,,,,45.64,33.475,1.73,0.48,0.596483,0.0,0.0,iShares Self-Driving EV and Tec,33.73,0.200001,0.596483,0.200001,1790366400,33.73,33.8,33.51 - 33.8,33.51,128240,33.53,200,100,us_market,finmb_581308181,NYSEArca,iShares Self-Driving EV and Tech ETF,33.66,142436,656860,[],0.25500107,0.0076176575,33.475 - 45.64,-11.91,-0.2609553,IDRV,,,,,,,,,,,,,,,
Consumer Discretionary,consumer-cyclical,26,CGHY,Capital Group High Yield Bond ETF,https://finance.yahoo.com/research-hub/screener/sec-ind_sec-top-etfs_consumer-cyclical/,2026-09-28T12:36:45+00:00,en-US,US,ETF,ETF,Delayed Quote,False,LOW,5.53,28.901734,,,PCX,USD,True,1750944600000,-3.2574594,28.125849,2.46079,0.3611,0.3611,129540056.0,PRE,0.876418,25.12266,-0.47266006,-0.018814093,25.297155,-0.64715576,-0.025582155,15,0,America/New_York,EDT,-14400000,False,False,False,2,,,,,25.64,24.601,5.48,0.39,-0.170095,25.7,23.59,Capital Group High Yield Bond E,24.65,-0.0419998,-0.170095,-0.0419998,1790366397,24.65,24.685,24.601 - 24.685,24.601,25366,24.692,200,300,us_market,finmb_1934986140,NYSEArca,Capital Group High Yield Bond ETF,24.71,41412,28800,[],0.048999786,0.0019917802,24.601 - 25.64,-0.9899998,-0.038611535,CGHY,0.0,0.0,,,,,,,,,,,,,
Consumer Discretionary,consumer-cyclical,27,IBUY,Amplify Online Retail ETF,https://finance.yahoo.com/research-hub/screener/sec-ind_sec-top-etfs_consumer-cyclical/,2026-09-28T12:36:45+00:00,en-US,US,ETF,ETF,Delayed Quote,False,LOW,0.11,16.854879,37.71784,-22.95381,PCX,USD,True,1461159000000,-13.65481,15.532851,-2.66664,7.62419,7.62419,126863536.0,PRE,4.301039,71.2164,-4.4089966,-0.06190985,69.19636,-2.3889542,-0.034524277,15,0,America/New_York,EDT,-14400000,False,False,False,2,,,,,77.38,58.08,0.11,0.65,0.864049,70.15,62.59,Amplify Online Retail ETF,66.8074,0.572304,0.864049,0.572304,1790343000,66.8074,66.8074,66.8074 - 66.8074,66.8074,940,66.2351,400,200,us_market,finmb_318888751,NYSEArca,Amplify Online Retail ETF,66.34,12207,8220,[],8.727402,0.15026517,58.08 - 77.38,-10.572594,-0.13663213,IBUY,0.0,0.0,7726000.0,,,,,,,,,,,,
Consumer Discretionary,consumer-cyclical,28,SNDQ,Tradr 2X Short SNDK Daily ETF,https://finance.yahoo.com/research-hub/screener/sec-ind_sec-top-etfs_consumer-cyclical/,2026-09-28T12:36:45+00:00,en-US,US,ETF,ETF,Nasdaq Real Time Price,False,LOW,,,,,BTS,USD,True,1776951000000,-96.26093,17.516653,,-74.43266,-74.43266,116252200.0,PRE,0.58572835,21.1572,-10.8972,-0.5150587,50.02833,-39.768333,-0.7949162,15,0,America/New_York,EDT,-14400000,False,False,False,2,0.53999996,5.2631574,1790598987.0,10.8,276.5,8.9,,1.49,-2.65654,0.0,0.0,Tradr 2X Short SNDK Daily ETF,10.8,0.53999996,5.2631574,-0.28,1790366400,10.26,10.66,9.8 - 10.66,9.8,25038261,10.54,9200,11300,us_market,finmb_1991855420,Cboe US,Tradr 2X Short SNDK Daily ETF,10.06,26283690,32193510,[],1.3600006,0.15280907,8.9 - 276.5,-266.24,-0.96289325,SNDQ,0.0,0.0,,,,,,,,,,,,,
Consumer Discretionary,consumer-cyclical,29,CHIQ,Global X MSCI China Consumer Discretionary ETF,https://finance.yahoo.com/research-hub/screener/sec-ind_sec-top-etfs_consumer-cyclical/,2026-09-28T12:36:45+00:00,en-US,US,ETF,ETF,Delayed Quote,False,LOW,1.64,13.025922,-10.91915,-27.22703,PCX,USD,True,1259677800000,-33.514416,12.091156,-18.33239,-3.56559,-3.56559,114445432.0,PRE,1.3158377,17.3852,-1.4752007,-0.08485382,19.20475,-3.2947502,-0.17155913,15,0,America/New_York,EDT,-14400000,False,False,False,2,,,,,24.67,15.48,1.64,0.65,-0.686646,17.5,15.5,Global X MSCI China Consumer Di,15.91,-0.110001,-0.686646,-0.110001,1790366400,15.91,16.075,15.91 - 16.075,15.91,18397,16.02,300,500,us_market,finmb_82308320,NYSEArca,Global X MSCI China Consumer Discretionary ETF,16.03,28761,17080,[],0.4300003,0.027777798,15.48 - 24.67,-8.76,-0.35508716,CHIQ,0.0,0.0,,,,,,,,,,,,,
Consumer Discretionary,consumer-cyclical,30,TSLQ,Tradr 2X Short TSLA Daily ETF,https://finance.yahoo.com/research-hub/screener/sec-ind_sec-top-etfs_consumer-cyclical/,2026-09-28T12:36:45+00:00,en-US,US,ETF,ETF,Nasdaq Real Time Price,False,LOW,10.3,59.988002,,,NGM,USD,True,1657805400000,-27.029251,56.93395,2.53165,12.02646,12.02646,86583232.0,PRE,0.3110622,21.4932,-3.7832012,-0.17601852,20.53255,-2.8225517,-0.13746718,15,0,America/New_York,EDT,-14400000,False,False,False,2,0.16020012,0.9045744,1790598863.0,17.8702,29.76,14.775,10.3,1.15,3.1450145,25.3,25.2,Tradr 2X Short TSLA Daily ETF,17.8702,0.16020012,0.9045744,0.539999,1790366400,17.71,18.1,16.37 - 18.1,16.37,6240578,17.17,1,1,us_market,finmb_1779966503,NasdaqGM,Tradr 2X Short TSLA Daily ETF,16.56,6131507,5765570,[],2.9349995,0.19864634,14.775 - 29.76,-12.050001,-0.40490595,TSLQ,0.0,0.0,,,,,,,,,,,,,
Consumer Discretionary,consumer-cyclical,31,WRTH,Worth Charting Options Income ETF,https://finance.yahoo.com/research-hub/screener/sec-ind_sec-top-etfs_consumer-cyclical/,2026-09-28T12:36:45+00:00,en-US,US,ETF,ETF,Nasdaq Real Time Price,False,LOW,,,,,NGM,USD,True,1777383000000,3.793931,46.870987,,4.03779,4.03779,66160244.0,PRE,0.5543941,25.7756,0.20940018,0.008123969,25.50419,0.48081017,0.018852202,15,0,America/New_York,EDT,-14400000,False,False,False,2,,,,,26.76,24.89,,1.02,0.2121107,27.58,23.41,Worth Charting Options Income E,25.985,0.059900284,0.23100765,0.055000305,1790366400,25.985,26.0,25.91 - 26.0,25.91,38532,25.93,2,2,us_market,finmb_1984838498,NasdaqGM,Worth Charting Options Income ETF,25.91,51519,43860,[],1.0950012,0.043993622,24.89 - 26.76,-0.7749996,-0.028961122,WRTH,,,,,,,2026-04-28,,,,,,,,
Consumer Discretionary,consumer-cyclical,32,TRUD,VanEck Consumer Disc TruSector ETF,https://finance.yahoo.com/research-hub/screener/sec-ind_sec-top-etfs_consumer-cyclical/,2026-09-28T12:36:45+00:00,en-US,US,ETF,ETF,Delayed Quote,False,LOW,0.34,25.947068,,,NGM,USD,True,1755783000000,-4.777193,24.633453,-0.11613,-4.01325,-4.01325,61776940.0,PRE,1.0114822,25.65306,-0.7367611,-0.028720202,25.758625,-0.8423252,-0.032700706,15,0,America/New_York,EDT,-14400000,False,False,False,2,,,,,27.5,22.88,0.34,0.16,-0.054955814,26.66,26.52,VanEck Consumer Discretionary T,24.9163,0.010000229,0.040113233,-0.013700485,1790366400,24.9163,24.99,24.77 - 24.99,24.77,32955,24.93,1,1,us_market,finmb_1956248020,NasdaqGM,VanEck Consumer Disc TruSector ETF,24.78,61080,42920,[],2.0363007,0.08899916,22.88 - 27.5,-2.5837002,-0.09395273,TRUD,0.0,0.0,,,,,2025-08-21,,,,,,,,
Consumer Discretionary,consumer-cyclical,33,ONLN,ProShares Online Retail ETF,https://finance.yahoo.com/research-hub/screener/sec-ind_sec-top-etfs_consumer-cyclical/,2026-09-28T12:36:45+00:00,en-US,US,ETF,ETF,Delayed Quote,False,LOW,0.29,22.401434,27.30754,-25.13316,PCX,USD,True,1539869400000,-11.509741,21.053486,-1.85721,1.01146,1.01146,60932456.0,PRE,2.58912,57.8312,-3.3212013,-0.05742923,57.36495,-2.85495,-0.049768195,15,0,America/New_York,EDT,-14400000,False,False,False,2,,,,,63.94,50.87,0.29,0.58,0.0,57.97,54.0,ProShares Online Retail ETF,54.51,0.0,0.0,0.0,1790366381,54.51,54.51,54.3549 - 54.51,54.3549,1135,54.51,500,400,us_market,finmb_570177538,NYSEArca,ProShares Online Retail ETF,54.36,5606,3670,[],3.6399994,0.07155494,50.87 - 63.94,-9.43,-0.14748202,ONLN,0.0,0.0,,,,,,,,,,,,,
Consumer Discretionary,consumer-cyclical,34,GXPD,Global X Purecap MSCI Consumer Discretionary ETF,https://finance.yahoo.com/research-hub/screener/sec-ind_sec-top-etfs_consumer-cyclical/,2026-09-28T12:36:45+00:00,en-US,US,ETF,ETF,Delayed Quote,False,LOW,0.34,25.113009,,,PCX,USD,True,1753277400000,-5.7652593,23.923143,-0.60353,-3.79815,-3.79815,55223928.0,PRE,1.0487752,25.88604,-0.7960396,-0.030751694,26.01454,-0.92453957,-0.03553934,15,0,America/New_York,EDT,-14400000,False,False,False,2,,,,,27.87,22.84,0.34,0.15,0.0398733,0.0,0.0,Global X PureCap MSCI Consumer ,25.09,0.0100002,0.0398733,0.0100002,1790366400,25.09,25.185,24.9601 - 25.185,24.9601,16396,25.08,700,600,us_market,finmb_1942486173,NYSEArca,Global X Purecap MSCI Consumer Discretionary ETF,25.0,44774,14170,[],2.25,0.09851138,22.84 - 27.87,-2.7800007,-0.09974886,GXPD,0.0,0.0,,,,,,,,,,,,,
Consumer Discretionary,consumer-cyclical,35,BETZ,Roundhill Sports Betting & iGaming ETF,https://finance.yahoo.com/research-hub/screener/sec-ind_sec-top-etfs_consumer-cyclical/,2026-09-28T12:36:45+00:00,en-US,US,ETF,ETF,Nasdaq Real Time Price,False,LOW,4.95,19.968051,,,PCX,USD,True,1591277400000,-29.777777,17.938278,-8.15792,3.39301,3.39301,50436696.0,PRE,0.9688778,19.1116,-1.7316017,-0.090604745,19.13597,-1.75597,-0.091762796,15,0,America/New_York,EDT,-14400000,False,False,False,2,,,,,24.767,17.05,4.95,0.75,-0.314892,27.8,0.0,Roundhill Sports Betting & iGam,17.38,-0.0549011,-0.314892,-0.0549011,1790366385,17.38,17.42,17.27 - 17.42,17.27,6305,17.4349,100,100,us_market,finmb_664268794,NYSEArca,Roundhill Sports Betting & iGaming ETF,17.38,10842,5540,[],0.32999992,0.019354835,17.05 - 24.767,-7.387001,-0.29825982,BETZ,0.0,0.0,,,,,,,,,,,,,
Consumer Discretionary,consumer-cyclical,36,AWAY,Amplify Travel Tech ETF,https://finance.yahoo.com/research-hub/screener/sec-ind_sec-top-etfs_consumer-cyclical/,2026-09-28T12:36:45+00:00,en-US,US,ETF,ETF,Delayed Quote,False,LOW,0.0,13.090719,,,PCX,USD,True,1581604200000,-24.897503,11.184608,-5.34392,13.28347,13.28347,37551560.0,PRE,1.5068386,18.9366,-2.0832005,-0.110009216,18.303185,-1.4497852,-0.079209454,15,0,America/New_York,EDT,-14400000,False,False,False,2,,,,,22.49,15.5,0.0,0.75,0.34055,0.0,16.0,Amplify Travel Tech ETF,16.8534,0.0571995,0.34055,0.0571995,1790355972,16.8534,16.9,16.6901 - 16.9,16.6901,10277,16.7962,800,100,us_market,finmb_642145804,NYSEArca,Amplify Travel Tech ETF,16.73,38028,7740,[],1.3533993,0.08731608,15.5 - 22.49,-5.6366005,-0.25062698,AWAY,0.0,0.0,,,,,,,,,,,,,
Consumer Discretionary,consumer-cyclical,37,MAXI,Simplify Bitcoin Strategy ETF,https://finance.yahoo.com/research-hub/screener/sec-ind_sec-top-etfs_consumer-cyclical/,2026-09-28T12:36:45+00:00,en-US,US,ETF,ETF,Delayed Quote,False,LOW,69.91,27.870680044593087,,,NGM,USD,True,1664544600000,-44.504227,44.479465,0.89997,34.57255,34.57255,35960276.0,PRE,0.34552798,11.68324,3.6856604,0.3154656,11.45868,3.9102201,0.34124523,15,0,America/New_York,EDT,-14400000,False,False,False,2,-9.918213e-05,-0.00064613344,1790598426.0,15.35,32.28,8.22,27.59,1.31,-1.713263,11.52,6.42,Simplify Bitcoin Strategy ETF,15.35,-0.28670025,-1.833497,-0.2678995,1790366400,15.3689,15.58,15.0 - 15.58,15.0,56423,15.6368,2,2,us_market,finmb_1800965302,NasdaqGM,Simplify Bitcoin Strategy ETF,15.58,23558,34930,[],7.1489,0.86969584,8.22 - 32.28,-16.911098,-0.5238878,MAXI,0.0,0.0,,,,,2022-09-30,,,,,,,,
Consumer Discretionary,consumer-cyclical,38,NITE,The Nightview ETF,https://finance.yahoo.com/research-hub/screener/sec-ind_sec-top-etfs_consumer-cyclical/,2026-09-28T12:36:45+00:00,en-US,US,ETF,ETF,Delayed Quote,False,LOW,0.0,27.196084,,,PCX,USD,True,1719235800000,8.217955,26.593805,11.3481,2.85426,2.85426,33134070.0,PRE,1.4548124,38.6586,0.030399323,0.0007863534,37.07727,1.6117287,0.04346945,15,0,America/New_York,EDT,-14400000,False,False,False,2,,,,,41.004,32.523,0.0,1.25,-0.589693,60.37,0.0,The Nightview Fund NITE,38.689,-0.2295,-0.589693,-0.2295,1790365594,38.689,38.715,38.689 - 38.715,38.689,286,38.9185,100,3300,us_market,finmb_1858671235,NYSEArca,The Nightview ETF,38.85,2325,1330,[],6.1660004,0.18958892,32.523 - 41.004,-2.3150024,-0.056457963,NITE,0.0,0.0,,,,,,,,,,,,,
Consumer Discretionary,consumer-cyclical,39,EBIZ,Global X E-commerce ETF,https://finance.yahoo.com/research-hub/screener/sec-ind_sec-top-etfs_consumer-cyclical/,2026-09-28T12:36:45+00:00,en-US,US,ETF,ETF,Delayed Quote,False,LOW,0.51,17.409471,30.50431,-13.01754,NGM,USD,True,1543588200000,-21.14777,16.296825,-8.01448,6.99888,6.99888,28076040.0,PRE,1.7157329,29.67378,-1.71278,-0.057720315,29.372265,-1.4112644,-0.048047516,15,0,America/New_York,EDT,-14400000,False,False,False,2,,,,,35.735,25.85,0.51,0.5,-0.0325346,31.57,31.0,Global X E-commerce ETF,27.961,-0.010101318,-0.0361147,-0.00909996,1790366400,27.961,28.06,27.8237 - 28.06,27.8237,1279,27.9701,2,2,us_market,finmb_588002562,NasdaqGM,Global X E-commerce ETF,27.83,3217,1870,[],2.111,0.081663445,25.85 - 35.735,-7.774,-0.21754582,EBIZ,,,,,,,,,,,,,,,
Consumer Discretionary,consumer-cyclical,40,RETL,Direxion Daily Retail Bull 3X Shares,https://finance.yahoo.com/research-hub/screener/sec-ind_sec-top-etfs_consumer-cyclical/,2026-09-28T12:36:45+00:00,en-US,US,ETF,ETF,Delayed Quote,False,LOW,0.61,16.212711,34.1903,101.7556,PCX,USD,True,1279114200000,-30.194176,14.049584,-9.3981,2.97797,2.97797,25064900.0,PRE,0.5117589,8.7036,-1.5135999,-0.17390504,8.8355,-1.6454997,-0.1862373,15,0,America/New_York,EDT,-14400000,False,False,False,2,-0.05000019,-0.69541293,1790597204.0,7.14,11.29,6.49,0.61,0.96,1.12517,7.34,0.0,Direxion Daily Retail Bull 3X E,7.14,-0.03999996,-0.5578795,0.0799999,1790366400,7.19,7.271,6.96 - 7.271,6.96,284635,7.11,5800,15000,us_market,finmb_109401310,NYSEArca,Direxion Daily Retail Bull 3X Shares,7.09,343384,313430,[],0.7000003,0.10785829,6.49 - 11.29,-4.1,-0.36315322,RETL,0.0,0.0,,,,,,,,,,,,,
Consumer Discretionary,consumer-cyclical,41,PSCD,Invesco S&P SmallCap Consumer Discretionary ETF,https://finance.yahoo.com/research-hub/screener/sec-ind_sec-top-etfs_consumer-cyclical/,2026-09-28T12:36:45+00:00,en-US,US,ETF,ETF,Delayed Quote,False,LOW,1.0,17.265193,33.11224,37.50905,NGM,USD,True,1270647000000,-3.6093056,16.044865,11.764,7.69819,7.69819,24441204.0,PRE,6.741309,116.4762,-8.312798,-0.07136907,111.50285,-3.3394547,-0.0299495,15,0,America/New_York,EDT,-14400000,False,False,False,2,,,,,122.57,95.84,1.0,0.29,0.7858732,157.87,88.02,Invesco S&P SmallCap Consumer D,108.1634,0.94599915,0.8814752,0.84339905,1790366400,108.1634,108.266,108.1634 - 108.266,108.1634,275,107.32,2,2,us_market,finmb_100588799,NasdaqGM,Invesco S&P SmallCap Consumer Discretionary ETF,108.266,560,360,[],12.323402,0.12858309,95.84 - 122.57,-14.406601,-0.117537744,PSCD,0.0,0.0,,,,,,1498780800.0,,,,,,,
Consumer Discretionary,consumer-cyclical,42,PEZ,Invesco Dorsey Wright Consumer Cyclicals Momentum ETF,https://finance.yahoo.com/research-hub/screener/sec-ind_sec-top-etfs_consumer-cyclical/,2026-09-28T12:36:45+00:00,en-US,US,ETF,ETF,Delayed Quote,False,LOW,0.26,24.888004,29.5537,19.97578,NGM,USD,True,1160659800000,-7.763636,24.137259,-7.03979,-3.06024,-3.06024,22173216.0,PRE,3.873754,98.5478,-5.0459976,-0.051203556,101.09925,-7.5974503,-0.07514843,15,0,America/New_York,EDT,-14400000,False,False,False,2,,,,,110.43,90.81,0.26,0.6,1.7319081,105.97,105.57,Invesco Dorsey Wright Consumer ,93.5018,0.0,0.0,1.5917969,1790366400,93.5018,93.5018,93.5018 - 93.5018,93.5018,234,91.91,3,3,us_market,finmb_29596408,NasdaqGM,Invesco Dorsey Wright Consumer Cyclicals Momentum ETF,93.5018,793,650,[],2.691803,0.029642144,90.81 - 110.43,-16.9282,-0.15329349,PEZ,0.0,0.0,,,,,,1522281600.0,,,,,,,
Consumer Discretionary,consumer-cyclical,43,WANT,Direxion Daily Cnsmr Discret Bull 3XShrs,https://finance.yahoo.com/research-hub/screener/sec-ind_sec-top-etfs_consumer-cyclical/,2026-09-28T12:36:45+00:00,en-US,US,ETF,ETF,Delayed Quote,False,LOW,0.55,25.4842,114.37,84.81186,PCX,USD,True,1543501800000,-36.66975,21.454111,-18.6537,-15.05709,-15.05709,20304518.0,PRE,1.5954983,39.115,-4.885002,-0.1248882,43.9127,-9.682701,-0.22049887,15,0,America/New_York,EDT,-14400000,False,False,False,2,,,,,57.269,32.741,0.55,1.0,0.410676,34.63,33.04,Direxion Daily Consumer Discret,34.23,0.13999939,0.41067582,0.139999,1790366400,34.23,34.5,33.4734 - 34.5,33.4734,18901,34.09,500,300,us_market,finmb_206817203,NYSEArca,Direxion Daily Cnsmr Discret Bull 3XShrs,34.45,25263,19810,[],1.4889984,0.045478098,32.741 - 57.269,-23.039001,-0.40229446,WANT,,,,,,,,,,,,,,,
Consumer Discretionary,consumer-cyclical,44,WULX,Tradr 2X Long WULF Daily ETF,https://finance.yahoo.com/research-hub/screener/sec-ind_sec-top-etfs_consumer-cyclical/,2026-09-28T12:36:45+00:00,en-US,US,ETF,ETF,Delayed Quote,False,LOW,,,,,BTS,USD,True,1761226200000,-44.848274,60.880836,-13.15275,-73.16174,-73.16174,19640328.0,PRE,0.2355421,18.2733,-3.9333,-0.21524848,28.92185,-14.58185,-0.5041811,15,0,America/New_York,EDT,-14400000,False,False,False,2,-0.3800001,-2.649931,1790597928.0,13.96,68.49,12.345,,1.3,-7.18267,0.0,0.0,Tradr 2X Long WULF Daily ETF,13.96,-0.3216009,-2.2394671,-1.1097,1790366401,14.34,15.45,13.71 - 15.45,13.71,544893,15.4497,600,1300,us_market,finmb_1960496712,Cboe US,Tradr 2X Long WULF Daily ETF,15.705,328428,349720,[],1.9949999,0.16160387,12.345 - 68.49,-54.149998,-0.79062635,WULX,0.0,0.0,,,,,,,,,,,,,
Consumer Discretionary,consumer-cyclical,45,GENZ,VanEck Digital Native Economy ETF,https://finance.yahoo.com/research-hub/screener/sec-ind_sec-top-etfs_consumer-cyclical/,2026-09-28T12:36:45+00:00,en-US,US,ETF,ETF,Delayed Quote,False,LOW,3.43,26.455026,12.02239,-4.18998,NGM,USD,True,1201185000000,-19.552952,24.29249,-2.60059,9.82019,9.82019,17862916.0,PRE,1.525986,38.6112,-1.5411987,-0.03991585,37.5569,-0.48690033,-0.012964337,15,0,America/New_York,EDT,-14400000,False,False,False,2,,,,,46.29,33.43,3.43,0.51,-0.25562012,48.94,27.12,VanEck Digital Native Economy E,37.07,0.0,0.0,-0.09500122,1790366400,37.07,37.07,37.07 - 37.07,37.07,48,37.165,2,2,us_market,finmb_40333108,NasdaqGM,VanEck Digital Native Economy ETF,37.07,1563,1390,[],3.6399994,0.108884215,33.43 - 46.29,-9.220001,-0.19917911,GENZ,0.0,0.0,,,,,,,VanEck Vectors ETF Trust - VanEck Vectors Gaming ETF,2026-09-25,,,,,
Consumer Discretionary,consumer-cyclical,46,TESL,Simplify Volt TSLA Revolution ETF,https://finance.yahoo.com/research-hub/screener/sec-ind_sec-top-etfs_consumer-cyclical/,2026-09-28T12:36:45+00:00,en-US,US,ETF,ETF,Delayed Quote,False,LOW,28.92,59.988002,,,PCX,USD,True,1609252200000,-52.028393,60.21333,-17.77615,-22.41346,-22.41346,15903608.0,PRE,0.23565546,13.43086,0.7587404,0.05649232,15.527715,-1.3381147,-0.086175896,15,0,America/New_York,EDT,-14400000,False,False,False,2,,,,,32.84,11.526,28.92,0.97,-1.65712,14.56,13.31,Simplify Volt TSLA Revolution E,14.1896,-0.47870064,-3.3176973,-0.2391,1790364114,14.1896,14.245,14.175 - 14.245,14.175,1213,14.4287,500,500,us_market,finmb_693478427,NYSEArca,Simplify Volt TSLA Revolution ETF,14.245,6026,4490,[],2.6636,0.23109491,11.526 - 32.84,-18.6504,-0.56791717,TESL,0.0,0.0,,,,,,,,,,,,,
Consumer Discretionary,consumer-cyclical,47,KPDD,KraneShares 2x Long PDD Daily ETF,https://finance.yahoo.com/research-hub/screener/sec-ind_sec-top-etfs_consumer-cyclical/,2026-09-28T12:36:45+00:00,en-US,US,ETF,ETF,Nasdaq Real Time Price,False,LOW,124.28,9.082652,,,NGM,USD,True,1741786200000,-82.643036,7.6481028,-53.35658,-6.63176,-6.63176,14440950.0,PRE,0.589035,5.46876,-0.9637599,-0.17623006,8.025455,-3.5204554,-0.43866113,15,0,America/New_York,EDT,-14400000,False,False,False,4,0.02859974,0.63414055,1790595378.0,4.5386,29.15,4.1,124.28,1.26,-1.6375505,6.49,4.64,KraneShares 2x Long PDD Daily E,4.5386,-0.069999695,-1.5283777,-0.07499981,1790366400,4.505,4.55,4.49 - 4.55,4.49,76500,4.58,2,2,us_market,finmb_1903081640,NasdaqGM,KraneShares 2x Long PDD Daily ETF,4.55,131663,100250,[],0.4050002,0.09878054,4.1 - 29.15,-24.645,-0.8454546,KPDD,0.0,0.0,,,,,2025-03-12,,,,,,,,
Consumer Discretionary,consumer-cyclical,48,TSL,GraniteShares 1.25x Long Tsla Daily ETF,https://finance.yahoo.com/research-hub/screener/sec-ind_sec-top-etfs_consumer-cyclical/,2026-09-28T12:36:45+00:00,en-US,US,ETF,ETF,Delayed Quote,False,LOW,85.51,45.45454545454546,,,NGM,USD,True,1660051800000,-24.77516,,-25.61497,-20.83096,-20.83096,11409281.0,PRE,,13.02166,1.0300398,0.07910203,15.65332,-1.6016207,-0.10231827,15,0,America/New_York,EDT,-14400000,False,False,False,2,-0.071499825,-0.50925803,1790598230.0,13.9685,21.31,10.73,0.0,1.15,-2.0104637,11.84,11.79,GraniteShares 1.25x Long TSLA D,13.9685,-0.3000002,-2.0920515,-0.2883005,1790366400,14.0517,14.74,13.84 - 14.74,13.84,649770,14.34,24,24,us_market,finmb_1780713209,NasdaqGM,GraniteShares 1.25x Long Tsla Daily ETF,14.68,546534,484200,[],3.3217,0.30957133,10.73 - 21.31,-7.2583,-0.34060535,TSL,0.0,0.0,,,,,,,,,,,,,
Consumer Discretionary,consumer-cyclical,49,UCC,ProShares Ultra Consumer Discretionary,https://finance.yahoo.com/research-hub/screener/sec-ind_sec-top-etfs_consumer-cyclical/,2026-09-28T12:36:45+00:00,en-US,US,ETF,ETF,Delayed Quote,False,LOW,1.28,25.4842,61.36371,20.86549,PCX,USD,True,1170426600000,-23.242945,22.743746,-10.03983,-9.11617,-9.11617,9091615.0,PRE,1.8295139,45.3746,-3.7645988,-0.082967095,48.29435,-6.684349,-0.13840851,15,0,America/New_York,EDT,-14400000,False,False,False,2,,,,,56.96,39.96,1.28,0.95,0.228108,42.26,40.39,ProShares Ultra Consumer Discre,41.61,0.0946999,0.228108,0.0946999,1790366370,41.61,41.82,41.37 - 41.82,41.37,2091,41.5153,200,100,us_market,finmb_32431365,NYSEArca,ProShares Ultra Consumer Discretionary,41.37,2866,1760,[],1.6500015,0.04129133,39.96 - 56.96,-15.349998,-0.26948735,UCC,,,,,,,,,,,,,,,
Consumer Discretionary,consumer-cyclical,50,KMLI,KraneShares 2x Long MELI Daily ETF,https://finance.yahoo.com/research-hub/screener/sec-ind_sec-top-etfs_consumer-cyclical/,2026-09-28T12:36:45+00:00,en-US,US,ETF,ETF,Delayed Quote,False,LOW,14.0,52.631579,,,NGM,USD,True,1749735000000,-67.53111,42.512306,-24.90949,21.85664,21.85664,8817613.0,PRE,0.19703,9.7938,-1.4176006,-0.1447447,10.64395,-2.2677507,-0.21305536,15,0,America/New_York,EDT,-14400000,False,False,False,2,-0.22000027,-2.6221724,1790595801.0,8.17,26.67,6.74,14.0,1.26,-0.2833321,10.67,10.52,KraneShares 2x Long MELI Daily ,8.17,-0.009999275,-0.119039,-0.023799896,1790366400,8.3762,8.43,8.091 - 8.43,8.091,109944,8.4,1,4,us_market,finmb_1933886273,NasdaqGM,KraneShares 2x Long MELI Daily ETF,8.24,59417,60740,[],1.6362,0.24275964,6.74 - 26.67,-18.2938,-0.68593174,KMLI,0.0,0.0,,,,,2025-06-12,,,,,,,,
Consumer Discretionary,consumer-cyclical,51,BABU,Direxion Daily BABA Bull 2X ETF,https://finance.yahoo.com/research-hub/screener/sec-ind_sec-top-etfs_consumer-cyclical/,2026-09-28T12:36:45+00:00,en-US,US,ETF,ETF,Nasdaq Real Time Price,False,LOW,,,,,NGM,USD,True,1770906600000,-59.88526,23.41812,,-20.74635,-20.74635,6510917.0,PRE,0.38816097,10.8514,-1.7614002,-0.16232008,13.03891,-3.9489098,-0.30285582,15,0,America/New_York,EDT,-14400000,False,False,False,2,0.03999996,0.44004357,1790598173.0,9.13,24.48,6.87,,0.97,-1.8358539,17.08,9.69,Direxion Daily BABA Bull 2X ETF,9.13,-0.17000008,-1.8358539,-0.17000008,1790366401,9.09,9.34,9.08 - 9.34,9.08,75606,9.26,2,2,us_market,finmb_1951011156,NasdaqGM,Direxion Daily BABA Bull 2X ETF,9.34,186053,115160,[],2.2200003,0.32314414,6.87 - 24.48,-15.389999,-0.6286765,BABU,0.0,0.0,,,,,2026-02-11,,,,,,,,
Consumer Discretionary,consumer-cyclical,52,CLIX,ProShares Long Online/Short Stores ETF,https://finance.yahoo.com/research-hub/screener/sec-ind_sec-top-etfs_consumer-cyclical/,2026-09-28T12:36:45+00:00,en-US,US,ETF,ETF,Delayed Quote,False,LOW,0.53,22.406453,28.85408,-39.92156,PCX,USD,True,1510842600000,-7.490313,21.254002,-1.32337,2.20383,2.20383,6235476.0,PRE,2.650348,58.70736,-2.3768578,-0.040486537,57.631615,-1.3011131,-0.022576379,15,0,America/New_York,EDT,-14400000,False,False,False,2,,,,,62.855,50.29,0.53,0.65,-0.152968,59.72,53.28,ProShares Long Online/Short Sto,56.3305,-0.0862999,-0.152968,-0.0862999,1790354883,56.3305,56.575,56.3305 - 56.575,56.3305,795,56.4168,100,200,us_market,finmb_541340764,NYSEArca,ProShares Long Online/Short Stores ETF,56.575,755,870,[],6.0405006,0.12011335,50.29 - 62.855,-6.524498,-0.10380237,CLIX,0.0,0.0,,,,,,,,,,,,,
Consumer Discretionary,consumer-cyclical,53,FLYD,MicroSectors Travel -3X Inverse Leveraged ETNs,https://finance.yahoo.com/research-hub/screener/sec-ind_sec-top-etfs_consumer-cyclical/,2026-09-28T12:36:45+00:00,en-US,US,ETF,ETF,Delayed Quote,False,LOW,0.0,15.487068,,,PCX,USD,True,1655904600000,-21.319944,18.477905,-25.89389,-12.65604,-12.65604,4597073.0,PRE,2.9678853,46.08438,8.75592,0.18999757,58.581825,-3.7415237,-0.06386834,15,0,America/New_York,EDT,-14400000,False,False,False,2,,,,,93.01,37.04,0.0,0.95,-5.43765,59.28,52.94,MicroSectors Travel -3x Inverse,54.8403,-3.1535,-5.43765,-3.1535,1790365023,54.8403,55.085,54.8403 - 55.085,54.8403,3337,57.9938,700,600,us_market,finmb_718940241,NYSEArca,MicroSectors Travel -3X Inverse Leveraged ETNs,55.18,1692,1210,[],17.8003,0.48056966,37.04 - 93.01,-38.1697,-0.41038275,FLYD,0.0,0.0,,,,,,,,,1756125000.0,1756470600.0,1748433600.0,1748433600.0,False
Consumer Discretionary,consumer-cyclical,54,CARU,Max Auto Industry 3X Leveraged ETN,https://finance.yahoo.com/research-hub/screener/sec-ind_sec-top-etfs_consumer-cyclical/,2026-09-28T12:36:45+00:00,en-US,US,ETF,ETF,Delayed Quote,False,LOW,0.0,25.568908,,,PCX,USD,True,1720791000000,-48.029434,21.624323,-25.32637,-10.56998,-10.56998,3714636.0,PRE,0.8915516,22.55816,-3.2789612,-0.14535588,25.346306,-6.0671062,-0.23936847,15,0,America/New_York,EDT,-14400000,False,False,False,2,,,,,37.63,18.489,0.0,0.95,2.02416,0.0,0.0,MAX Auto Industry 3x Leveraged ,19.2792,0.3825,2.02416,0.3825,1790343000,19.2792,19.2792,19.2792 - 19.2792,19.2792,127,18.8967,100,800,us_market,finmb_1846683876,NYSEArca,Max Auto Industry 3X Leveraged ETN,19.21,1000,470,[],0.7901993,0.042738885,18.489 - 37.63,-18.350801,-0.48766413,CARU,0.0,0.0,,,,,,,,,1756125000.0,1756470600.0,1748433600.0,1748433600.0,False
Consumer Discretionary,consumer-cyclical,55,KBAB,KraneShares 2x Long BABA Daily ETF,https://finance.yahoo.com/research-hub/screener/sec-ind_sec-top-etfs_consumer-cyclical/,2026-09-28T12:36:45+00:00,en-US,US,ETF,ETF,Nasdaq Real Time Price,False,LOW,118.17,25.839793,,,NGM,USD,True,1741786200000,-81.67175,23.58891,-49.26316,-20.54945,-20.54945,2892199.0,PRE,0.27980098,7.84142,-1.24122,-0.1582902,11.35779,-4.75759,-0.4188834,15,0,America/New_York,EDT,-14400000,False,False,False,2,-0.119999886,-1.8181801,1790582465.0,6.48,41.115,4.952,118.17,0.99,-1.9286752,9.79,9.69,KraneShares 2x Long BABA Daily ,6.48,-0.13000011,-1.9316509,-0.12979984,1790366400,6.6002,6.66,6.6 - 6.66,6.6,11409,6.73,1,2,us_market,finmb_1902606596,NasdaqGM,KraneShares 2x Long BABA Daily ETF,6.65,20811,27470,[],1.6482,0.33283523,4.952 - 41.115,-34.5148,-0.8394698,KBAB,0.0,0.0,,,,,2025-03-12,,,,,,,,
Consumer Discretionary,consumer-cyclical,56,TSIB,Direxion TSLA Defined Income Boost ETF,https://finance.yahoo.com/research-hub/screener/sec-ind_sec-top-etfs_consumer-cyclical/,2026-09-28T12:36:45+00:00,en-US,US,ETF,ETF,Nasdaq Real Time Price,False,LOW,,,,,BTS,USD,True,1785331800000,21.561337,59.523853,,,,2372837.0,PRE,0.4944337,28.086428,1.3441715,0.047858402,28.086428,1.3441715,0.047858402,15,0,America/New_York,EDT,-14400000,False,False,False,2,,,,,30.3,24.21,,0.97,-1.63504,45.92,0.0,Direxion TSLA Defined Income Bo,29.4306,-0.489201,-1.63504,-0.489201,1790171207,29.4306,29.4306,29.4306 - 29.4306,29.4306,16,29.9198,100,100,us_market,finmb_1997619191,Cboe US,Direxion TSLA Defined Income Boost ETF,30.3,421,440,[],5.2206,0.21563818,24.21 - 30.3,-0.8694,-0.02869307,TSIB,0.0,0.0,,,,,,,,,,,,,
Consumer Discretionary,consumer-cyclical,57,XLYI,State Street Consumer Discretionary Select Sector SPDR Premium Income ETF,https://finance.yahoo.com/research-hub/screener/sec-ind_sec-top-etfs_consumer-cyclical/,2026-09-28T12:36:45+00:00,en-US,US,EQUITY,Equity,Delayed Quote,False,LOW,,,,,PCX,USD,True,1753882200000,-16.08889,24.001188,,,,,PRE,0.90460104,22.4466,-0.7350998,-0.032748826,23.33442,-1.6229191,-0.06955044,15,0,America/New_York,EDT,-14400000,False,False,False,2,,,,,25.92,21.38,,,0.135595,34.52,21.51,State Street Consumer Discretio,21.7115,0.0293999,0.135595,0.0293999,1790364855,21.7115,21.76,21.605 - 21.76,21.605,2545,21.6821,1100,3800,us_market,finmb_1945139448,NYSEArca,State Street Consumer Discretionary Select Sector SPDR Premium Income ETF,21.64,26642,37480,[],0.331501,0.015505193,21.38 - 25.92,-4.2085,-0.16236496,XLYI,0.0,0.0,,,,,,,The Select Sector SPDR Trust - The Consumer Discretionary Select Sector SPDR Premium Income Fund,2026-09-28,,,,,
Consumer Discretionary,consumer-cyclical,58,CPNX,Tradr 2X Long CPNG Daily ETF,https://finance.yahoo.com/research-hub/screener/sec-ind_sec-top-etfs_consumer-cyclical/,2026-09-28T12:36:45+00:00,en-US,US,ETF,ETF,Delayed Quote,False,LOW,,,,,BTS,USD,True,1777037400000,-61.15602,37.546886,,-14.92829,-14.92829,1500518.0,PRE,0.25604787,12.551,-2.9371996,-0.23402117,14.929159,-5.315359,-0.35603875,15,0,America/New_York,EDT,-14400000,False,False,False,2,,,,,25.43,9.61,,1.49,-0.72388,9.72,9.5,Tradr 2X Long CPNG Daily ETF,9.6138,-0.0700998,-0.72388,-0.0700998,1790360796,9.6138,9.9635,9.6138 - 9.9635,9.6138,11655,9.6839,500,400,us_market,finmb_1991854376,Cboe US,Tradr 2X Long CPNG Daily ETF,9.9635,6479,3350,[],0.0038003922,0.00039546227,9.61 - 25.43,-15.8162,-0.62195045,CPNX,0.0,0.0,,,,,,,,,,,,,
Consumer Discretionary,consumer-cyclical,59,BABW,Roundhill BABA WeeklyPay ETF,https://finance.yahoo.com/research-hub/screener/sec-ind_sec-top-etfs_consumer-cyclical/,2026-09-28T12:36:45+00:00,en-US,US,ETF,ETF,Delayed Quote,False,LOW,,,,,BTS,USD,True,1761226200000,-62.14832,24.064606,-28.28136,-10.33217,-10.33217,1488551.0,PRE,0.8229555,22.49926,-2.69516,-0.119788826,30.127134,-10.323034,-0.34264907,15,0,America/New_York,EDT,-14400000,False,False,False,2,0.12260628,0.62594485,1790597486.0,19.71,56.02,18.35,,1.0,-1.19883,0.0,0.0,Roundhill BABA WeeklyPay ETF,19.71,-0.240299,-1.19883,-0.240299,1790354998,19.8041,20.02,19.8041 - 20.02,19.8041,1900,20.0444,4200,4200,us_market,finmb_1960966253,Cboe US,Roundhill BABA WeeklyPay ETF,20.02,2731,2350,[],1.4540997,0.07924248,18.35 - 56.02,-36.2159,-0.64648163,BABW,0.0,0.0,,,,,,,,,,,,,
Consumer Discretionary,consumer-cyclical,60,CARD,Max Auto Industry -3X Inverse Leveraged ETN,https://finance.yahoo.com/research-hub/screener/sec-ind_sec-top-etfs_consumer-cyclical/,2026-09-28T12:36:45+00:00,en-US,US,ETF,ETF,Delayed Quote,False,LOW,0.0,25.568908,,,PCX,USD,True,1720704600000,0.40892363,30.02679,-14.44523,-5.52743,-5.52743,1382332.0,PRE,0.089953005,2.41878,0.2822199,0.1166786,2.693055,0.007945061,0.0029502038,15,0,America/New_York,EDT,-14400000,False,False,False,4,,,,,4.03,2.095,0.0,0.95,-1.84963,0.0,0.0,MAX Auto Industry -3x Inverse L,2.701,-0.0509,-1.84963,-0.0509,1790365697,2.701,2.75,2.675 - 2.75,2.675,3596,2.7519,2800,2800,us_market,finmb_1846683636,NYSEArca,Max Auto Industry -3X Inverse Leveraged ETN,2.73,16560,13560,[],0.60599995,0.28926012,2.095 - 4.03,-1.3290002,-0.3297767,CARD,0.0,0.0,,,,,,,,,1756125000.0,1756470600.0,1748433600.0,1748433600.0,False
Consumer Discretionary,consumer-cyclical,61,KJD,Kraneshares 2x Long JD Daily ETF,https://finance.yahoo.com/research-hub/screener/sec-ind_sec-top-etfs_consumer-cyclical/,2026-09-28T12:36:45+00:00,en-US,US,ETF,ETF,Delayed Quote,False,LOW,,,,,NGM,USD,True,1760535000000,-44.08921,16.36706,-11.00324,-9.34066,-9.34066,1237415.0,PRE,0.87615,18.11032,-3.770319,-0.20818622,18.294865,-3.9548645,-0.21617347,15,0,America/New_York,EDT,-14400000,False,False,False,2,-0.29990005,-2.0870018,1790588884.0,14.07,28.34,13.18,,1.25,-2.0491817,29.49,16.64,KraneShares 2x Long JD Daily ET,14.07,-0.2701006,-1.8449492,-0.3000002,1790366400,14.34,14.42,14.34 - 14.42,14.34,506,14.64,2,2,us_market,finmb_1903081972,NasdaqGM,Kraneshares 2x Long JD Daily ETF,14.42,3834,1360,[],1.1599998,0.08801213,13.18 - 28.34,-14.0,-0.49400142,KJD,0.0,0.0,,,,,2025-10-15,,,,,,,,
Consumer Discretionary,consumer-cyclical,62,ODDZ,Corgi Sports Betting & Gambling,https://finance.yahoo.com/research-hub/screener/sec-ind_sec-top-etfs_consumer-cyclical/,2026-09-28T12:36:45+00:00,en-US,US,ETF,ETF,Delayed Quote,False,LOW,,,,,BTS,USD,True,1778074200000,-11.909491,12.414135,,-3.5478,-3.5478,1095428.0,PRE,1.7871723,24.8688,-2.6826,-0.10787011,25.374243,-3.1880436,-0.12564093,15,0,America/New_York,EDT,-14400000,False,False,False,2,,,,,27.57,21.95,,0.35,1.08161,34.62,0.0,Corgi Sports Betting & Gambling,22.1862,0.2374,1.08161,0.2374,1790345546,22.1862,22.1862,22.1862 - 22.1862,22.1862,109,21.9488,3500,1800,us_market,finmb_1992791015,Cboe US,,21.99,353,280,[],0.23619843,0.010760748,21.95 - 27.57,-5.3838005,-0.1952775,ODDZ,,,,,,,,,,,,,,,
Consumer Discretionary,consumer-cyclical,63,TMH,Toyota Motor Corporation ADRhedged,https://finance.yahoo.com/research-hub/screener/sec-ind_sec-top-etfs_consumer-cyclical/,2026-09-28T12:36:45+00:00,en-US,US,ETF,ETF,Delayed Quote,False,LOW,0.0,8.952551,,,PCX,USD,True,1741959000000,-6.285572,8.538264,-9.09723,0.79584,0.79584,1046216.0,PRE,5.8428035,50.29494,-0.40753937,-0.008102989,54.377884,-4.4904823,-0.0825792,15,0,America/New_York,EDT,-14400000,False,False,False,2,,,,,65.814,44.937,0.0,0.19,0.920453,77.84,0.0,Toyota Motor Corporation,49.8874,0.21760178,0.4402007,0.455002,1790365200,49.8874,49.8874,49.8874 - 49.8874,49.8874,421,49.4324,800,100,us_market,finmb_1889433050,NYSEArca,Toyota Motor Corporation ADRhedged,49.53,412,300,[],4.9504013,0.110163145,44.937 - 65.814,-15.926601,-0.24199411,TMH,,,,,,,,,,,,,,,
Consumer Discretionary,consumer-cyclical,64,STYL,Corgi Lifestyle Brands ETF,https://finance.yahoo.com/research-hub/screener/sec-ind_sec-top-etfs_consumer-cyclical/,2026-09-28T12:36:45+00:00,en-US,US,ETF,ETF,Delayed Quote,False,LOW,,,,,BTS,USD,True,1778074200000,-7.491356,15.583657,,-3.86887,-3.86887,379083.0,PRE,1.5449711,25.5952,-1.5188999,-0.059343155,25.755758,-1.6794586,-0.06520711,15,0,America/New_York,EDT,-14400000,False,False,False,2,,,,,27.67,23.42,,0.35,0.748198,38.28,9.69,Corgi Lifestyle Brands ETF,24.0763,0.178801,0.748198,0.178801,1790352050,24.0763,24.1,24.0763 - 24.1,24.0763,117,23.8975,1700,1700,us_market,finmb_1992790989,Cboe US,Corgi Lifestyle Brands ETF,24.1,801,470,[],0.6562996,0.02802304,23.42 - 27.67,-3.5937004,-0.12987714,STYL,0.0,0.0,,,,,,,,,,,,,
