sector,yahoo_sector_key,rank,ticker,etf_name,source_url,retrieved_at_utc,screen_language,screen_region,screen_quote_type,screen_type_disp,screen_quote_source_name,screen_triggerable,screen_custom_price_alert_confidence,screen_currency,screen_regular_market_change_percent,screen_net_expense_ratio,screen_dividend_yield,screen_financial_currency,screen_short_name,screen_fullday_price,screen_fullday_change,screen_fullday_change_percent,screen_ask,screen_bid,screen_exchange,screen_fifty_two_week_high,screen_fifty_two_week_low,screen_has_pre_post_market_data,screen_first_trade_date_milliseconds,screen_price_hint,screen_pre_market_change,screen_pre_market_change_percent,screen_pre_market_time,screen_pre_market_price,screen_regular_market_change,screen_regular_market_time,screen_regular_market_price,screen_regular_market_day_high,screen_regular_market_day_range,screen_regular_market_day_low,screen_regular_market_volume,screen_regular_market_previous_close,screen_bid_size,screen_ask_size,screen_market,screen_message_board_id,screen_full_exchange_name,screen_long_name,screen_regular_market_open,screen_average_daily_volume3_month,screen_average_daily_volume10_day,screen_corporate_actions,screen_fifty_two_week_low_change,screen_fifty_two_week_low_change_percent,screen_fifty_two_week_range,screen_fifty_two_week_high_change,screen_fifty_two_week_high_change_percent,screen_fifty_two_week_change_percent,screen_trailing_annual_dividend_rate,screen_trailing_pe,screen_trailing_annual_dividend_yield,screen_ytd_return,screen_trailing_three_month_returns,screen_trailing_three_month_nav_returns,screen_net_assets,screen_market_state,screen_eps_trailing_twelve_months,screen_shares_outstanding,screen_book_value,screen_fifty_day_average,screen_fifty_day_average_change,screen_fifty_day_average_change_percent,screen_two_hundred_day_average,screen_two_hundred_day_average_change,screen_two_hundred_day_average_change_percent,screen_price_to_book,screen_source_interval,screen_exchange_data_delayed_by,screen_exchange_timezone_name,screen_exchange_timezone_short_name,screen_gmt_off_set_milliseconds,screen_esg_populated,screen_tradeable,screen_crypto_tradeable,screen_symbol,screen_dividend_date,screen_ipo_expected_date,screen_prev_name,screen_name_change_date,screen_market_cap,screen_implied_shares_outstanding
Emerging Markets,emerging_markets,1,VWO,Vanguard FTSE Emerging Markets Index Fund ETF Shares,Yahoo Finance custom ETF screener,2026-09-28T12:36:45+00:00,en-US,US,ETF,ETF,Nasdaq Real Time Price,False,LOW,USD,0.484384,0.06,2.29,USD,Vanguard FTSE Emerging Markets ,60.16,-0.0099983215,-0.01661679,61.07,0.0,PCX,61.54,52.2,True,1110465000000,2,-0.0099983215,-0.01661679,1790597073.0,60.16,0.290001,1790366400,60.16,60.37,59.91 - 60.37,59.91,5986833,59.87,6800.0,4400.0,us_market,finmb_20936186,NYSEArca,Vanguard FTSE Emerging Markets Index Fund ETF Shares,60.12,7131177,6642910,[],7.959999,0.1524904,52.2 - 61.54,-1.3800011,-0.022424456,11.531329,1.122,15.829331,0.018740604,12.86503,1.44236,1.44236,168359133000.0,PRE,3.8005395,1418119936.0,48.146,59.815,0.34500122,0.0057678046,57.8196,2.3404007,0.040477637,1.2495327,15,0,America/New_York,EDT,-14400000,False,False,False,VWO,,,,,,
Emerging Markets,emerging_markets,2,IEMG,iShares Core MSCI Emerging Markets ETF,Yahoo Finance custom ETF screener,2026-09-28T12:36:45+00:00,en-US,US,ETF,ETF,Delayed Quote,False,LOW,USD,1.0404,0.09,2.2,USD,iShares Core MSCI Emerging Mark,82.485,0.3500061,0.42840406,81.93,0.0,PCX,86.49,64.07,True,1351085400000,2,-0.06500244,-0.078743115,1790597535.0,82.485,0.850006,1790366400,82.55,82.7701,81.9701 - 82.7701,81.9701,17189180,81.7,3300.0,6600.0,us_market,finmb_223308554,NYSEArca,iShares Core MSCI Emerging Markets ETF,82.39,11868526,15922810,[],18.480003,0.28843457,64.07 - 86.49,-3.9399948,-0.04555434,25.646877,1.16,14.47379,0.014198286,22.56278,-1.29728,-1.29728,160899023000.0,PRE,5.703413,1150800000.0,64.577,80.4756,2.0744019,0.02577678,76.5828,5.967201,0.07791829,1.2783189,15,0,America/New_York,EDT,-14400000,False,False,False,IEMG,,,,,,
Emerging Markets,emerging_markets,3,EEM,iShares MSCI Emerging Markets ETF,Yahoo Finance custom ETF screener,2026-09-28T12:36:45+00:00,en-US,US,ETF,ETF,Delayed Quote,False,LOW,USD,1.08551,0.72,1.66,,iShares MSCI Emerging Index Fun,67.18,-0.80999756,-1.1913481,0.0,66.9,PCX,71.57,51.82,True,1050327000000,2,-0.80000305,-1.1768211,1790597423.0,67.18,0.730003,1790366400,67.98,68.17,67.485 - 68.17,67.485,19068772,67.25,9800.0,19000.0,us_market,finmb_8797528,NYSEArca,iShares MSCI Emerging Markets ETF,67.79,20559796,19748300,[],16.160004,0.3118488,51.82 - 71.57,-3.5899963,-0.05016063,27.805984,,14.461422,,23.3042,-1.4809,-1.4809,31207041000.0,PRE,4.700783,,,66.1244,1.8556061,0.028062351,62.6796,5.3004036,0.08456346,,15,0,America/New_York,EDT,-14400000,False,False,False,EEM,,,,,,
Emerging Markets,emerging_markets,4,AVEM,Avantis Emerging Markets Equity ETF,Yahoo Finance custom ETF screener,2026-09-28T12:36:45+00:00,en-US,US,ETF,ETF,Delayed Quote,False,LOW,USD,0.996927,0.33,1.86,,Avantis Emerging Markets Equity,95.23,0.940002,0.996927,0.0,93.04,PCX,100.83,72.94,True,1568899800000,2,,,,,0.940002,1790366400,95.23,95.48,94.608 - 95.48,94.608,1598889,94.29,400.0,700.0,us_market,finmb_626032720,NYSEArca,Avantis Emerging Markets Equity ETF,95.01,1788180,1824190,[],22.29,0.30559364,72.94 - 100.83,-5.5999985,-0.05553901,27.36392,0.0,12.917605,0.0,23.62539,-1.84369,-1.84369,28053696500.0,PRE,7.37211,,,92.9814,2.2486038,0.024183372,88.38355,6.846451,0.07746295,,15,0,America/New_York,EDT,-14400000,False,False,False,AVEM,,,,,,
Emerging Markets,emerging_markets,5,EMXC,iShares MSCI Emerging Markets ex China ETF,Yahoo Finance custom ETF screener,2026-09-28T12:36:45+00:00,en-US,US,ETF,ETF,Delayed Quote,False,LOW,USD,1.3933434,0.25,1.96,,iShares MSCI Emerging Markets e,99.9002,1.3899994,1.3933434,95.29,94.7,NGM,107.12,67.015,True,1501075800000,2,-1.2498016,-1.2355922,1790595963.0,99.9002,1.3899994,1790366401,101.15,101.45,100.4 - 101.45,100.4,1388928,99.76,1.0,1.0,us_market,finmb_426357095,NasdaqGM,iShares MSCI Emerging Markets ex China ETF,101.01,2125160,1739690,[],34.135002,0.5093636,67.015 - 107.12,-5.970001,-0.0557319,50.2079,,15.4443445,,35.90527,-1.76981,-1.76981,24918462500.0,PRE,6.549323,,,96.6126,4.5373993,0.04696488,88.97333,12.176674,0.13685757,,15,0,America/New_York,EDT,-14400000,False,False,False,EMXC,,,,,,
Emerging Markets,emerging_markets,6,SPEM,State Street SPDR Portfolio Emerging Markets ETF,Yahoo Finance custom ETF screener,2026-09-28T12:36:45+00:00,en-US,US,ETF,ETF,Delayed Quote,False,LOW,USD,0.497326,0.07,2.46,,State Street SPDR Portfolio Eme,52.1,0.260002,0.497326,53.1,52.1,PCX,53.54,45.28,True,1174656600000,2,-0.44000244,-0.8374618,1790587969.0,52.1,0.260002,1790366400,52.54,52.705,52.355 - 52.705,52.355,1344745,52.28,1000.0,2300.0,us_market,finmb_33377397,NYSEArca,State Street SPDR Portfolio Emerging Markets ETF,52.46,1619357,1420450,[],7.260002,0.16033573,45.28 - 53.54,-1.0,-0.018677624,12.674248,0.0,15.974565,0.0,14.0992,1.73614,1.73614,17831092200.0,PRE,3.2889786,76800000.0,,51.9618,0.5782013,0.01112743,50.27435,2.2656517,0.04506576,,15,0,America/New_York,EDT,-14400000,False,False,False,SPEM,,,,,,
Emerging Markets,emerging_markets,7,SCHE,Schwab Emerging Markets Equity ETF,Yahoo Finance custom ETF screener,2026-09-28T12:36:45+00:00,en-US,US,ETF,ETF,Delayed Quote,False,LOW,USD,0.516311,0.06,2.57,,Schwab Emerging Markets Equity ,36.8,0.190002,0.516311,37.16,36.15,PCX,37.64,31.76,True,1263479400000,2,-0.19000244,-0.51365894,1790593200.0,36.8,0.190002,1790366400,36.99,37.0899,36.83 - 37.0899,36.83,3408342,36.8,1200.0,7500.0,us_market,finmb_83113774,NYSEArca,Schwab Emerging Markets Equity ETF,36.9,3003614,2999200,[],5.2300014,0.16467258,31.76 - 37.64,-0.6499977,-0.017268803,11.315071,0.0,16.66711,0.0,13.11504,1.71369,1.71369,13002555400.0,PRE,2.219341,,,36.6176,0.3724022,0.010170033,35.2292,1.7608032,0.04998136,,15,0,America/New_York,EDT,-14400000,False,False,False,SCHE,,,,,,
Emerging Markets,emerging_markets,8,FNDE,Schwab Fundamental Emerging Markets Equity ETF,Yahoo Finance custom ETF screener,2026-09-28T12:36:45+00:00,en-US,US,ETF,ETF,Nasdaq Real Time Price,False,LOW,USD,0.0950818,0.39,3.52,,Schwab Fundamental Emerging Mar,42.11,0.0400009,0.0950818,43.0,41.8,PCX,43.18,34.69,True,1376573400000,2,,,,,0.0400009,1790366400,42.11,42.2301,41.9699 - 42.2301,41.9699,2051383,42.07,900.0,1600.0,us_market,finmb_243129822,NYSEArca,Schwab Fundamental Emerging Markets Equity ETF,42.11,1253247,1891900,[],7.420002,0.21389456,34.69 - 43.18,-1.0699997,-0.024779983,16.55134,0.0,12.073928,0.0,17.33115,2.7608,2.7608,10305781800.0,PRE,3.4876802,,,41.7104,0.39960098,0.009580368,39.79775,2.312252,0.05810007,,15,0,America/New_York,EDT,-14400000,False,False,False,FNDE,,,,,,
Emerging Markets,emerging_markets,9,DFAE,Dimensional Emerging Core Equity Market ETF,Yahoo Finance custom ETF screener,2026-09-28T12:36:45+00:00,en-US,US,ETF,ETF,Nasdaq Real Time Price,False,LOW,USD,1.11392,0.29,1.76,,Dimensional Emerging Core Equit,39.94,0.439999,1.11392,0.0,0.0,PCX,42.161,30.694,True,1607005800000,2,,,,,0.439999,1790366400,39.94,40.03,39.6701 - 40.03,39.6701,912175,39.5,800.0,2400.0,us_market,finmb_684162193,NYSEArca,Dimensional Emerging Core Equity Market ETF,39.81,1039400,986840,[],9.245998,0.30123144,30.694 - 42.161,-2.2210007,-0.052679032,27.11649,0.0,14.6821575,0.0,23.19527,-0.99398,-0.99398,10100025300.0,PRE,2.7203085,,,39.0398,0.9001999,0.023058517,37.129875,2.8101234,0.07568362,,15,0,America/New_York,EDT,-14400000,False,False,False,DFAE,,,,,,
Emerging Markets,emerging_markets,10,DFEM,Dimensional Emerging Markets Core Equity 2 ETF,Yahoo Finance custom ETF screener,2026-09-28T12:36:45+00:00,en-US,US,ETF,ETF,Delayed Quote,False,LOW,USD,0.978678,0.39,1.84,,Dimensional Emerging Markets Co,40.24,0.390003,0.978678,0.0,0.0,PCX,42.57,31.204,True,1651066200000,2,,,,,0.390003,1790366400,40.24,40.35,40.01 - 40.35,40.01,776920,39.85,800.0,1500.0,us_market,finmb_1760559084,NYSEArca,Dimensional Emerging Markets Core Equity 2 ETF,40.11,912055,838260,[],9.036001,0.2895783,31.204 - 42.57,-2.329998,-0.054733336,25.789309,0.0,14.044844,0.0,22.8822,-1.23364,-1.23364,9624314900.0,PRE,2.8651085,,,39.4439,0.7961006,0.02018311,37.657375,2.5826263,0.06858222,,15,0,America/New_York,EDT,-14400000,False,False,False,DFEM,,,,,,
Emerging Markets,emerging_markets,11,ESGE,iShares ESG Aware MSCI EM ETF,Yahoo Finance custom ETF screener,2026-09-28T12:36:45+00:00,en-US,US,ETF,ETF,Delayed Quote,False,LOW,USD,1.100316,0.25,2.1,,iShares ESG Aware MSCI EM ETF,54.5,0.6000023,1.100316,52.99,52.6,NGM,57.11,42.08,True,1469021400000,2,-0.63000107,-1.1427554,1790593216.0,54.5,0.6000023,1790366401,55.13,55.28,54.78 - 55.28,54.78,1194569,54.53,1.0,1.0,us_market,finmb_330375417,NasdaqGM,iShares ESG Aware MSCI EM ETF,55.12,682938,610170,[],13.049999,0.31012353,42.08 - 57.11,-1.9799995,-0.03466993,27.497684,0.0,14.2574,0.0,22.84004,-0.88225,-0.88225,6911307800.0,PRE,3.866764,,,53.2801,1.8498993,0.034720264,50.350937,4.779064,0.0949151,,15,0,America/New_York,EDT,-14400000,False,False,False,ESGE,1482883200.0,,,,,
Emerging Markets,emerging_markets,12,DEM,WisdomTree Emerging Markets High Dividend Fund,Yahoo Finance custom ETF screener,2026-09-28T12:36:45+00:00,en-US,US,ETF,ETF,Nasdaq Real Time Price,False,LOW,USD,0.765282,0.63,4.03,,WisdomTree Emerging Markets Hig,55.96,0.424999,0.765282,56.39,0.0,PCX,57.41,44.23,True,1184333400000,2,,,,,0.424999,1790366400,55.96,56.075,55.7126 - 56.075,55.7126,115527,55.535,200.0,100.0,us_market,finmb_35615252,NYSEArca,WisdomTree Emerging Markets High Dividend Fund,55.8,229733,172770,[],11.73,0.2652046,44.23 - 57.41,-1.4500008,-0.025256937,21.83758,,10.591315,,20.96964,2.08871,2.08871,4179168770.0,PRE,5.283574,,,55.0504,0.9095993,0.016523028,52.14405,3.8159485,0.0731809,,15,0,America/New_York,EDT,-14400000,False,False,False,DEM,,,,,,
Emerging Markets,emerging_markets,13,EEMV,iShares MSCI Emerging Markets Min Vol Factor ETF,Yahoo Finance custom ETF screener,2026-09-28T12:36:45+00:00,en-US,US,ETF,ETF,Delayed Quote,False,LOW,USD,0.800745,0.25,2.14,,iShares MSCI Emerging Markets M,75.53,0.599998,0.800745,75.84,71.27,BTS,77.39,62.77,True,1319117400000,2,,,,,0.599998,1790366400,75.53,75.67,75.145 - 75.67,75.145,136303,74.93,300.0,300.0,us_market,finmb_141889129,Cboe US,iShares MSCI Emerging Markets Min Vol Factor ETF,75.27,210488,197110,[],12.759998,0.20328179,62.77 - 77.39,-1.8600006,-0.02403412,18.552816,0.0,16.053509,0.0,19.13184,1.37577,1.37577,3660017920.0,PRE,4.7048903,94900000.0,,74.2146,1.3153992,0.017724264,70.2595,5.2705,0.07501477,,15,0,America/New_York,EDT,-14400000,False,False,False,EEMV,,,,,,
Emerging Markets,emerging_markets,14,FRDM,Freedom 100 Emerging Markets ETF,Yahoo Finance custom ETF screener,2026-09-28T12:36:45+00:00,en-US,US,ETF,ETF,Delayed Quote,False,LOW,USD,1.46232,0.49,1.6,,Freedom 100 Emerging Markets ET,72.16,1.04,1.46232,76.02,68.06,BTS,76.9,43.77,True,1560519000000,2,,,,,1.04,1790366400,72.16,72.32,71.3843 - 72.32,71.3843,325669,71.12,100.0,300.0,us_market,finmb_603717845,Cboe US,Freedom 100 Emerging Markets ETF,71.9,279533,302360,[],28.390003,0.64861786,43.77 - 76.9,-4.739998,-0.061638463,63.70236,0.0,14.493127,0.0,35.54729,-4.19748,-4.19748,3445719550.0,PRE,4.978912,,,68.133,4.0270004,0.05910499,62.977474,9.182529,0.14580657,,15,0,America/New_York,EDT,-14400000,False,False,False,FRDM,,,,,,
Emerging Markets,emerging_markets,15,CGNG,Capital Group New Geography Equity ETF,Yahoo Finance custom ETF screener,2026-09-28T12:36:45+00:00,en-US,US,ETF,ETF,Delayed Quote,False,LOW,USD,0.679163,0.64,0.59,,Capital Group New Geography Equ,36.89,0.25,0.679163,0.0,0.0,PCX,38.25,30.13,True,1719495000000,2,-0.17000198,-0.45872092,1790587108.0,36.89,0.25,1790366400,37.06,37.125,36.7721 - 37.125,36.7721,510096,36.81,200.0,1000.0,us_market,finmb_1871155046,NYSEArca,Capital Group New Geography Equity ETF,36.95,591846,512560,[],6.930002,0.2300034,30.13 - 38.25,-1.1899986,-0.031111075,20.24659,0.0,17.799456,0.0,14.74178,-0.29916,-0.29916,2997415170.0,PRE,2.0820863,,,36.42404,0.6359596,0.017459886,34.769936,2.2900658,0.065863386,,15,0,America/New_York,EDT,-14400000,False,False,False,CGNG,,,,,,
Emerging Markets,emerging_markets,16,DFEV,Dimensional Emerging Markets Value ETF,Yahoo Finance custom ETF screener,2026-09-28T12:36:45+00:00,en-US,US,ETF,ETF,Delayed Quote,False,LOW,USD,1.10928,0.43,2.01,,Dimensional Emerging Markets Va,42.84,0.470001,1.10928,0.0,0.0,PCX,44.945,30.99,True,1651066200000,2,,,,,0.470001,1790366400,42.84,42.88,42.5301 - 42.88,42.5301,194367,42.37,200.0,1400.0,us_market,finmb_1760559109,NYSEArca,Dimensional Emerging Markets Value ETF,42.67,249544,249970,[],11.85,0.38238144,30.99 - 44.945,-2.1049995,-0.04683501,34.92913,0.0,11.705275,0.0,27.74545,-0.14995,-0.14995,2159668480.0,PRE,3.6598885,,,41.7586,1.0814018,0.025896506,39.175884,3.664116,0.09352989,,15,0,America/New_York,EDT,-14400000,False,False,False,DFEV,,,,,,
Emerging Markets,emerging_markets,17,XSOE,WisdomTree Emerging Markets ex-State-Owned Enterprises Fund,Yahoo Finance custom ETF screener,2026-09-28T12:36:45+00:00,en-US,US,ETF,ETF,Delayed Quote,False,LOW,USD,0.962661,0.32,1.58,,WisdomTree Emerging Markets Ex-,47.72,0.455002,0.962661,47.73,0.0,PCX,51.38,36.95,True,1419863400000,2,,,,,0.455002,1790366399,47.72,47.84,47.42 - 47.84,47.42,67186,47.265,600.0,900.0,us_market,finmb_272923697,NYSEArca,WisdomTree Emerging Markets ex-State-Owned Enterprises Fund,47.7,101766,80580,[],10.77,0.29147497,36.95 - 51.38,-3.6599998,-0.071233936,26.010036,,16.576721,,23.09084,-1.60258,-1.60258,2142529280.0,PRE,2.8787358,,,46.86782,0.8521805,0.018182635,44.505295,3.2147064,0.072232,,15,0,America/New_York,EDT,-14400000,False,False,False,XSOE,,,,,,
Emerging Markets,emerging_markets,18,EMOP,AB Emerging Markets Opportunities ETF,Yahoo Finance custom ETF screener,2026-09-28T12:36:45+00:00,en-US,US,ETF,ETF,Delayed Quote,False,LOW,USD,0.738289,0.7,1.56,,AB Emerging Markets Opportuniti,51.9,0.379997,0.738289,52.1,51.5,PCX,54.35,38.264,True,1750253400000,2,0.05000305,0.0964379,1790594670.0,51.9,0.379997,1790366400,51.85,51.85,51.545 - 51.85,51.545,97535,51.47,100.0,700.0,us_market,finmb_1937250723,NYSEArca,AB Emerging Markets Opportunities ETF,51.69,57500,58910,[],13.585999,0.35505953,38.264 - 54.35,-2.5,-0.04599816,33.668472,0.0,12.883811,0.0,24.21114,-4.12178,-4.12178,2105563650.0,PRE,4.0244303,,,50.39178,1.4582176,0.028937608,47.843525,4.0064735,0.08374119,,15,0,America/New_York,EDT,-14400000,False,False,False,EMOP,,,,,,
Emerging Markets,emerging_markets,19,XCEM,Columbia EM Core ex-China ETF,Yahoo Finance custom ETF screener,2026-09-28T12:36:45+00:00,en-US,US,ETF,ETF,Delayed Quote,False,LOW,USD,1.52805,0.16,2.43,,Columbia EM Core ex-China ETF,52.49,0.790001,1.52805,52.02,50.6,PCX,55.43,36.03,True,1441200600000,2,,,,,0.790001,1790366400,52.49,52.54,52.04 - 52.54,52.04,70896,51.7,300.0,500.0,us_market,finmb_306428279,NYSEArca,Columbia EM Core ex-China ETF,52.24,148873,167140,[],16.460003,0.45684162,36.03 - 55.43,-2.9399986,-0.053039845,44.401646,0.0,20.605951,0.0,33.85498,-1.9488,-1.9488,2083729790.0,PRE,2.5473225,,,50.14112,2.3488808,0.0468454,46.2783,6.2117004,0.1342249,,15,0,America/New_York,EDT,-14400000,False,False,False,XCEM,,,,,,
Emerging Markets,emerging_markets,20,PXH,Invesco RAFI Emerging Markets ETF,Yahoo Finance custom ETF screener,2026-09-28T12:36:45+00:00,en-US,US,ETF,ETF,Nasdaq Real Time Price,False,LOW,USD,0.102672,0.47,4.12,,Invesco RAFI Emerging Markets E,29.25,0.0,0.0,45.64,0.0,PCX,30.35,24.35,True,1190986200000,2,0.0,0.0,1790597083.0,29.25,0.0300007,1790366400,29.25,29.36,29.1401 - 29.36,29.1401,228008,29.22,100.0,100.0,us_market,finmb_37457133,NYSEArca,Invesco RAFI Emerging Markets ETF,29.32,213333,251140,[],4.8999996,0.20123202,24.35 - 30.35,-1.1000004,-0.036243834,15.112162,0.0,11.324432,0.0,16.69322,2.9726,2.9726,2017857790.0,PRE,2.582911,,,29.2346,0.015399933,0.0005267708,28.0998,1.1501999,0.04093267,,15,0,America/New_York,EDT,-14400000,False,False,False,PXH,,,,,,
Emerging Markets,emerging_markets,21,EMGF,iShares Emerging Markets Equity Factor ETF,Yahoo Finance custom ETF screener,2026-09-28T12:36:45+00:00,en-US,US,ETF,ETF,Delayed Quote,False,LOW,USD,0.887789,0.26,2.0,,iShares Emerging Markets Equity,71.52,0.640007,0.887789,71.9,71.2,BTS,76.58,54.88,True,1450449000000,2,-1.2100067,-1.6636968,1790592842.0,71.52,0.640007,1790366383,72.73,72.94,72.39 - 72.94,72.39,150989,72.09,1000.0,800.0,us_market,finmb_285065157,Cboe US,iShares Emerging Markets Equity Factor ETF,72.75,162925,152510,[],17.850002,0.32525513,54.88 - 76.58,-3.8499985,-0.0502742,29.114151,0.0,13.688858,0.0,25.54271,-1.27487,-1.27487,1929151230.0,PRE,5.3130803,,,70.77696,1.9530411,0.027594306,66.87886,5.851143,0.08748867,,15,0,America/New_York,EDT,-14400000,False,False,False,EMGF,,,,,,
Emerging Markets,emerging_markets,22,DGS,WisdomTree Emerging Markets SmallCap Dividend Fund,Yahoo Finance custom ETF screener,2026-09-28T12:36:45+00:00,en-US,US,ETF,ETF,Delayed Quote,False,LOW,USD,0.764281,0.58,3.74,,WisdomTree Emerging Market Smal,63.3102,0.480198,0.764281,63.8,59.67,PCX,66.9,54.97,True,1193751000000,2,,,,,0.480198,1790366258,63.3102,63.4296,63.0401 - 63.4296,63.0401,23608,62.83,500.0,500.0,us_market,finmb_38686038,NYSEArca,WisdomTree Emerging Markets SmallCap Dividend Fund,63.11,37923,32070,[],8.3401985,0.15172273,54.97 - 66.9,-3.5898018,-0.05365922,11.265373,,11.761983,,14.50757,-0.9304,-0.9304,1763734140.0,PRE,5.3826127,,,63.301,0.00920105,0.00014535394,62.44965,0.8605499,0.0137799,,15,0,America/New_York,EDT,-14400000,False,False,False,DGS,,,,,,
Emerging Markets,emerging_markets,23,JEMA,JPMorgan ActiveBuilders Emerging Markets Equity ETF,Yahoo Finance custom ETF screener,2026-09-28T12:36:45+00:00,en-US,US,ETF,ETF,Nasdaq Real Time Price,False,LOW,USD,0.92800295,0.33,2.31,,JPMorgan ActiveBuilders Emergin,63.08,0.58000183,0.92800295,73.54,48.96,NGM,66.68,46.44,True,1616074200000,2,,,,,0.58000183,1790366401,63.08,63.28,62.7237 - 63.28,62.7237,83677,62.5,2.0,2.0,us_market,finmb_700541009,NasdaqGM,JPMorgan ActiveBuilders Emerging Markets Equity ETF,62.99,143907,117230,[],16.640003,0.3583119,46.44 - 66.68,-3.5999985,-0.05398918,32.604588,0.0,14.590591,0.0,26.38325,-1.58598,-1.58598,1751984640.0,PRE,4.323334,,,61.38262,1.6973801,0.027652454,57.598686,5.4813156,0.0951639,,15,0,America/New_York,EDT,-14400000,False,False,False,JEMA,,2026-04-16,,,,
Emerging Markets,emerging_markets,24,GEM,Goldman Sachs ActiveBeta Emerging Markets Equity ETF,Yahoo Finance custom ETF screener,2026-09-28T12:36:45+00:00,en-US,US,ETF,ETF,Delayed Quote,False,LOW,USD,1.08907,0.35,1.87,,Goldman Sachs ActiveBeta Emergi,51.98,0.560001,1.08907,54.94,49.01,PCX,54.29,39.635,True,1443533400000,2,,,,,0.560001,1790366400,51.98,52.11,51.66 - 52.11,51.66,42887,51.42,200.0,100.0,us_market,finmb_280408735,NYSEArca,Goldman Sachs ActiveBeta Emerging Markets Equity ETF,51.86,113457,110230,[],12.345001,0.31146717,39.635 - 54.29,-2.3100014,-0.042549297,28.155815,,13.915233,,23.66265,-0.94576,-0.94576,1750021500.0,PRE,3.7354746,,,50.54606,1.4339409,0.028368995,47.741684,4.2383156,0.088776,,15,0,America/New_York,EDT,-14400000,False,False,False,GEM,,,,,,
Emerging Markets,emerging_markets,25,AVES,Avantis Emerging Markets Value ETF,Yahoo Finance custom ETF screener,2026-09-28T12:36:45+00:00,en-US,US,ETF,ETF,Delayed Quote,False,LOW,USD,0.893961,0.36,2.42,,Avantis Emerging Markets Value ,65.46,0.580002,0.893961,68.24,63.0,PCX,69.06,55.31,True,1633008600000,2,,,,,0.580002,1790366400,65.46,65.64,65.12 - 65.64,65.12,78314,64.88,400.0,100.0,us_market,finmb_1671654373,NYSEArca,Avantis Emerging Markets Value ETF,65.33,99203,79050,[],10.149998,0.18351108,55.31 - 69.06,-3.5999985,-0.052128565,14.942932,0.0,10.84937,0.0,15.3409,-1.0372,-1.0372,1543647230.0,PRE,6.0335298,,,65.0038,0.45619965,0.007018046,63.703903,1.7560959,0.027566535,,15,0,America/New_York,EDT,-14400000,False,False,False,AVES,,,,,,
Emerging Markets,emerging_markets,26,DVYE,iShares Emerging Markets Dividend ETF,Yahoo Finance custom ETF screener,2026-09-28T12:36:45+00:00,en-US,US,ETF,ETF,Delayed Quote,False,LOW,USD,0.146454,0.49,4.66,,iShares Emerging Markets Divide,34.19,0.0499992,0.146454,35.4,30.0,PCX,36.44,28.63,True,1330093800000,2,,,,,0.0499992,1790366400,34.19,34.2972,34.0601 - 34.2972,34.0601,66618,34.14,100.0,500.0,us_market,finmb_171192407,NYSEArca,iShares Emerging Markets Dividend ETF,34.14,149063,209530,[],5.5599995,0.19420187,28.63 - 36.44,-2.25,-0.06174534,15.545797,0.0,8.316596,0.0,16.2547,5.26674,5.26674,1257836800.0,PRE,4.111057,,,34.6852,-0.4952011,-0.014277015,33.9146,0.27539825,0.008120345,,15,0,America/New_York,EDT,-14400000,False,False,False,DVYE,,,,,,
Emerging Markets,emerging_markets,27,EDIV,State Street SPDR S&P Emerging Markets Dividend ETF,Yahoo Finance custom ETF screener,2026-09-28T12:36:45+00:00,en-US,US,ETF,ETF,Delayed Quote,False,LOW,USD,0.4182,0.49,4.16,,State Street SPDR S&P Emerging ,40.6,0.169998,0.4182,64.96,0.0,PCX,43.49,37.81,True,1298557800000,2,-0.22000122,-0.5389545,1790587540.0,40.6,0.169998,1790366400,40.82,40.8998,40.63 - 40.8998,40.63,95503,40.65,500.0,100.0,us_market,finmb_127573431,NYSEArca,State Street SPDR S&P Emerging Markets Dividend ETF,40.77,99012,84260,[],3.0099983,0.07960852,37.81 - 43.49,-2.670002,-0.061393466,5.1790833,0.0,9.916202,0.0,9.32912,2.3115,2.3115,1228336260.0,PRE,4.1164956,,,41.698,-0.87800217,-0.021056216,41.021,-0.20100021,-0.0048999344,,15,0,America/New_York,EDT,-14400000,False,False,False,EDIV,1451433600.0,,,,,
Emerging Markets,emerging_markets,28,JHEM,John Hancock Multifactor Emerging Markets ETF,Yahoo Finance custom ETF screener,2026-09-28T12:36:45+00:00,en-US,US,ETF,ETF,Delayed Quote,False,LOW,USD,0.600002,0.49,1.75,,John Hancock Multifactor Emergi,40.3406,0.240601,0.600002,62.95,17.73,PCX,42.16,30.85,True,1538141400000,2,,,,,0.240601,1790364607,40.3406,40.3406,40.11 - 40.3406,40.11,17823,40.1,500.0,300.0,us_market,finmb_571929459,NYSEArca,John Hancock Multifactor Emerging Markets ETF,40.25,67303,79480,[],9.490599,0.30763692,30.85 - 42.16,-1.8194008,-0.043154668,27.820026,0.0,13.753738,0.0,23.78964,-0.42804,-0.42804,1039720580.0,PRE,2.9330642,,,39.4874,0.853199,0.021606866,37.4029,2.9376984,0.078541994,,15,0,America/New_York,EDT,-14400000,False,False,False,JHEM,,,,,,
Emerging Markets,emerging_markets,29,EMCS,Xtrackers MSCI Emerging Markets Select ETF,Yahoo Finance custom ETF screener,2026-09-28T12:36:45+00:00,en-US,US,ETF,ETF,Delayed Quote,False,LOW,USD,1.26292,0.15,1.47,,Xtrackers MSCI Emerging Markets,47.21,0.592701,1.26292,75.58,19.01,PCX,49.45,33.31,True,1544106600000,2,-0.3138008,-0.66030246,1790594170.0,47.21,0.592701,1790360007,47.5238,47.5238,47.51 - 47.5238,47.51,5954,46.9311,100.0,500.0,us_market,finmb_572582176,NYSEArca,Xtrackers MSCI Emerging Markets Select ETF,47.2,62352,206350,[],14.2137985,0.42671263,33.31 - 49.45,-1.9262009,-0.038952496,38.21143,0.0,13.820822,0.0,28.85716,0.18554,0.18554,1027915710.0,PRE,3.4385655,,,45.32006,2.2037392,0.04862613,41.94021,5.5835915,0.13313217,,15,0,America/New_York,EDT,-14400000,False,False,False,EMCS,,,,,,
Emerging Markets,emerging_markets,30,EYLD,Cambria Emerging Shareholder Yield ETF,Yahoo Finance custom ETF screener,2026-09-28T12:36:45+00:00,en-US,US,ETF,ETF,Delayed Quote,False,LOW,USD,0.624876,0.63,4.69,,Cambria Emerging Shareholder Yi,48.31,0.300003,0.624876,0.0,0.0,BTS,50.255,36.08,True,1468503000000,2,,,,,0.300003,1790366400,48.31,48.4799,47.99 - 48.4799,47.99,53632,48.01,200.0,1600.0,us_market,finmb_304415708,Cboe US,Cambria Emerging Shareholder Yield ETF,48.37,90820,91550,[],12.23,0.33896893,36.08 - 50.255,-1.9449997,-0.03870261,30.497026,0.0,10.103664,0.0,29.98642,5.53751,5.53751,928622980.0,PRE,4.7814336,,,47.62886,0.6811409,0.014301012,44.38269,3.927311,0.08848745,,15,0,America/New_York,EDT,-14400000,False,False,False,EYLD,,,,,,
Emerging Markets,emerging_markets,31,BBEM,JPMorgan Betabuilders Emerging Markets Equity ETF,Yahoo Finance custom ETF screener,2026-09-28T12:36:45+00:00,en-US,US,ETF,ETF,Delayed Quote,False,LOW,USD,1.04768,0.15,2.72,,JPMorgan BetaBuilders Emerging ,77.7663,0.806297,1.04768,123.64,31.26,BTS,82.68,61.865,True,1683811800000,2,,,,,0.806297,1790355793,77.7663,77.7663,77.72 - 77.7663,77.72,1083,76.96,1000.0,200.0,us_market,finmb_1816394726,Cboe US,JPMorgan Betabuilders Emerging Markets Equity ETF,77.43,29292,1780,[],15.901295,0.25703216,61.865 - 82.68,-4.913704,-0.05943038,23.326515,0.0,14.324119,0.0,22.80826,-1.34277,-1.34277,882807940.0,PRE,5.4290457,,,76.13296,1.6333389,0.02145377,72.52292,5.2433777,0.07229959,,15,0,America/New_York,EDT,-14400000,False,False,False,BBEM,,,,,,
Emerging Markets,emerging_markets,32,FEM,First Trust Emerging Markets AlphaDEX Fund,Yahoo Finance custom ETF screener,2026-09-28T12:36:45+00:00,en-US,US,ETF,ETF,Delayed Quote,False,LOW,USD,0.33240345,0.8,2.16,,First Trust Emerging Markets Al,32.598,0.12999725,0.40011463,32.01,29.48,NGM,35.61,25.85,True,1303219800000,2,,,,,0.107997894,1790366400,32.598,32.71,32.4512 - 32.71,32.4512,82795,32.49,2.0,1.0,us_market,finmb_130256910,NasdaqGM,First Trust Emerging Markets AlphaDEX Fund,32.54,94122,68750,[],6.747999,0.26104444,25.85 - 35.61,-3.012001,-0.08458301,21.099556,,11.537589,,22.07326,1.86039,1.86039,812464060.0,PRE,2.8253736,,,32.3556,0.24240112,0.0074917832,31.1177,1.480299,0.047570962,,15,0,America/New_York,EDT,-14400000,False,False,False,FEM,,,,,,
Emerging Markets,emerging_markets,33,EWX,State Street SPDR S&P Emerging Markets Small Cap ETF,Yahoo Finance custom ETF screener,2026-09-28T12:36:45+00:00,en-US,US,ETF,ETF,Delayed Quote,False,LOW,USD,0.52066,0.65,2.5,,State Street SPDR S&P Emerging ,71.6,0.373001,0.52066,0.0,67.91,PCX,76.61,64.18,True,1211463000000,2,-0.413002,-0.57351035,1790595900.0,71.6,0.373001,1790365082,72.013,72.304,71.8073 - 72.304,71.8073,22375,71.64,500.0,100.0,us_market,finmb_44919330,NYSEArca,State Street SPDR S&P Emerging Markets Small Cap ETF,71.8073,25212,20270,[],7.833,0.12204737,64.18 - 76.61,-4.597,-0.06000522,7.7026606,0.0,15.461846,0.0,13.38595,-1.41647,-1.41647,693609920.0,PRE,4.6574645,,,71.3356,0.6773987,0.009495941,70.30255,1.7104492,0.024329832,,15,0,America/New_York,EDT,-14400000,False,False,False,EWX,,,,,,
Emerging Markets,emerging_markets,34,SEEM,SEI Select Emerging Markets Equity ETF,Yahoo Finance custom ETF screener,2026-09-28T12:36:45+00:00,en-US,US,ETF,ETF,Delayed Quote,False,LOW,USD,0.7889171,0.6,2.61,,SEI Select Emerging Markets Equ,39.5022,0.27700043,0.7067599,46.54,30.98,NGM,41.79,29.25,True,1728567000000,2,,,,,0.3092003,1790366400,39.5022,39.58,39.26 - 39.58,39.26,27615,39.193,2.0,2.0,us_market,finmb_1881817025,NasdaqGM,SEI Select Emerging Markets Equity ETF,39.42,57933,41630,[],10.252201,0.3505026,29.25 - 41.79,-2.2877998,-0.05474515,31.257689,0.0,11.702031,0.0,27.51351,-0.72653,-0.72653,669820540.0,PRE,3.3756704,,,38.64676,0.85544205,0.022134898,36.34125,3.1609497,0.08697966,,15,0,America/New_York,EDT,-14400000,False,False,False,SEEM,,,,,,
Emerging Markets,emerging_markets,35,DFSE,Dimensional Emerging Markets Sustainability Core 1 ETF,Yahoo Finance custom ETF screener,2026-09-28T12:36:45+00:00,en-US,US,ETF,ETF,Delayed Quote,False,LOW,USD,1.05586,0.41,1.86,,Dimensional Emerging Markets Su,49.07,0.512699,1.05586,0.0,0.0,PCX,51.2,39.715,True,1667395800000,2,,,,,0.512699,1790365054,49.07,49.13,48.67 - 49.13,48.67,26753,48.5573,100.0,300.0,us_market,finmb_1782007305,NYSEArca,Dimensional Emerging Markets Sustainability Core 1 ETF,48.83,27998,26940,[],9.355,0.23555331,39.715 - 51.2,-2.130001,-0.041601583,20.03424,0.0,14.528903,0.0,19.24865,-0.58698,-0.58698,644241410.0,PRE,3.3774056,,,48.05532,1.014679,0.02111481,46.155876,2.9141235,0.06313656,,15,0,America/New_York,EDT,-14400000,False,False,False,DFSE,,,,,,
Emerging Markets,emerging_markets,36,EMEQ,Nomura Focused Emerging Markets Equity ETF,Yahoo Finance custom ETF screener,2026-09-28T12:36:45+00:00,en-US,US,ETF,ETF,Delayed Quote,False,LOW,USD,1.6249497,0.85,1.71,,Nomura Focused Emerging Markets,65.77,1.0800018,1.6267538,64.29,59.53,NGM,78.71,35.426,True,1725543000000,2,-1.7000046,-2.5196452,1790597319.0,65.77,1.078804,1790366400,67.4688,67.53,66.766 - 67.53,66.766,251675,66.39,2.0,1.0,us_market,finmb_1884277054,NasdaqGM,Nomura Focused Emerging Markets Equity ETF,67.2,117041,102070,[],32.042805,0.9044997,35.426 - 78.71,-11.241196,-0.14281788,90.450516,0.0,10.991447,0.0,60.70985,-4.38571,-4.38571,624844990.0,PRE,6.1383,,,64.38134,3.0874634,0.047955874,56.294697,11.174107,0.19849306,,15,0,America/New_York,EDT,-14400000,False,False,False,EMEQ,,2024-09-05,,,,
Emerging Markets,emerging_markets,37,FDEM,Fidelity Emerging Markets Multifactor ETF,Yahoo Finance custom ETF screener,2026-09-28T12:36:45+00:00,en-US,US,ETF,ETF,Delayed Quote,False,LOW,USD,0.611614,0.25,2.94,,Fidelity Emerging Markets Multi,36.19,0.219997,0.611614,0.0,28.0,BTS,38.316,29.11,True,1551450600000,2,,,,,0.219997,1790366390,36.19,36.19,35.905 - 36.19,35.905,18098,35.97,300.0,300.0,us_market,finmb_597913122,Cboe US,Fidelity Emerging Markets Multifactor ETF,35.97,79877,168100,[],7.079998,0.24321532,29.11 - 38.316,-2.1260033,-0.055486042,20.51282,0.0,11.665164,0.0,19.51739,-1.38086,-1.38086,600861310.0,PRE,3.1023993,,,35.713,0.47699738,0.013356407,34.408924,1.7810745,0.051761992,,15,0,America/New_York,EDT,-14400000,False,False,False,FDEM,,,,,,
Emerging Markets,emerging_markets,38,GEME,Pacific NoS Global EM Equity Active ETF,Yahoo Finance custom ETF screener,2026-09-28T12:36:45+00:00,en-US,US,ETF,ETF,Delayed Quote,False,LOW,USD,0.4181674,0.75,3.8,,Pacific North of South EM Equit,41.82,0.27000046,0.6451624,46.35,39.3,NGM,45.99,30.6,True,1737642600000,2,-0.29999924,-0.7122489,1790594490.0,41.82,0.17500305,1790366400,42.025,42.11,41.8002 - 42.11,41.8002,6202,41.85,2.0,2.0,us_market,finmb_1892497793,NasdaqGM,Pacific NoS Global EM Equity Active ETF,41.95,70320,36090,[],11.425001,0.37336606,30.6 - 45.99,-3.9650002,-0.08621439,32.654667,0.0,11.537506,0.0,32.63823,-4.11147,-4.11147,470199584.0,PRE,3.6424685,,,41.9173,0.10770035,0.0025693532,39.11852,2.9064827,0.0742994,,15,0,America/New_York,EDT,-14400000,False,False,False,GEME,,2025-01-23,,,,
Emerging Markets,emerging_markets,39,AVXC,Avantis Emerging Markets Ex-China Equity ETF,Yahoo Finance custom ETF screener,2026-09-28T12:36:45+00:00,en-US,US,ETF,ETF,Delayed Quote,False,LOW,USD,1.1783587,0.33,1.63,,Avantis Emerging Markets ex-Chi,83.6745,1.0300064,1.2454734,96.42,64.28,NGM,88.77,59.148,True,1711027800000,2,,,,,0.97450256,1790366400,83.6745,83.77,83.2436 - 83.77,83.2436,97450,82.7,2.0,2.0,us_market,finmb_1858132164,NasdaqGM,Avantis Emerging Markets Ex-China Equity ETF,83.25,43826,52350,[],24.5265,0.41466323,59.148 - 88.77,-5.095497,-0.05740112,40.166176,0.0,13.616054,0.0,30.16623,-2.09325,-2.09325,454474176.0,PRE,6.1452827,,,81.04326,2.6312408,0.032467116,75.66293,8.011566,0.105884954,,15,0,America/New_York,EDT,-14400000,False,False,False,AVXC,,2024-03-21,,,,
Emerging Markets,emerging_markets,40,DEHP,Dimensional Emerging Markets High Profitability ETF,Yahoo Finance custom ETF screener,2026-09-28T12:36:45+00:00,en-US,US,ETF,ETF,Delayed Quote,False,LOW,USD,1.40556,0.41,1.35,,Dimensional Emerging Markets Hi,42.0683,0.583099,1.40556,0.0,0.0,PCX,45.13,29.9,True,1651066200000,2,,,,,0.583099,1790366338,42.0683,42.115,41.69 - 42.115,41.69,36098,41.4852,800.0,100.0,us_market,finmb_1760559243,NYSEArca,Dimensional Emerging Markets High Profitability ETF,41.92,37990,31860,[],12.168299,0.4069665,29.9 - 45.13,-3.0617027,-0.06784185,38.60955,0.0,14.910123,0.0,29.00673,-3.55261,-3.55261,452939136.0,PRE,2.8214588,,,40.69264,1.37566,0.03380611,38.05371,4.0145874,0.10549792,,15,0,America/New_York,EDT,-14400000,False,False,False,DEHP,,,,,,
Emerging Markets,emerging_markets,41,EELV,Invesco S&P Emerging Markets Low Volatility ETF,Yahoo Finance custom ETF screener,2026-09-28T12:36:45+00:00,en-US,US,ETF,ETF,Delayed Quote,False,LOW,USD,0.492384,0.29,3.8,,Invesco S&P Emerging Markets Lo,28.369,0.139,0.492384,29.5,27.0,PCX,29.97,26.04,True,1326465000000,2,,,,,0.139,1790365894,28.369,28.369,28.23 - 28.369,28.23,51562,28.23,100.0,100.0,us_market,finmb_145962352,NYSEArca,Invesco S&P Emerging Markets Low Volatility ETF,28.27,43292,52550,[],2.3289986,0.089439265,26.04 - 29.97,-1.6009998,-0.05342008,7.0162177,0.0,9.437543,0.0,7.99772,3.13195,3.13195,430513120.0,PRE,3.005973,,,28.6972,-0.3282013,-0.011436701,28.51485,-0.14585114,-0.0051149186,,15,0,America/New_York,EDT,-14400000,False,False,False,EELV,,,,,,
Emerging Markets,emerging_markets,42,NUEM,Nuveen ESG Emerging Markets Equity ETF,Yahoo Finance custom ETF screener,2026-09-28T12:36:45+00:00,en-US,US,ETF,ETF,Delayed Quote,False,LOW,USD,0.978578,0.36,2.96,,Nuveen ESG Emerging Markets Equ,43.1125,0.417801,0.978578,47.26,38.8,BTS,44.661,33.47,True,1497274200000,2,,,,,0.417801,1790365330,43.1125,43.32,42.6701 - 43.32,42.6701,607594,42.6947,1400.0,400.0,us_market,finmb_420306445,Cboe US,Nuveen ESG Emerging Markets Equity ETF,42.88,57112,183350,[],9.642498,0.28809375,33.47 - 44.661,-1.5485001,-0.034672312,21.07333,0.0,14.335668,0.0,20.86028,0.65558,0.65558,421261440.0,PRE,3.007359,,,41.85474,1.2577591,0.030050578,39.760555,3.351944,0.084303245,,15,0,America/New_York,EDT,-14400000,False,False,False,NUEM,,,,,,
Emerging Markets,emerging_markets,43,JPEM,JPMorgan Diversified Return Emerging Markets Equity ETF,Yahoo Finance custom ETF screener,2026-09-28T12:36:45+00:00,en-US,US,ETF,ETF,Delayed Quote,False,LOW,USD,0.300583,0.44,4.17,,JPMorgan Diversified Return Eme,64.435,0.1931,0.300583,68.18,0.0,PCX,67.53,57.578,True,1420813800000,2,,,,,0.1931,1790366400,64.435,64.4762,64.23 - 64.4762,64.23,16678,64.2419,200.0,100.0,us_market,finmb_260009369,NYSEArca,JPMorgan Diversified Return Emerging Markets Equity ETF,64.32,16185,19170,[],6.8569984,0.1190906,57.578 - 67.53,-3.0950012,-0.0458315,9.516287,0.0,11.64464,0.0,12.02736,3.4622,3.4622,398731648.0,PRE,5.533447,,,65.41248,-0.97748566,-0.014943412,64.16014,0.27485657,0.004283915,,15,0,America/New_York,EDT,-14400000,False,False,False,JPEM,,,,,,
Emerging Markets,emerging_markets,44,EEMS,iShares MSCI Emerging Markets Small-Cap ETF,Yahoo Finance custom ETF screener,2026-09-28T12:36:45+00:00,en-US,US,ETF,ETF,Delayed Quote,False,LOW,USD,0.948114,0.72,2.79,,iShares MSCI Emerging Markets S,75.8935,0.712799,0.948114,0.0,71.58,PCX,79.44,65.04,True,1313674200000,2,,,,,0.712799,1790365853,75.8935,76.01,75.4301 - 76.01,75.4301,6064,75.1807,200.0,500.0,us_market,finmb_139511718,NYSEArca,iShares MSCI Emerging Markets Small-Cap ETF,75.54,62447,11440,[],10.8535,0.16687423,65.04 - 79.44,-3.5465012,-0.04464377,12.412977,0.0,14.9693165,0.0,14.6854,-1.09571,-1.09571,376071552.0,PRE,5.0699377,5750000.0,,74.3624,1.531105,0.020589776,73.18525,2.708252,0.037005436,,15,0,America/New_York,EDT,-14400000,False,False,False,EEMS,,,,,,
Emerging Markets,emerging_markets,45,AGEM,abrdn Emerging Markets Dividend Active ETF,Yahoo Finance custom ETF screener,2026-09-28T12:36:45+00:00,en-US,US,ETF,ETF,Nasdaq Real Time Price,False,LOW,USD,0.81004715,0.7,1.87,,abrdn Emerging Markets Dividend,49.5683,0.47000122,0.9558699,62.54,35.03,NGM,51.5,36.22,True,1739975400000,2,,,,,0.39830017,1790366400,49.5683,49.64,49.3764 - 49.64,49.3764,17267,49.17,2.0,2.0,us_market,finmb_1913236252,NasdaqGM,abrdn Emerging Markets Dividend Active ETF,49.41,10396,8760,[],13.348297,0.36853388,36.22 - 51.5,-1.9317017,-0.03750877,34.05452,0.0,12.554901,0.0,29.13547,0.42371,0.42371,372120512.0,PRE,3.9481232,,,48.57864,0.98965836,0.020372294,45.20684,4.361458,0.09647783,,15,0,America/New_York,EDT,-14400000,False,False,False,AGEM,,2025-02-18,,,,
Emerging Markets,emerging_markets,46,TLTE,Northern Trust Morningstar Emerging Markets Factor Tilt ETF,Yahoo Finance custom ETF screener,2026-09-28T12:36:45+00:00,en-US,US,ETF,ETF,Delayed Quote,False,LOW,USD,0.990915,0.57,3.21,,Northern Trust Morningstar Emer,77.0597,0.756104,0.990915,81.44,72.66,PCX,80.63,61.37,True,1349184600000,2,,,,,0.756104,1790363653,77.0597,77.0597,76.59 - 77.0597,76.59,2999,76.3036,400.0,100.0,us_market,finmb_207419456,NYSEArca,Northern Trust Morningstar Emerging Markets Factor Tilt ETF,76.98,7030,16770,[],15.689701,0.25565752,61.37 - 80.63,-3.5702972,-0.04428001,22.667944,0.0,11.325088,0.0,21.11436,-1.16517,-1.16517,356897824.0,PRE,6.804336,,,75.869,1.1906967,0.015694113,72.73235,4.327347,0.05949686,,15,0,America/New_York,EDT,-14400000,False,False,False,TLTE,,,,,,
Emerging Markets,emerging_markets,47,ECON,Columbia Research Enhanced Emerging Economies ETF,Yahoo Finance custom ETF screener,2026-09-28T12:36:45+00:00,en-US,US,ETF,ETF,Delayed Quote,False,LOW,USD,1.43329,0.47,1.36,,Columbia Research Enhanced Emer,36.17,0.511097,1.43329,0.0,0.0,PCX,38.18,26.08,True,1284471000000,2,,,,,0.511097,1790366400,36.17,36.19,35.87 - 36.19,35.87,14541,35.6589,300.0,500.0,us_market,finmb_113360272,NYSEArca,Columbia Research Enhanced Emerging Economies ETF,36.02,28793,9800,[],10.089998,0.38688645,26.08 - 38.18,-2.0100021,-0.05264542,36.645256,0.0,15.1298,0.0,29.53801,-1.54824,-1.54824,315185152.0,PRE,2.3906462,,,34.8404,1.3295975,0.03816252,32.3048,3.8652,0.11964786,,15,0,America/New_York,EDT,-14400000,False,False,False,ECON,,,,,,
Emerging Markets,emerging_markets,48,DEXC,Dimensional Emerging Markets ex China Core Equity ETF,Yahoo Finance custom ETF screener,2026-09-28T12:36:45+00:00,en-US,US,ETF,ETF,Delayed Quote,False,LOW,USD,1.08225,0.43,1.54,,Dimensional Emerging Markets ex,80.8658,0.865799,1.08225,129.04,0.0,PCX,86.67,55.88,True,1731594600000,2,,,,,0.865799,1790362697,80.8658,81.185,80.4008 - 81.185,80.4008,41585,80.0,1000.0,500.0,us_market,finmb_1884220869,NYSEArca,Dimensional Emerging Markets ex China Core Equity ETF,80.71,23788,31000,[],24.985798,0.4471331,55.88 - 86.67,-5.804199,-0.066968955,43.430294,0.0,14.830395,0.0,33.14708,-2.07833,-2.07833,307778592.0,PRE,5.4527073,,,77.88078,2.9850159,0.038328014,72.47459,8.391212,0.11578145,,15,0,America/New_York,EDT,-14400000,False,False,False,DEXC,,,,,,
Emerging Markets,emerging_markets,49,HEEM,iShares Currency Hedged MSCI Emerging Markets ETF,Yahoo Finance custom ETF screener,2026-09-28T12:36:45+00:00,en-US,US,ETF,ETF,Delayed Quote,False,LOW,USD,0.717901,0.72,1.72,,iShares Currency Hedged MSCI Em,42.3,0.305,0.717901,42.4,0.0,BTS,46.49,32.93,True,1411651800000,2,-0.49000168,-1.1451312,1790596638.0,42.3,0.305,1790366169,42.79,42.9,42.605 - 42.9,42.605,19540,42.485,1000.0,800.0,us_market,finmb_262942725,Cboe US,iShares Currency Hedged MSCI Emerging Markets ETF,42.72,148828,16730,[],9.860001,0.29942304,32.93 - 46.49,-3.7000008,-0.07958702,27.685606,,14.451843,,21.81113,-3.7918,-3.7918,289144576.0,PRE,2.9608681,8750000.0,,41.91766,0.87234116,0.020810828,40.10929,2.6807098,0.066835135,,15,0,America/New_York,EDT,-14400000,False,False,False,HEEM,,,,,,
Emerging Markets,emerging_markets,50,VEXC,Vanguard Emerging Markets Ex-China ETF,Yahoo Finance custom ETF screener,2026-09-28T12:36:45+00:00,en-US,US,ETF,ETF,Delayed Quote,False,LOW,USD,0.799083,0.07,,,Vanguard Emerging Markets Ex-Ch,97.13,0.769997,0.799083,0.0,0.0,PCX,98.79,74.975,True,1759411800000,2,,,,,0.769997,1790366400,97.13,97.1674,96.625 - 97.1674,96.625,17182,96.36,300.0,100.0,us_market,finmb_1945688959,NYSEArca,Vanguard Emerging Markets Ex-China ETF,96.7,20626,18530,[],22.154999,0.2954985,74.975 - 98.79,-1.6600037,-0.016803358,27.198433,0.0,17.988564,0.0,22.80828,2.73383,2.73383,269360000.0,PRE,5.3995414,,,95.11736,2.0126343,0.021159483,89.390785,7.739212,0.08657729,,15,0,America/New_York,EDT,-14400000,False,False,False,VEXC,,,,,,
Emerging Markets,emerging_markets,51,EMQQ,EMQQ The Emerging Markets Internet ETF,Yahoo Finance custom ETF screener,2026-09-28T12:36:45+00:00,en-US,US,ETF,ETF,Delayed Quote,False,LOW,USD,0.21799,0.86,3.68,,EMQQ The Emerging Markets Inter,31.3081,0.0681,0.21799,0.0,31.18,PCX,46.89,30.0,True,1416234600000,2,,,,,0.0681,1790364632,31.3081,31.39,31.1901 - 31.39,31.1901,24640,31.24,600.0,600.0,us_market,finmb_272410569,NYSEArca,EMQQ The Emerging Markets Internet ETF,31.31,35841,31440,[],1.3080997,0.043603323,30.0 - 46.89,-15.5819,-0.33230752,-32.858677,0.0,16.91458,0.0,-16.03867,4.37596,4.37596,259088416.0,PRE,1.8509535,,,33.38802,-2.0799198,-0.062295392,35.051006,-3.7429066,-0.10678457,,15,0,America/New_York,EDT,-14400000,False,False,False,EMQQ,,,,,,
Emerging Markets,emerging_markets,52,UEVM,VictoryShares Emerging Markets Value Momentum ETF,Yahoo Finance custom ETF screener,2026-09-28T12:36:45+00:00,en-US,US,ETF,ETF,Delayed Quote,False,LOW,USD,0.18475431,0.45,2.63,,VictoryShares Emerging Markets ,58.8897,0.20890045,0.3553871,77.12,43.33,NGM,61.771,52.98,True,1509111000000,2,,,,,0.10860062,1790366400,58.8897,58.99,58.74 - 58.99,58.74,4820,58.7811,2.0,2.0,us_market,finmb_533296187,NasdaqGM,VictoryShares Emerging Markets Value Momentum ETF,58.75,3461,2560,[],5.9097023,0.11154591,52.98 - 61.771,-2.881298,-0.046644833,6.7795634,0.0,10.320816,0.0,10.24904,1.83727,1.83727,255092832.0,PRE,5.7059155,,,59.82034,-0.93063736,-0.015557206,59.025154,-0.13545227,-0.0022948228,,15,0,America/New_York,EDT,-14400000,False,False,False,UEVM,,2022-11-01,,,,
Emerging Markets,emerging_markets,53,PIE,Invesco Dorsey Wright Emerging Markets Momentum ETF,Yahoo Finance custom ETF screener,2026-09-28T12:36:45+00:00,en-US,US,ETF,ETF,Delayed Quote,False,LOW,USD,1.4798898,0.9,1.69,,Invesco Dorsey Wright Emerging ,34.5539,0.45000076,1.3215882,33.12,30.54,NGM,35.17,22.58,True,1199716200000,2,,,,,0.50390244,1790366400,34.5539,34.63,34.225 - 34.63,34.225,26581,34.05,1.0,1.0,us_market,finmb_39793584,NasdaqGM,Invesco Dorsey Wright Emerging Markets Momentum ETF,34.42,81600,20380,[],11.973902,0.5302879,22.58 - 35.17,-0.6160965,-0.017517673,43.59933,,19.974653,,41.91625,4.71739,4.71739,252333904.0,PRE,1.7298875,,,32.6418,1.9121017,0.05857832,29.50235,5.051552,0.1712254,,15,0,America/New_York,EDT,-14400000,False,False,False,PIE,,,,,,
Emerging Markets,emerging_markets,54,FEMS,First Trust Emerging Markets Small Cap AlphaDEX Fund,Yahoo Finance custom ETF screener,2026-09-28T12:36:45+00:00,en-US,US,ETF,ETF,Nasdaq Real Time Price,False,LOW,USD,-0.13425454,0.8,4.09,,First Trust Emerging Markets Sm,44.7798,-0.069999695,-0.15610993,57.95,32.23,NGM,49.49,40.94,True,1329489000000,2,,,,,-0.060199738,1790366400,44.7798,44.9,44.5 - 44.9,44.5,11848,44.84,2.0,2.0,us_market,finmb_170740227,NasdaqGM,First Trust Emerging Markets Small Cap AlphaDEX Fund,44.55,44982,31420,[],3.8398018,0.09379096,40.94 - 49.49,-4.7102013,-0.095174804,1.8885136,,7.5194063,,12.85262,0.95923,0.95923,245606752.0,PRE,5.9552307,,,45.5032,-0.7234001,-0.015897786,45.66345,-0.8836479,-0.019351318,,15,0,America/New_York,EDT,-14400000,False,False,False,FEMS,1530230400.0,,,,,
Emerging Markets,emerging_markets,55,ECOW,Pacer Emerging Markets Cash Cows 100 ETF,Yahoo Finance custom ETF screener,2026-09-28T12:36:45+00:00,en-US,US,ETF,ETF,Delayed Quote,False,LOW,USD,0.09404374,0.7,4.43,,Pacer Emerging Markets Cash Cow,26.61,0.025001526,0.09404374,35.49,27.55,NGM,29.53,23.48,True,1557149400000,2,,,,,0.025001526,1790366400,26.61,26.63,26.51 - 26.63,26.51,16894,26.585,1.0,2.0,us_market,finmb_382012009,NasdaqGM,Pacer Emerging Markets Cash Cows 100 ETF,26.54,34725,85050,[],3.130001,0.13330498,23.48 - 29.53,-2.92,-0.0988825,9.510088,0.0,9.111021,0.0,13.58058,0.2981,0.2981,224537008.0,PRE,2.9206388,,,27.35038,-0.74037933,-0.027070167,26.892345,-0.28234482,-0.010499078,,15,0,America/New_York,EDT,-14400000,False,False,False,ECOW,,,,,,
Emerging Markets,emerging_markets,56,AVSE,Avantis Responsible Emerging Markets Equity ETF,Yahoo Finance custom ETF screener,2026-09-28T12:36:45+00:00,en-US,US,ETF,ETF,Delayed Quote,False,LOW,USD,0.872008,0.33,2.05,,Avantis Responsible Emerging Ma,80.0722,0.6922,0.872008,84.67,0.0,PCX,84.925,61.79,True,1648647000000,2,,,,,0.6922,1790364202,80.0722,80.21,79.53 - 80.21,79.53,8650,79.38,300.0,200.0,us_market,finmb_1761086630,NYSEArca,Avantis Responsible Emerging Markets Equity ETF,79.8201,12530,7610,[],18.282196,0.2958763,61.79 - 84.925,-4.852806,-0.057142254,26.55003,0.0,13.059777,0.0,22.86955,-1.96521,-1.96521,221629088.0,PRE,6.131207,,,78.01268,2.059517,0.02639977,74.06651,6.005684,0.08108501,,15,0,America/New_York,EDT,-14400000,False,False,False,AVSE,,,,,,
Emerging Markets,emerging_markets,57,FEMR,Fidelity Enhanced Emerging Markets ETF,Yahoo Finance custom ETF screener,2026-09-28T12:36:45+00:00,en-US,US,ETF,ETF,Delayed Quote,False,LOW,USD,0.92481,0.38,1.5,,Fidelity Enhanced Emerging Mark,42.015,0.384998,0.92481,0.0,0.0,PCX,44.41,30.23,True,1732199400000,2,,,,,0.384998,1790366341,42.015,42.1,41.71 - 42.1,41.71,42635,41.63,500.0,700.0,us_market,finmb_1886540812,NYSEArca,Fidelity Enhanced Emerging Markets ETF,41.785,41169,40910,[],11.785,0.38984454,30.23 - 44.41,-2.3950005,-0.053929307,36.014893,0.0,13.849581,0.0,28.19801,-1.93867,-1.93867,189423952.0,PRE,3.033666,,,40.70392,1.3110809,0.03221019,38.2182,3.7967987,0.099345304,,15,0,America/New_York,EDT,-14400000,False,False,False,FEMR,,,,,,
Emerging Markets,emerging_markets,58,EEMX,State Street SPDR MSCI Emerging Markets Fossil Fuel Reserves Free ETF,Yahoo Finance custom ETF screener,2026-09-28T12:36:45+00:00,en-US,US,ETF,ETF,Delayed Quote,False,LOW,USD,1.20705,0.3,1.8,,State Street SPDR MSCI Emerging,53.8966,0.642799,1.20705,56.99,0.0,PCX,56.38,40.677,True,1479220200000,2,,,,,0.642799,1790365407,53.8966,54.02,53.67 - 54.02,53.67,4263,53.2538,100.0,800.0,us_market,finmb_323713416,NYSEArca,State Street SPDR MSCI Emerging Markets Fossil Fuel Reserves Free ETF,53.57,5901,3540,[],13.219601,0.3249896,40.677 - 56.38,-2.4834023,-0.044047575,29.544521,0.0,14.792156,0.0,25.24629,-0.97937,-0.97937,186495680.0,PRE,3.643593,,,52.25348,1.6431198,0.031445175,49.15289,4.7437096,0.09650927,,15,0,America/New_York,EDT,-14400000,False,False,False,EEMX,,,,,,
Emerging Markets,emerging_markets,59,EMMF,WisdomTree Emerging Markets Multifactor Fund,Yahoo Finance custom ETF screener,2026-09-28T12:36:45+00:00,en-US,US,ETF,ETF,Delayed Quote,False,LOW,USD,0.703882,0.48,1.93,,WisdomTree Emerging Markets Mul,38.4574,0.268803,0.703882,61.14,15.47,PCX,40.96,29.94,True,1533907800000,2,,,,,0.268803,1790364739,38.4574,38.525,38.2841 - 38.525,38.2841,7071,38.1886,100.0,1200.0,us_market,finmb_563363378,NYSEArca,WisdomTree Emerging Markets Multifactor Fund,38.32,12788,17280,[],8.517401,0.28448233,29.94 - 40.96,-2.5025978,-0.06109858,25.850784,0.0,14.899326,0.0,22.28051,-3.10227,-3.10227,183513632.0,PRE,2.5811503,,,37.65,0.80739975,0.02144488,35.8841,2.5732994,0.071711406,,15,0,America/New_York,EDT,-14400000,False,False,False,EMMF,,,,,,
Emerging Markets,emerging_markets,60,EMKT,Lazard Emerging Markets Opportunities ETF,Yahoo Finance custom ETF screener,2026-09-28T12:36:45+00:00,en-US,US,ETF,ETF,Delayed Quote,False,LOW,USD,0.895562,0.74,0.44,,Lazard Emerging Markets Opportu,31.8608,0.282801,0.895562,0.0,0.0,PCX,33.28,23.769,True,1761571800000,2,,,,,0.282801,1790366203,31.8608,31.89,31.725 - 31.89,31.725,15327,31.578,100.0,200.0,us_market,finmb_249884291,NYSEArca,Lazard Emerging Markets Opportunities ETF,31.86,16453,10420,[],8.091801,0.34043506,23.769 - 33.28,-1.419199,-0.042644203,25.397514,0.0,18.616276,0.0,25.12033,-1.73571,-1.73571,180778256.0,PRE,1.7114486,,,31.07504,0.785759,0.025285855,29.022705,2.8380947,0.09778877,,15,0,America/New_York,EDT,-14400000,False,False,False,EMKT,,,,,,
Emerging Markets,emerging_markets,61,EMXF,iShares ESG Advanced MSCI EM ETF,Yahoo Finance custom ETF screener,2026-09-28T12:36:45+00:00,en-US,US,ETF,ETF,Delayed Quote,False,LOW,USD,0.8135711,0.16,2.68,,iShares ESG Advanced MSCI EM ET,58.2652,0.44000244,0.76131576,56.96,56.07,NGM,60.04,44.11,True,1602595800000,2,,,,,0.4702034,1790366400,58.2652,58.5699,57.9965 - 58.5699,57.9965,22322,57.795,5.0,5.0,us_market,finmb_662352510,NasdaqGM,iShares ESG Advanced MSCI EM ETF,58.13,8068,10680,[],14.155201,0.32090685,44.11 - 60.04,-1.7747993,-0.029560281,29.225075,0.0,13.4338455,0.0,24.50972,0.3959,0.3959,165820240.0,PRE,4.3371944,,,56.7414,1.5237999,0.026855169,53.057915,5.207287,0.09814345,,15,0,America/New_York,EDT,-14400000,False,False,False,EMXF,,,,,,
Emerging Markets,emerging_markets,62,MFEM,PIMCO RAFI Dynamic Multi-Factor Emerging Markets Equity ETF,Yahoo Finance custom ETF screener,2026-09-28T12:36:45+00:00,en-US,US,ETF,ETF,Delayed Quote,False,LOW,USD,0.930451,0.49,2.18,,PIMCO RAFI Dynamic Multi-Factor,28.735,0.2649,0.930451,45.68,11.56,PCX,30.6,21.46,True,1504791000000,2,,,,,0.2649,1790361780,28.735,28.7649,28.662 - 28.7649,28.662,5338,28.4701,100.0,400.0,us_market,finmb_423062300,NYSEArca,PIMCO RAFI Dynamic Multi-Factor Emerging Markets Equity ETF,28.665,15409,8780,[],7.2750015,0.33900288,21.46 - 30.6,-1.8649998,-0.060947705,27.949953,0.0,12.448267,0.0,25.70605,-2.8763,-2.8763,159179200.0,PRE,2.3083534,,,28.08776,0.6472397,0.023043478,26.823694,1.9113064,0.0712544,,15,0,America/New_York,EDT,-14400000,False,False,False,MFEM,,,,,,
Emerging Markets,emerging_markets,63,DGRE,WisdomTree Emerging Markets Quality Dividend Growth Fund,Yahoo Finance custom ETF screener,2026-09-28T12:36:45+00:00,en-US,US,ETF,ETF,Delayed Quote,False,LOW,USD,1.9238279,0.32,1.27,,WisdomTree Emerging Markets Qua,41.4779,0.77000046,1.8921254,50.84,28.37,NGM,43.24,28.468,True,1375363800000,2,,,,,0.78290176,1790366400,41.4779,42.32,40.995 - 42.32,40.995,32170,40.695,2.0,2.0,us_market,finmb_206612697,NasdaqGM,WisdomTree Emerging Markets Quality Dividend Growth Fund,41.21,11152,14700,[],13.009901,0.45700088,28.468 - 43.24,-1.7621002,-0.04075162,44.977283,0.0,15.452027,0.0,30.6182,1.74008,1.74008,150302608.0,PRE,2.6843016,,,39.9372,1.5407028,0.038578138,36.89675,4.58115,0.12416134,,15,0,America/New_York,EDT,-14400000,False,False,False,DGRE,1490918400.0,,,,,
Emerging Markets,emerging_markets,64,STXE,Strive Emerging Markets Ex-China ETF,Yahoo Finance custom ETF screener,2026-09-28T12:36:45+00:00,en-US,US,ETF,ETF,Delayed Quote,False,LOW,USD,1.61355,0.32,1.78,,Strive Emerging Markets Ex-Chin,51.5514,0.8186,1.61355,0.0,0.0,NYQ,55.39,32.08,True,1675175400000,2,,,,,0.8186,1790360605,51.5514,51.585,51.2049 - 51.585,51.2049,2458,50.7328,400.0,400.0,us_market,finmb_1792316777,NYSE,Strive Emerging Markets Ex-China ETF,51.06,10331,8220,[],19.471397,0.60696375,32.08 - 55.39,-3.8386002,-0.06930132,57.191647,0.0,15.220066,0.0,39.73561,-2.36597,-2.36597,145583104.0,PRE,3.387068,,,49.13058,2.4208183,0.04927315,44.9326,6.618801,0.1473051,,15,0,America/New_York,EDT,-14400000,False,False,False,STXE,,,,,,
Emerging Markets,emerging_markets,65,GSEE,Goldman Sachs MarketBeta Emerging Markets Equity ETF,Yahoo Finance custom ETF screener,2026-09-28T12:36:45+00:00,en-US,US,ETF,ETF,Delayed Quote,False,LOW,USD,1.14865,0.36,2.05,,Goldman Sachs MarketBeta Emergi,69.9628,0.794502,1.14865,73.95,0.0,BTS,74.01,54.335,True,1589895000000,2,,,,,0.794502,1790363497,69.9628,69.9628,69.93 - 69.9628,69.93,308,69.1683,200.0,100.0,us_market,finmb_668001321,Cboe US,Goldman Sachs MarketBeta Emerging Markets Equity ETF,69.93,3647,480,[],15.6278,0.2876194,54.335 - 74.01,-4.047203,-0.054684542,26.002705,0.0,14.451185,0.0,22.85613,-1.60352,-1.60352,138688384.0,PRE,4.841319,,,68.1014,1.8613968,0.027332723,64.63673,5.3260727,0.0824001,,15,0,America/New_York,EDT,-14400000,False,False,False,GSEE,,,,,,
Emerging Markets,emerging_markets,66,KEMX,KraneShares MSCI Emerging Markets ex China Index ETF,Yahoo Finance custom ETF screener,2026-09-28T12:36:45+00:00,en-US,US,ETF,ETF,Delayed Quote,False,LOW,USD,1.32978,0.24,2.37,,KraneShares MSCI Emerging Marke,52.1059,0.6838,1.32978,81.31,48.0,PCX,54.905,34.31,True,1555075800000,2,,,,,0.6838,1790364869,52.1059,52.165,51.955 - 52.165,51.955,9351,51.4221,1000.0,100.0,us_market,finmb_598593088,NYSEArca,KraneShares MSCI Emerging Markets ex China Index ETF,51.97,8361,5250,[],17.795898,0.5186796,34.31 - 54.905,-2.799099,-0.05098077,50.82641,0.0,14.37138,0.0,37.75456,-0.46467,-0.46467,133677152.0,PRE,3.6256714,,,50.18226,1.9236412,0.038333092,45.902336,6.2035637,0.13514702,,15,0,America/New_York,EDT,-14400000,False,False,False,KEMX,,,,,,
Emerging Markets,emerging_markets,67,OAEM,OneAscent Emerging Markets ETF,Yahoo Finance custom ETF screener,2026-09-28T12:36:45+00:00,en-US,US,ETF,ETF,Delayed Quote,False,LOW,USD,1.34129,1.25,0.58,,OneAscent Emerging Markets ETF,50.1763,0.664101,1.34129,78.3,0.0,PCX,51.84,33.23,True,1663248600000,2,,,,,0.664101,1790362730,50.1763,50.38,50.14 - 50.38,50.14,8596,49.5122,200.0,300.0,us_market,finmb_1796780093,NYSEArca,OneAscent Emerging Markets ETF,50.11,12906,7310,[],16.9463,0.50996995,33.23 - 51.84,-1.6637001,-0.03209298,46.507824,0.0,10.945082,0.0,34.35449,0.75897,0.75897,131392032.0,PRE,4.5843697,,,48.21834,1.9579582,0.04060609,44.6399,5.5364,0.12402357,,15,0,America/New_York,EDT,-14400000,False,False,False,OAEM,,,,,,
Emerging Markets,emerging_markets,68,FTHF,First Trust Emerging Markets Human Flourishing ETF,Yahoo Finance custom ETF screener,2026-09-28T12:36:45+00:00,en-US,US,ETF,ETF,Delayed Quote,False,LOW,USD,1.57688,0.75,2.01,,First Trust Emerging Markets Hu,50.0708,0.777302,1.57688,0.0,20.03,PCX,53.33,29.32,True,1698931800000,2,,,,,0.777302,1790365933,50.0708,50.23,49.541 - 50.23,49.541,8433,49.2935,100.0,200.0,us_market,finmb_1847544494,NYSEArca,First Trust Emerging Markets Human Flourishing ETF,49.6,17601,14780,[],20.750801,0.70773536,29.32 - 53.33,-3.259201,-0.061113838,70.22268,0.0,11.78712,0.0,46.34275,-1.76388,-1.76388,127234368.0,PRE,4.247925,,,47.16708,2.9037209,0.06156245,42.702484,7.3683167,0.17255007,,15,0,America/New_York,EDT,-14400000,False,False,False,FTHF,,,,,,
Emerging Markets,emerging_markets,69,AVEE,Avantis Emerging Markets Small Cap Equity ETF,Yahoo Finance custom ETF screener,2026-09-28T12:36:45+00:00,en-US,US,ETF,ETF,Delayed Quote,False,LOW,USD,0.732733,0.42,2.21,,Avantis Emerging Markets Small ,68.6695,0.499504,0.732733,109.18,27.61,PCX,72.93,60.89,True,1699540200000,2,,,,,0.499504,1790364786,68.6695,68.79,68.34 - 68.79,68.34,12344,68.17,200.0,200.0,us_market,finmb_1852995487,NYSEArca,Avantis Emerging Markets Small Cap Equity ETF,68.48,14209,9810,[],7.779503,0.12776323,60.89 - 72.93,-4.260498,-0.058419004,7.616365,0.0,12.764154,0.0,12.52883,-1.69615,-1.69615,125210384.0,PRE,5.379871,,,67.64002,1.02948,0.015219983,67.15504,1.5144653,0.022551775,,15,0,America/New_York,EDT,-14400000,False,False,False,AVEE,,,,,,
Emerging Markets,emerging_markets,70,REMG,Russell Investments Emerging Markets Equity ETF,Yahoo Finance custom ETF screener,2026-09-28T12:36:45+00:00,en-US,US,ETF,ETF,Nasdaq Real Time Price,False,LOW,USD,0.6349652,0.64,1.1,,Russell Investments Emerging Ma,37.245,0.26010132,0.7027866,36.51,35.85,NGM,38.963,27.73,True,1748611800000,2,,,,,0.23500061,1790366400,37.245,37.35,36.9861 - 37.35,36.9861,8576,37.01,1.0,1.0,us_market,finmb_1913357557,NasdaqGM,Russell Investments Emerging Markets Equity ETF,37.2,18369,15170,[],9.514999,0.34313017,27.73 - 38.963,-1.7180023,-0.044093173,30.73008,0.0,16.258266,0.0,24.8627,-2.10155,-2.10155,123173344.0,PRE,2.2908347,,,36.24736,0.9976387,0.027523072,34.170746,3.074253,0.0899674,,15,0,America/New_York,EDT,-14400000,False,False,False,REMG,,,,,,
Emerging Markets,emerging_markets,71,ROAM,Hartford Multifactor Emerging Markets ETF,Yahoo Finance custom ETF screener,2026-09-28T12:36:45+00:00,en-US,US,ETF,ETF,Delayed Quote,False,LOW,USD,0.441503,0.44,2.31,,Hartford Multifactor Emerging M,35.9902,0.158199,0.441503,57.58,14.47,PCX,37.76,27.35,True,1425047400000,2,,,,,0.158199,1790362976,35.9902,36.0784,35.85 - 36.0784,35.85,8645,35.832,100.0,200.0,us_market,finmb_274566864,NYSEArca,Hartford Multifactor Emerging Markets ETF,36.02,11011,9090,[],8.6402,0.31591225,27.35 - 37.76,-1.7697983,-0.04686966,29.5583,0.0,15.726214,0.0,26.89759,-0.72926,-0.72926,111397560.0,PRE,2.2885482,,,35.52218,0.4680214,0.01317547,33.5266,2.4636002,0.073481955,,15,0,America/New_York,EDT,-14400000,False,False,False,ROAM,,,,,,
Emerging Markets,emerging_markets,72,DBEM,Xtrackers MSCI Emerging Markets Hedged Equity ETF,Yahoo Finance custom ETF screener,2026-09-28T12:36:45+00:00,en-US,US,ETF,ETF,Delayed Quote,False,LOW,USD,0.536876,0.66,2.13,,Xtrackers MSCI Emerging Markets,39.6436,0.2117,0.536876,0.0,0.0,PCX,45.42,30.17,True,1307626200000,2,,,,,0.2117,1790362437,39.6436,39.71,39.45 - 39.71,39.45,2847,39.4319,100.0,300.0,us_market,finmb_134106029,NYSEArca,Xtrackers MSCI Emerging Markets Hedged Equity ETF,39.45,11369,5880,[],9.4736,0.3140073,30.17 - 45.42,-5.7763977,-0.1271774,29.754496,0.0,14.605521,0.0,22.51359,-3.2835,-3.2835,109133096.0,PRE,2.7142887,,,38.8122,0.8314018,0.021421148,37.0428,2.6007996,0.07021066,,15,0,America/New_York,EDT,-14400000,False,False,False,DBEM,,,,,,
Emerging Markets,emerging_markets,73,DIEM,Franklin Emerging Market Core Dividend Tilt Index ETF,Yahoo Finance custom ETF screener,2026-09-28T12:36:45+00:00,en-US,US,ETF,ETF,Delayed Quote,False,LOW,USD,0.492841,0.19,2.87,,Franklin Emerging Market Core D,43.4111,0.212898,0.492841,0.0,0.0,PCX,46.58,31.268,True,1464960600000,2,,,,,0.212898,1790360662,43.4111,43.52,43.27 - 43.52,43.27,4548,43.1982,500.0,400.0,us_market,finmb_322036465,NYSEArca,Franklin Emerging Market Core Dividend Tilt Index ETF,43.47,24409,13680,[],12.143099,0.38835546,31.268 - 46.58,-3.1689034,-0.068031415,35.53654,0.0,11.991503,0.0,29.95146,-0.19294,-0.19294,94386664.0,PRE,3.620155,,,42.30054,1.1105576,0.02625398,39.367054,4.0440445,0.10272662,,15,0,America/New_York,EDT,-14400000,False,False,False,DIEM,,,,,,
Emerging Markets,emerging_markets,74,BKEM,BNY Mellon Emerging Markets Equity ETF,Yahoo Finance custom ETF screener,2026-09-28T12:36:45+00:00,en-US,US,ETF,ETF,Delayed Quote,False,LOW,USD,1.02079,0.11,1.86,,BNY Mellon Emerging Markets Equ,30.9755,0.313,1.02079,0.0,0.0,PCX,33.513332,23.576668,True,1587735000000,2,,,,,0.313,1790366208,30.9755,30.985,30.795 - 30.985,30.795,6769,30.6625,100.0,200.0,us_market,finmb_639336259,NYSEArca,BNY Mellon Emerging Markets Equity ETF,30.795,18677,8070,[],7.3988323,0.3138201,23.576668 - 33.513332,-2.5378323,-0.07572605,27.194096,0.0,14.456159,0.0,22.91199,-1.66781,-1.66781,92288688.0,PRE,2.14272,,,30.26808,0.70742035,0.023371829,28.890808,2.084692,0.07215762,,15,0,America/New_York,EDT,-14400000,False,False,False,BKEM,,,,,,
Emerging Markets,emerging_markets,75,AFEM,First Trust Active Factor Emerging Markets Fund,Yahoo Finance custom ETF screener,2026-09-28T12:36:45+00:00,en-US,US,ETF,ETF,Delayed Quote,False,LOW,USD,0.8752081,0.85,2.51,,,99.5023,0.8560028,0.8678137,,,NGM,100.834,73.81,True,1465997400000,2,,,,,0.8632965,1790366400,99.5023,99.5023,99.01 - 99.5023,99.01,4595,98.639,,,us_market,finmb_317654871,NasdaqGM,First Trust Active Factor Emerging Markets Fund,99.11,3377,3010,[],25.692299,0.34808698,73.81 - 100.834,-1.3317032,-0.013206886,31.668652,0.0,14.834438,0.0,26.4947,4.82469,4.82469,83747496.0,PRE,6.7075205,,,96.46112,3.0411758,0.03152748,89.79339,9.708908,0.10812498,,15,0,America/New_York,EDT,-14400000,False,False,False,AFEM,,,First Trust Exchange-Traded Fund III - First Trust RiverFront Dynamic Emerging Markets ETF,2026-09-25,,
Emerging Markets,emerging_markets,76,XC,WisdomTree True Emerging Markets Fund,Yahoo Finance custom ETF screener,2026-09-28T12:36:45+00:00,en-US,US,ETF,ETF,Delayed Quote,False,LOW,USD,0.513149,0.32,1.83,,WisdomTree True Emerging Market,31.34,0.16,0.513149,49.83,12.61,PCX,35.864,30.04,True,1663853400000,2,,,,,0.16,1790366400,31.34,31.34,31.34 - 31.34,31.34,263,31.18,500.0,500.0,us_market,finmb_1771460361,NYSEArca,WisdomTree True Emerging Markets Fund,31.34,11684,11060,[],1.2999992,0.043275606,30.04 - 35.864,-4.5239983,-0.12614316,-9.623093,0.0,15.73215,0.0,0.99675,2.66823,2.66823,81010616.0,PRE,1.9920989,,,32.17234,-0.83234024,-0.0258713,32.353264,-1.0132637,-0.031318747,,15,0,America/New_York,EDT,-14400000,False,False,False,XC,,,,,,
Emerging Markets,emerging_markets,77,BKF,iShares MSCI BIC ETF,Yahoo Finance custom ETF screener,2026-09-28T12:36:45+00:00,en-US,US,ETF,ETF,Delayed Quote,False,LOW,USD,-0.15252,0.72,1.56,,iShares MSCI BIC ETF,39.28,-0.0600014,-0.15252,0.0,0.0,PCX,46.23,38.39,True,1195569000000,2,,,,,-0.0600014,1790366400,39.28,39.375,39.28 - 39.375,39.28,735,39.34,400.0,100.0,us_market,finmb_39088173,NYSEArca,iShares MSCI BIC ETF,39.375,6276,14540,[],0.8899994,0.023183106,38.39 - 46.23,-6.950001,-0.1503353,-13.020372,,13.366311,,-6.3784,1.08148,1.08148,75443224.0,PRE,2.9387314,,,40.3668,-1.0867996,-0.026923107,41.78955,-2.509552,-0.06005214,,15,0,America/New_York,EDT,-14400000,False,False,False,BKF,,,,,,
Emerging Markets,emerging_markets,78,RWEM,Rayliant NxtGen Multifactor Emerging Markets Equity ETF,Yahoo Finance custom ETF screener,2026-09-28T12:36:45+00:00,en-US,US,EQUITY,Equity,Delayed Quote,False,LOW,USD,-0.78294,,,,Rayliant Wilshire NxtGen Emergi,36.75,-0.290001,-0.78294,57.34,0.0,PCX,42.02,26.0,True,1639665000000,2,,,,,-0.290001,1790365973,36.75,37.01,35.8875 - 37.01,35.8875,4533,37.04,100.0,100.0,us_market,finmb_1684796033,NYSEArca,Rayliant NxtGen Multifactor Emerging Markets Equity ETF,37.01,9965,10010,[],10.75,0.41346154,26.0 - 42.02,-5.2700005,-0.12541647,31.132912,0.0,11.543064,0.0,,,,,PRE,3.1837301,,,35.81886,0.9311409,0.025995828,33.44097,3.3090286,0.09895133,,15,0,America/New_York,EDT,-14400000,False,False,False,RWEM,,,The Advisors' Inner Circle Fund III - Rayliant Quantamental Emerging Market Equity ETF,2026-09-28,,
Emerging Markets,emerging_markets,79,FFEM,Fidelity Fundamental Emerging M,Yahoo Finance custom ETF screener,2026-09-28T12:36:45+00:00,en-US,US,ETF,ETF,Delayed Quote,False,LOW,USD,1.13356,0.6,1.23,,Fidelity Fundamental Emerging M,42.7618,0.479298,1.13356,0.0,0.0,BTS,45.62,30.76,True,1732199400000,2,,,,,0.479298,1790361787,42.7618,42.94,42.615 - 42.94,42.615,5829,42.2825,300.0,100.0,us_market,finmb_1886540813,Cboe US,,42.75,15966,9510,[],12.001799,0.3901755,30.76 - 45.62,-2.8582,-0.06265235,35.520065,0.0,15.102051,0.0,27.90463,-1.66675,-1.66675,63610668.0,PRE,2.8315227,,,41.855,0.9067993,0.021665256,39.338455,3.4233437,0.087022826,,15,0,America/New_York,EDT,-14400000,False,False,False,FFEM,,,,,,
Emerging Markets,emerging_markets,80,EMCR,Xtrackers Emerging Markets Carbon Reduction and Climate Improvers ETF,Yahoo Finance custom ETF screener,2026-09-28T12:36:45+00:00,en-US,US,ETF,ETF,Delayed Quote,False,LOW,USD,0.863525,0.15,1.46,,Xtrackers Emerging Markets Carb,43.86,0.3755,0.863525,0.0,43.15,PCX,46.27,35.17,True,1544106600000,2,,,,,0.3755,1790366400,43.86,43.86,43.71 - 43.86,43.71,3059,43.4845,500.0,500.0,us_market,finmb_572582175,NYSEArca,Xtrackers Emerging Markets Carbon Reduction and Climate Improvers ETF,43.75,2420,2070,[],8.690002,0.24708566,35.17 - 46.27,-2.4099998,-0.052085582,21.445381,0.0,15.000915,0.0,20.11367,-1.06629,-1.06629,61571284.0,PRE,2.9238217,,,43.10264,0.75736237,0.017571136,41.32594,2.5340614,0.061318908,,15,0,America/New_York,EDT,-14400000,False,False,False,EMCR,,,,,,
Emerging Markets,emerging_markets,81,QEMM,State Street SPDR MSCI Emerging Markets StrategicFactors ETF,Yahoo Finance custom ETF screener,2026-09-28T12:36:45+00:00,en-US,US,ETF,ETF,Delayed Quote,False,LOW,USD,0.897778,0.3,4.3,,State Street SPDR MSCI Emerging,82.1091,0.730598,0.897778,0.0,77.42,PCX,83.21,63.92,True,1401975000000,2,,,,,0.730598,1790363636,82.1091,82.1091,81.56 - 82.1091,81.56,4476,81.3785,100.0,300.0,us_market,finmb_260847105,NYSEArca,State Street SPDR MSCI Emerging Markets StrategicFactors ETF,82.13,3330,2260,[],18.189102,0.28456044,63.92 - 83.21,-1.1008987,-0.013230366,24.296093,,15.031225,,25.01276,1.4222,1.4222,61496948.0,PRE,5.4625688,,,80.3128,1.7963028,0.022366334,75.28225,6.826851,0.09068341,,15,0,America/New_York,EDT,-14400000,False,False,False,QEMM,,,,,,
Emerging Markets,emerging_markets,82,EMEM,Sophus Capital Emerging Market ETF,Yahoo Finance custom ETF screener,2026-09-28T12:36:45+00:00,en-US,US,ETF,ETF,Delayed Quote,False,LOW,USD,0.63377196,0.65,,,Sophus Capital Emerging Market ,25.3899,0.11000061,0.43599135,27.61,23.41,NGM,28.66,23.41,True,1779283800000,2,,,,,0.15990067,1790366400,25.3899,25.3899,25.33 - 25.3899,25.33,24852,25.23,2.0,2.0,us_market,finmb_1979962734,NasdaqGM,Sophus Capital Emerging Market ETF,25.3401,58879,324660,[],1.9799004,0.08457498,23.41 - 28.66,-3.2700996,-0.11409978,0.19731522,0.0,12.835811,0.0,,-1.48264,-1.48264,59923972.0,PRE,1.9780519,,,25.4536,-0.06369972,-0.002502582,25.771797,-0.38189697,-0.014818407,,15,0,America/New_York,EDT,-14400000,False,False,False,EMEM,,2026-05-20,,,,
Emerging Markets,emerging_markets,83,EMC,Global X Emerging Markets Great Consumer ETF,Yahoo Finance custom ETF screener,2026-09-28T12:36:45+00:00,en-US,US,ETF,ETF,Delayed Quote,False,LOW,USD,0.989105,0.65,0.56,,Global X Emerging Markets Great,38.0123,0.372299,0.989105,0.0,18.32,PCX,39.3,27.88,True,1684157400000,2,,,,,0.372299,1790365146,38.0123,38.07,37.83 - 38.07,37.83,2991,37.64,700.0,300.0,us_market,finmb_110170727,NYSEArca,Global X Emerging Markets Great Consumer ETF,37.93,4865,3910,[],10.132299,0.36342537,27.88 - 39.3,-1.2877007,-0.03276592,22.477127,0.0,16.102655,0.0,21.26495,-0.82408,-0.82408,57897036.0,PRE,2.3606231,,,36.67492,1.3373795,0.03646578,34.66928,3.3430176,0.09642593,,15,0,America/New_York,EDT,-14400000,False,False,False,EMC,,,,,,
Emerging Markets,emerging_markets,84,EMM,Global X Emerging Markets ex-China ETF,Yahoo Finance custom ETF screener,2026-09-28T12:36:45+00:00,en-US,US,ETF,ETF,Delayed Quote,False,LOW,USD,1.20244,0.66,0.73,,Global X Emerging Markets ex-Ch,45.3308,0.538601,1.20244,0.0,40.0,PCX,47.54,31.087,True,1684157400000,2,,,,,0.538601,1790360661,45.3308,45.35,45.31 - 45.35,45.31,586,44.7922,200.0,200.0,us_market,finmb_1817498623,NYSEArca,Global X Emerging Markets ex-China ETF,45.31,5057,7110,[],14.243799,0.4581915,31.087 - 47.54,-2.2092018,-0.046470378,44.292713,0.0,17.092855,0.0,31.73262,-0.21239,-0.21239,57800172.0,PRE,2.652032,,,43.38364,1.9471588,0.044882327,40.235497,5.0953026,0.126637,,15,0,America/New_York,EDT,-14400000,False,False,False,EMM,,,,,,
Emerging Markets,emerging_markets,85,MEM,Matthews Emerging Markets Equity Active ETF,Yahoo Finance custom ETF screener,2026-09-28T12:36:45+00:00,en-US,US,ETF,ETF,Delayed Quote,False,LOW,USD,1.53415,0.79,2.89,,Matthews Emerging Markets Equit,44.6798,0.675098,1.53415,71.04,17.97,PCX,47.53,34.375,True,1657805400000,2,,,,,0.675098,1790365802,44.6798,44.68,44.3 - 44.68,44.3,4925,44.0047,300.0,200.0,us_market,finmb_1783648714,NYSEArca,Matthews Emerging Markets Equity Active ETF,44.3,2301,2760,[],10.304798,0.29977596,34.375 - 47.53,-2.8502007,-0.05996635,23.35726,0.0,13.668369,0.0,23.63163,-3.62962,-3.62962,54784584.0,PRE,3.2688463,,,43.68714,0.9926567,0.022721943,41.34081,3.3389893,0.08076739,,15,0,America/New_York,EDT,-14400000,False,False,False,MEM,,,,,,
Emerging Markets,emerging_markets,86,MEMX,Matthews Emerging Markets Ex China Active ETF,Yahoo Finance custom ETF screener,2026-09-28T12:36:45+00:00,en-US,US,ETF,ETF,Delayed Quote,False,LOW,USD,1.2211,0.79,1.58,,Matthews Emerging Markets ex Ch,48.8573,0.589401,1.2211,0.0,0.0,PCX,51.52,34.739,True,1673447400000,2,,,,,0.589401,1790356374,48.8573,48.93,48.67 - 48.93,48.67,1387,48.2679,400.0,400.0,us_market,finmb_1805362016,NYSEArca,Matthews Emerging Markets Ex China Active ETF,48.67,3376,2240,[],14.118301,0.40641072,34.739 - 51.52,-2.6627007,-0.051682852,40.611862,0.0,15.340888,0.0,27.72044,-1.97004,-1.97004,54457960.0,PRE,3.1847765,,,47.24932,1.6079788,0.034031786,44.27709,4.5802116,0.103444286,,15,0,America/New_York,EDT,-14400000,False,False,False,MEMX,,,,,,
Emerging Markets,emerging_markets,87,SDEM,Global X MSCI SuperDividend Emerging Markets ETF,Yahoo Finance custom ETF screener,2026-09-28T12:36:45+00:00,en-US,US,ETF,ETF,Delayed Quote,False,LOW,USD,0.0285185,0.66,4.78,,Global X MSCI SuperDividend Eme,32.9684,0.00939941,0.0285185,51.44,0.0,PCX,34.53,27.08,True,1426599000000,2,,,,,0.00939941,1790363846,32.9684,32.9684,32.95 - 32.9684,32.95,604,32.959,200.0,500.0,us_market,finmb_279013119,NYSEArca,Global X MSCI SuperDividend Emerging Markets ETF,32.95,3204,1770,[],5.888399,0.21744458,27.08 - 34.53,-1.5615997,-0.045224436,17.298794,,9.20916,,15.85595,4.59724,4.59724,51643368.0,PRE,3.5799575,,,33.35322,-0.38482285,-0.0115378015,32.44698,0.5214195,0.016069895,,15,0,America/New_York,EDT,-14400000,False,False,False,SDEM,,,,,,
Emerging Markets,emerging_markets,88,BCEM,Baron Emerging Markets Select ETF,Yahoo Finance custom ETF screener,2026-09-28T12:36:45+00:00,en-US,US,ETF,ETF,Delayed Quote,False,LOW,USD,0.834252,0.8,,,Baron Emerging Markets Select E,27.1711,0.2248,0.834252,0.0,0.0,NYQ,28.8,24.75,True,1775741400000,2,,,,,0.2248,1790366135,27.1711,27.24,27.1 - 27.24,27.1,16512,26.9463,300.0,300.0,us_market,finmb_1986407605,NYSE,Baron Emerging Markets Select ETF,27.1,9176,12830,[],2.4211006,0.09782225,24.75 - 28.8,-1.6288986,-0.05655898,8.679998,0.0,21.036917,0.0,,-4.10729,-4.10729,49328540.0,PRE,1.2915914,,,26.4698,0.70129967,0.026494332,26.774492,0.39660835,0.014812917,,15,0,America/New_York,EDT,-14400000,False,False,False,BCEM,,,,,,
Emerging Markets,emerging_markets,89,EMSC,Sophus Capital Emerging Market Small Cap ETF,Yahoo Finance custom ETF screener,2026-09-28T12:36:45+00:00,en-US,US,ETF,ETF,Delayed Quote,False,LOW,USD,0.2416896,0.85,,,Sophus Capital Emerging Market ,25.01,0.04030037,0.16152647,30.28,23.15,NGM,27.39,23.38,True,1779370200000,2,,,,,0.060300827,1790366400,25.01,25.01,24.94 - 25.01,24.94,30114,24.9497,2.0,2.0,us_market,finmb_1979962768,NasdaqGM,Sophus Capital Emerging Market Small Cap ETF,24.95,37387,181580,[],1.6300011,0.06971776,23.38 - 27.39,-2.3799992,-0.086893,-2.1900654,,13.447967,,,-3.24023,-3.24023,48825440.0,PRE,1.8597608,,,25.1682,-0.15819931,-0.0062856823,25.528976,-0.5189762,-0.020328907,,15,0,America/New_York,EDT,-14400000,False,False,False,EMSC,,2026-05-21,,,,
Emerging Markets,emerging_markets,90,EMSF,Matthews Emerging Markets Sustainable Future Active ETF,Yahoo Finance custom ETF screener,2026-09-28T12:36:45+00:00,en-US,US,ETF,ETF,Delayed Quote,False,LOW,USD,1.18186,0.79,4.87,,Matthews Emerging Markets Susta,40.0838,0.468201,1.18186,0.0,0.0,PCX,48.05,26.75,True,1695389400000,2,,,,,0.468201,1790365591,40.0838,40.0838,39.94 - 40.0838,39.94,3427,39.6156,200.0,200.0,us_market,finmb_1847718951,NYSEArca,Matthews Emerging Markets Sustainable Future Active ETF,40.02,3480,5540,[],13.333801,0.49845985,26.75 - 48.05,-7.966198,-0.16578977,37.731506,0.0,17.864464,0.0,38.8511,-2.21389,-2.21389,45308504.0,PRE,2.243773,,,38.8335,1.2503014,0.032196462,35.79102,4.292782,0.11994019,,15,0,America/New_York,EDT,-14400000,False,False,False,EMSF,,,,,,
Emerging Markets,emerging_markets,91,NSI,National Security Emerging Markets Index ETF,Yahoo Finance custom ETF screener,2026-09-28T12:36:45+00:00,en-US,US,ETF,ETF,Nasdaq Real Time Price,False,LOW,USD,0.43421495,0.75,1.21,,National Security Emerging Mark,38.396,0.040100098,0.10489171,38.0,37.93,NGM,39.846,31.457,True,1701959400000,2,,,,,0.16600037,1790366400,38.396,38.396,38.2701 - 38.396,38.2701,219,38.23,5.0,5.0,us_market,finmb_1826119518,NasdaqGM,National Security Emerging Markets Index ETF,38.2701,1276,2370,[],6.938999,0.2205868,31.457 - 39.846,-1.4500008,-0.036390122,18.87306,0.0,13.921829,0.0,14.05894,-1.01536,-1.01536,41819824.0,PRE,2.7579708,,,37.9293,0.4667015,0.012304512,36.974983,1.4210167,0.038431842,,15,0,America/New_York,EDT,-14400000,False,False,False,NSI,,2023-12-07,,,,
Emerging Markets,emerging_markets,92,EMDM,First Trust Bloomberg Emerging Market Democracies ETF,Yahoo Finance custom ETF screener,2026-09-28T12:36:45+00:00,en-US,US,ETF,ETF,Delayed Quote,False,LOW,USD,1.13961,0.75,2.79,,First Trust Bloomberg Emerging ,42.7331,0.481503,1.13961,0.0,0.0,PCX,45.03,27.97,True,1677853800000,2,,,,,0.481503,1790365530,42.7331,42.7331,42.395 - 42.7331,42.395,21906,42.2516,100.0,500.0,us_market,finmb_1815112995,NYSEArca,First Trust Bloomberg Emerging Market Democracies ETF,42.61,13014,9990,[],14.763102,0.52781916,27.97 - 45.03,-2.296898,-0.051008172,51.36906,0.0,13.386917,0.0,36.38376,-1.06614,-1.06614,40159096.0,PRE,3.192154,,,41.49718,1.23592,0.029783227,38.63828,4.094822,0.10597837,,15,0,America/New_York,EDT,-14400000,False,False,False,EMDM,,,,,,
Emerging Markets,emerging_markets,93,WCME,First Trust WCM Developing World Equity ETF,Yahoo Finance custom ETF screener,2026-09-28T12:36:45+00:00,en-US,US,ETF,ETF,Delayed Quote,False,LOW,USD,1.07395,0.95,0.35,,First Trust WCM Developing Worl,19.3687,0.205799,1.07395,0.0,7.75,PCX,20.29,16.175,True,1728653400000,2,,,,,0.205799,1790366053,19.3687,19.39,19.2699 - 19.39,19.2699,6924,19.1629,100.0,100.0,us_market,finmb_1884587413,NYSEArca,First Trust WCM Developing World Equity ETF,19.27,9128,4630,[],3.1937008,0.19744673,16.175 - 20.29,-0.9213009,-0.045406647,12.971711,0.0,14.430255,0.0,10.53286,-3.45225,-3.45225,36592252.0,PRE,1.3422285,,,18.90134,0.46735954,0.024726264,18.507235,0.86146545,0.0465475,,15,0,America/New_York,EDT,-14400000,False,False,False,WCME,,,,,,
Emerging Markets,emerging_markets,94,FDNI,First Trust Dow Jones International Internet ETF,Yahoo Finance custom ETF screener,2026-09-28T12:36:45+00:00,en-US,US,ETF,ETF,Delayed Quote,False,LOW,USD,-0.13433065,0.65,1.35,,First Trust Dow Jones Internati,26.02,-0.034999847,-0.13433065,37.12,21.06,NGM,39.97,23.99,True,1541773800000,2,,,,,-0.034999847,1790366400,26.02,26.02,25.87 - 26.02,25.87,841,26.055,2.0,2.0,us_market,finmb_578352746,NasdaqGM,First Trust Dow Jones International Internet ETF,25.87,11904,3040,[],2.0300007,0.08461862,23.99 - 39.97,-13.950001,-0.34901178,-33.024452,,17.219223,,-17.60563,2.44436,2.44436,36508688.0,PRE,1.5111018,,,27.5336,-1.5135994,-0.054972813,29.04315,-3.0231495,-0.10409165,,15,0,America/New_York,EDT,-14400000,False,False,False,FDNI,,,,,,
Emerging Markets,emerging_markets,95,LDEM,iShares ESG MSCI EM Leaders ETF,Yahoo Finance custom ETF screener,2026-09-28T12:36:45+00:00,en-US,US,ETF,ETF,Nasdaq Real Time Price,False,LOW,USD,1.3282654,0.16,2.87,,iShares ESG MSCI EM Leaders ETF,61.3644,0.7599983,1.2549509,78.55,44.08,NGM,64.73,55.94,True,1581517800000,2,,,,,0.8043976,1790366400,61.3644,61.3644,61.32 - 61.3644,61.32,925,60.56,2.0,2.0,us_market,finmb_644171943,NasdaqGM,iShares ESG MSCI EM Leaders ETF,61.32,887,960,[],5.4244003,0.09696819,55.94 - 64.73,-3.3656044,-0.051994503,4.532993,0.0,13.212216,0.0,6.45353,0.31933,0.31933,33883612.0,PRE,4.64452,,,60.70478,0.6596184,0.010866004,60.686707,0.6776924,0.011167065,,15,0,America/New_York,EDT,-14400000,False,False,False,LDEM,,,,,,
Emerging Markets,emerging_markets,96,PEMX,Putnam Emerging Markets Ex-China ETF,Yahoo Finance custom ETF screener,2026-09-28T12:36:45+00:00,en-US,US,ETF,ETF,Delayed Quote,False,LOW,USD,1.49911,0.7,1.12,,Putnam Emerging Markets ex-Chin,87.8891,1.2981,1.49911,137.15,0.0,PCX,95.2,62.14,True,1685539800000,2,,,,,1.2981,1790347265,87.8891,87.8891,87.15 - 87.8891,87.15,496,86.591,100.0,400.0,us_market,finmb_1792287430,NYSEArca,Putnam Emerging Markets Ex-China ETF,87.15,1233,1330,[],25.7491,0.41437238,62.14 - 95.2,-7.310898,-0.076795146,40.431416,0.0,15.6977825,0.0,33.77246,-2.96734,-2.96734,32191940.0,PRE,5.5988226,,,84.6193,3.2697983,0.03864128,78.80981,9.079292,0.11520511,,15,0,America/New_York,EDT,-14400000,False,False,False,PEMX,,,,,,
Emerging Markets,emerging_markets,97,JADE,JPMorgan Active Developing Markets Equity ETF,Yahoo Finance custom ETF screener,2026-09-28T12:36:45+00:00,en-US,US,ETF,ETF,Delayed Quote,False,LOW,USD,0.931908,0.65,1.81,,JPMorgan Active Developing Mark,80.331,0.741699,0.931908,127.72,32.3,PCX,82.75,59.114,True,1715952600000,2,,,,,0.741699,1790366221,80.331,80.331,79.94 - 80.331,79.94,1523,79.5893,300.0,100.0,us_market,finmb_1863417740,NYSEArca,JPMorgan Active Developing Markets Equity ETF,80.11,2477,1650,[],21.217003,0.35891673,59.114 - 82.75,-2.4189987,-0.029232614,32.914722,0.0,14.861954,0.0,26.8867,0.82719,0.82719,31750204.0,PRE,5.405144,,,78.60864,1.7223587,0.021910552,73.29688,7.0341187,0.0959675,,15,0,America/New_York,EDT,-14400000,False,False,False,JADE,,,,,,
Emerging Markets,emerging_markets,98,EDOG,ALPS Emerging Sector Dividend Dogs ETF,Yahoo Finance custom ETF screener,2026-09-28T12:36:45+00:00,en-US,US,ETF,ETF,Delayed Quote,False,LOW,USD,0.0930948,0.6,4.8,,ALPS Emerging Sector Dividend D,23.9751,0.0222988,0.0930948,0.0,0.0,PCX,27.16,22.62,True,1396013400000,2,,,,,0.0222988,1790365518,23.9751,23.9751,23.9064 - 23.9751,23.9064,6294,23.9528,400.0,300.0,us_market,finmb_253835976,NYSEArca,ALPS Emerging Sector Dividend Dogs ETF,23.9064,2752,4030,[],1.3550987,0.059907105,22.62 - 27.16,-3.1849003,-0.11726437,3.7646055,0.0,7.078924,0.0,6.65753,3.71006,3.71006,30140604.0,PRE,3.3868282,,,24.7664,-0.7912998,-0.03195054,24.973,-0.9979,-0.03995916,,15,0,America/New_York,EDT,-14400000,False,False,False,EDOG,,,,,,
Emerging Markets,emerging_markets,99,BREE,MFS Blended Research Emerging Markets Equity ETF,Yahoo Finance custom ETF screener,2026-09-28T12:36:45+00:00,en-US,US,ETF,ETF,Delayed Quote,False,LOW,USD,0.778812,0.44,,,MFS Blended Research Emerging M,27.7306,0.2143,0.778812,0.0,0.0,NYQ,28.6,21.7,True,1772721000000,2,,,,,0.2143,1790352302,27.7306,27.7306,27.63 - 27.7306,27.63,312,27.5163,300.0,300.0,us_market,finmb_1961120615,NYSE,MFS Blended Research Emerging Markets Equity ETF,27.63,1012,1350,[],6.0305996,0.27790782,21.7 - 28.6,-0.8694,-0.030398602,19.835781,0.0,13.368619,0.0,,0.41208,0.41208,26579680.0,PRE,2.0743055,,,26.9036,0.82699966,0.030739367,25.935915,1.7946854,0.06919692,,15,0,America/New_York,EDT,-14400000,False,False,False,BREE,,,,,,
Emerging Markets,emerging_markets,100,KEMQ,KraneShares Public-Private Emerging Markets Internet and Technology ETF,Yahoo Finance custom ETF screener,2026-09-28T12:36:45+00:00,en-US,US,ETF,ETF,Delayed Quote,False,LOW,USD,0.157016,0.49,4.97,,KraneShares Public-Private Emer,25.0692,0.0393009,0.157016,39.12,0.0,PCX,28.47,21.79,True,1507815000000,2,,,,,0.0393009,1790256600,25.0692,25.0692,25.0692 - 25.0692,25.0692,91,25.0299,400.0,500.0,us_market,finmb_533580724,NYSEArca,KraneShares Public-Private Emerging Markets Internet and Technology ETF,25.14,4650,360,[],3.2791996,0.15049103,21.79 - 28.47,-3.4007988,-0.119452015,-5.0596476,0.0,16.614256,0.0,5.40977,1.08401,1.08401,26110782.0,PRE,1.508897,,,25.57506,-0.5058594,-0.0197794,25.182434,-0.11323357,-0.0044965297,,15,0,America/New_York,EDT,-14400000,False,False,False,KEMQ,,,,,,
Emerging Markets,emerging_markets,101,EEMO,Invesco S&P Emerging Markets Momentum ETF,Yahoo Finance custom ETF screener,2026-09-28T12:36:45+00:00,en-US,US,ETF,ETF,Delayed Quote,False,LOW,USD,2.03205,0.29,1.77,,Invesco S&P Emerging Markets Mo,23.0571,0.4592,2.03205,36.66,0.0,PCX,26.17,16.24,True,1330093800000,2,,,,,0.4592,1790364303,23.0571,23.0915,22.815 - 23.0915,22.815,5841,22.5979,100.0,300.0,us_market,finmb_171188347,NYSEArca,Invesco S&P Emerging Markets Momentum ETF,22.97,28144,7380,[],6.8171005,0.4197722,16.24 - 26.17,-3.1128998,-0.11894917,29.477823,0.0,11.46641,0.0,27.6476,-6.0733,-6.0733,25659642.0,PRE,2.0108387,,,21.6656,1.3915005,0.06422626,20.3415,2.715601,0.13350053,,15,0,America/New_York,EDT,-14400000,False,False,False,EEMO,,,,,,
Emerging Markets,emerging_markets,102,TEMR,T. Rowe Price Emerging Markets Equity Research ETF,Yahoo Finance custom ETF screener,2026-09-28T12:36:45+00:00,en-US,US,EQUITY,Equity,Nasdaq Real Time Price,False,LOW,USD,1.06989,,,,T. Rowe Price Emerging Markets ,29.0865,0.307899,1.06989,46.24,11.7,PCX,30.28,23.18,True,1773322200000,2,,,,,0.307899,1790095919,29.0865,28.9648,28.9648 - 28.9648,28.9648,10,28.7786,500.0,500.0,us_market,finmb_1956871829,NYSEArca,T. Rowe Price Emerging Markets Equity Research ETF,29.4,1198,710,[],5.9065,0.25481018,23.18 - 30.28,-1.1935005,-0.03941547,20.107353,0.0,17.836079,0.0,,,,,PRE,1.6307676,,,28.1686,0.9179001,0.032585934,27.545986,1.540514,0.05592517,,15,0,America/New_York,EDT,-14400000,False,False,False,TEMR,,,,,,
Emerging Markets,emerging_markets,103,RISE,Pictet Emerging Markets Rising Economies ETF,Yahoo Finance custom ETF screener,2026-09-28T12:36:45+00:00,en-US,US,EQUITY,Equity,Delayed Quote,False,LOW,USD,0.522717,,,,Pictet Emerging Markets Rising ,18.5193,0.0963001,0.522717,29.44,7.45,PCX,19.66,17.53,True,1776951000000,2,,,,,0.0963001,1790354014,18.5193,18.54,18.5193 - 18.54,18.5193,2367,18.423,100.0,1000.0,us_market,finmb_1956249047,NYSEArca,Pictet Emerging Markets Rising Economies ETF,18.45,1847,820,[],0.9892998,0.05643467,17.53 - 19.66,-1.1406994,-0.058021333,-4.5360804,0.0,10.447634,0.0,,,,,PRE,1.7725832,5626334.0,,18.7754,-0.2560997,-0.013640173,18.660927,-0.14162636,-0.00758946,,15,0,America/New_York,EDT,-14400000,False,False,False,RISE,,,,,104195768.0,5626334.0
Emerging Markets,emerging_markets,104,MEMS,Matthews Emerging Markets Discovery Active ETF,Yahoo Finance custom ETF screener,2026-09-28T12:36:45+00:00,en-US,US,ETF,ETF,Nasdaq Real Time Price,False,LOW,USD,0.6647969,0.89,2.31,,Matthews Emerging Markets Disco,30.5115,0.09010124,0.29726574,39.34,21.95,NGM,32.565,24.636,True,1704983400000,2,,,,,0.20149994,1790366400,30.5115,30.5115,30.4001 - 30.5115,30.4001,379,30.31,2.0,2.0,us_market,finmb_1860891793,NasdaqGM,Matthews Emerging Markets Discovery Active ETF,30.4001,1130,950,[],5.8754997,0.23849244,24.636 - 32.565,-2.0534992,-0.06305848,14.3628235,0.0,18.702854,0.0,21.48884,-1.19994,-1.19994,22290288.0,PRE,1.631382,,,30.36496,0.14653969,0.004825947,29.032116,1.4793835,0.05095679,,15,0,America/New_York,EDT,-14400000,False,False,False,MEMS,,2024-01-11,,,,
Emerging Markets,emerging_markets,105,FMQQ,FMQQ The Next Frontier Internet ETF,Yahoo Finance custom ETF screener,2026-09-28T12:36:45+00:00,en-US,US,ETF,ETF,Nasdaq Real Time Price,False,LOW,USD,0.574034,0.86,0.65,,FMQQ The Next Frontier Internet,12.1417,0.0692997,0.574034,0.0,0.0,PCX,15.29,10.78,True,1632835800000,2,,,,,0.0692997,1790366111,12.1417,12.1501,11.98 - 12.1501,11.98,21038,12.0724,100.0,100.0,us_market,finmb_1674351514,NYSEArca,FMQQ The Next Frontier Internet ETF,12.12,13911,17700,[],1.3617,0.12631726,10.78 - 15.29,-3.1483002,-0.20590584,-20.53665,0.0,22.338602,0.0,-6.00145,11.30137,11.30137,21780738.0,PRE,0.54353,,,12.57158,-0.42988014,-0.0341946,12.40811,-0.26640987,-0.021470625,,15,0,America/New_York,EDT,-14400000,False,False,False,FMQQ,,,,,,
Emerging Markets,emerging_markets,106,EVLU,iShares MSCI Emerging Markets Value Factor ETF,Yahoo Finance custom ETF screener,2026-09-28T12:36:45+00:00,en-US,US,ETF,ETF,Delayed Quote,False,LOW,USD,0.692363,0.35,3.67,,iShares MSCI Emerging Markets V,41.87,0.287899,0.692363,0.0,0.0,BTS,43.97,29.646,True,1725629400000,2,,,,,0.287899,1790366400,41.87,41.87,41.65 - 41.87,41.65,3825,41.5821,100.0,200.0,us_market,finmb_1847997080,Cboe US,iShares MSCI Emerging Markets Value Factor ETF,41.82,4187,5910,[],12.223999,0.41233215,29.646 - 43.97,-2.1000023,-0.047759887,38.642384,0.0,10.473056,0.0,33.30956,1.62663,1.62663,17704648.0,PRE,3.9978778,,,41.33486,0.5351372,0.012946389,37.78612,4.0838776,0.10807877,,15,0,America/New_York,EDT,-14400000,False,False,False,EVLU,,,,,,
Emerging Markets,emerging_markets,107,RNEM,First Trust Emerging Markets Equity Select ETF,Yahoo Finance custom ETF screener,2026-09-28T12:36:45+00:00,en-US,US,ETF,ETF,Nasdaq Real Time Price,False,LOW,USD,0.55083793,0.75,2.28,,Emerging Markets Equity Select ,55.474,0.249897,0.4529573,73.79,41.32,NGM,59.008,46.9,True,1499693400000,2,,,,,0.30389786,1790366400,55.474,55.474,55.13 - 55.474,55.13,1315,55.1701,2.0,2.0,us_market,finmb_430162091,NasdaqGM,First Trust Emerging Markets Equity Select ETF,55.13,1614,7920,[],8.5739975,0.18281443,46.9 - 59.008,-3.5340004,-0.059890192,2.378893,0.0,12.623603,0.0,3.80007,4.99101,4.99101,17187612.0,PRE,4.3944664,,,56.64206,-1.1680603,-0.020621784,56.059994,-0.5859947,-0.010452993,,15,0,America/New_York,EDT,-14400000,False,False,False,RNEM,,,,,,
Emerging Markets,emerging_markets,108,QLVE,Northern Trust Emerging Markets Quality Low Volatility ETF,Yahoo Finance custom ETF screener,2026-09-28T12:36:45+00:00,en-US,US,ETF,ETF,Delayed Quote,False,LOW,USD,0.77791,0.18,2.58,,Northern Trust Emerging Markets,34.2401,0.264301,0.77791,53.43,0.0,PCX,35.161,28.16,True,1563283800000,2,,,,,0.264301,1790258432,34.2401,34.2401,34.2401 - 34.2401,34.2401,32,33.9758,300.0,300.0,us_market,finmb_613557368,NYSEArca,Northern Trust Emerging Markets Quality Low Volatility ETF,34.04,247,160,[],6.080101,0.21591268,28.16 - 35.161,-0.92089844,-0.026190907,18.785774,0.0,13.063746,0.0,16.75093,0.93038,0.93038,17133638.0,PRE,2.6210017,,,33.62262,0.61748123,0.018365053,32.13671,2.1033897,0.06545131,,15,0,America/New_York,EDT,-14400000,False,False,False,QLVE,,,,,,
Emerging Markets,emerging_markets,109,EMIF,iShares Emerging Markets Infrastructure ETF,Yahoo Finance custom ETF screener,2026-09-28T12:36:45+00:00,en-US,US,ETF,ETF,Delayed Quote,False,LOW,USD,0.952489,0.6,4.25,,iShares Emerging Markets Infras,26.5605,0.085100174,0.32345307,34.16,19.17,NGM,30.79,24.75,True,1245418200000,2,,,,,0.2505989,1790366400,26.5605,26.5605,26.355 - 26.5605,26.355,475,26.3099,2.0,2.0,us_market,finmb_60409908,NasdaqGM,iShares Emerging Markets Infrastructure ETF,26.355,2465,1980,[],1.8104992,0.073151484,24.75 - 30.79,-4.2295017,-0.13736609,3.4267902,,10.825826,,-0.17007,-3.03187,-3.03187,13029413.0,PRE,2.4534388,,,26.1256,0.43489838,0.016646445,27.4928,-0.93230057,-0.033910718,,15,0,America/New_York,EDT,-14400000,False,False,False,EMIF,1482969600.0,,,,,
Emerging Markets,emerging_markets,110,TEMX,Touchstone Sands Capital Emerging Markets ex-China Growth ETF,Yahoo Finance custom ETF screener,2026-09-28T12:36:45+00:00,en-US,US,ETF,ETF,Delayed Quote,False,LOW,USD,1.49953,0.8,0.87,,Touchstone Sands Capital Emergi,38.3655,0.566803,1.49953,61.0,15.43,BTS,40.16,28.325,True,1741098600000,2,,,,,0.566803,1790256614,38.3655,38.3655,38.3655 - 38.3655,38.3655,114,37.7987,600.0,100.0,us_market,finmb_1899348412,Cboe US,Touchstone Sands Capital Emerging Markets ex-China Growth ETF,38.17,317,210,[],10.040501,0.35447487,28.325 - 40.16,-1.7944984,-0.044683725,32.465565,0.0,18.542347,0.0,25.31145,-0.14552,-0.14552,13001364.0,PRE,2.0690746,,,36.72582,1.6396828,0.044646595,34.032715,4.3327866,0.12731239,,15,0,America/New_York,EDT,-14400000,False,False,False,TEMX,,,,,,
Emerging Markets,emerging_markets,111,EQLT,iShares MSCI Emerging Markets Quality Factor ETF,Yahoo Finance custom ETF screener,2026-09-28T12:36:45+00:00,en-US,US,ETF,ETF,Delayed Quote,False,LOW,USD,0.922018,0.35,1.54,,iShares MSCI Emerging Markets Q,38.6821,0.353397,0.922018,0.0,31.93,BTS,40.89,28.918,True,1393338600000,2,,,,,0.353397,1790347391,38.6821,38.6821,38.46 - 38.6821,38.46,1260,38.3287,100.0,200.0,us_market,finmb_1847997079,Cboe US,iShares MSCI Emerging Markets Quality Factor ETF,38.56,1687,1790,[],9.764099,0.3376478,28.918 - 40.89,-2.207901,-0.053996112,31.343592,0.0,15.12039,0.0,30.09496,-0.48121,-0.48121,12554017.0,PRE,2.5582738,,,38.56468,0.1174202,0.00304476,35.785225,2.8968735,0.08095166,,15,0,America/New_York,EDT,-14400000,False,False,False,EQLT,,,,,,
Emerging Markets,emerging_markets,112,MEMA,Man Active Emerging Markets Alternative ETF,Yahoo Finance custom ETF screener,2026-09-28T12:36:45+00:00,en-US,US,ETF,ETF,Nasdaq Real Time Price,False,LOW,USD,1.3493706,0.85,,,Man Active Emerging Markets Alt,32.0264,0.3050003,0.9651909,38.36,21.49,NGM,33.053,25.64,True,1767018600000,2,,,,,0.42640114,1790366400,32.0264,32.0264,31.9 - 32.0264,31.9,3576,31.6,2.0,2.0,us_market,finmb_1968194245,NasdaqGM,Man Active Emerging Markets Alternative ETF,31.91,10422,12960,[],6.386402,0.24907966,25.64 - 33.053,-1.0265999,-0.031059204,24.358332,0.0,13.506244,0.0,21.55717,-1.99222,-1.99222,12526427.0,PRE,2.3712294,,,30.6795,1.3469009,0.04390231,29.678782,2.34762,0.07910096,,15,0,America/New_York,EDT,-14400000,False,False,False,MEMA,,2025-12-17,,,,
Emerging Markets,emerging_markets,113,EMES,Harbor Emerging Markets Select ETF,Yahoo Finance custom ETF screener,2026-09-28T12:36:45+00:00,en-US,US,ETF,ETF,Delayed Quote,False,LOW,USD,1.09202,0.65,0.43,,Harbor Emerging Markets Select ,28.8276,0.311401,1.09202,0.0,0.0,PCX,29.76,21.436,True,1747315800000,2,,,,,0.311401,1790345402,28.8276,28.8276,28.8276 - 28.8276,28.8276,308,28.5162,500.0,500.0,us_market,finmb_1918091528,NYSEArca,Harbor Emerging Markets Select ETF,28.67,495,550,[],7.3915997,0.34482175,21.436 - 29.76,-0.93239975,-0.031330638,31.149626,0.0,23.50159,0.0,25.68029,-0.07773,-0.07773,11985885.0,PRE,1.2266234,,,27.945,0.8826008,0.031583495,26.076124,2.7514763,0.105517074,,15,0,America/New_York,EDT,-14400000,False,False,False,EMES,,,,,,
Emerging Markets,emerging_markets,114,BGEG,Baillie Gifford Emerging Markets ETF,Yahoo Finance custom ETF screener,2026-09-28T12:36:45+00:00,en-US,US,ETF,ETF,Nasdaq Real Time Price,False,LOW,USD,0.7505861,0.79,,,Baillie Gifford Emerging Market,23.6915,0.14500046,0.61662966,30.08,16.9,NGM,25.31,21.43,True,1780493400000,2,,,,,0.17650032,1790366400,23.6915,23.75,23.66 - 23.75,23.66,1820,23.515,2.0,2.0,us_market,finmb_1973089522,NasdaqGM,Baillie Gifford Emerging Markets ETF,23.735,2198,2200,[],2.2614994,0.1055296,21.43 - 25.31,-1.6184998,-0.06394705,-6.1410484,,14.2887,,,,,11149174.0,PRE,1.6580584,,,23.2572,0.43429947,0.018673765,23.531124,0.1603756,0.0068154666,,15,0,America/New_York,EDT,-14400000,False,False,False,BGEG,,2026-06-03,,,,
Emerging Markets,emerging_markets,115,XCNY,State Street SPDR S&P Emerging Markets ex-China ETF,Yahoo Finance custom ETF screener,2026-09-28T12:36:45+00:00,en-US,US,ETF,ETF,Nasdaq Real Time Price,False,LOW,USD,0.7495162,0.19,2.22,,State Street SPDR S&P Emerging ,34.1289,0.0,0.0,33.16,32.95,NGM,34.51,26.937,True,1725543000000,2,,,,,0.25389862,1790366400,34.1289,34.1289,34.1289 - 34.1289,34.1289,44,33.875,1.0,1.0,us_market,finmb_1880443609,NasdaqGM,State Street SPDR S&P Emerging Markets ex-China ETF,34.1289,626,530,[],7.1918983,0.2669896,26.937 - 34.51,-0.3810997,-0.011043168,25.244034,0.0,17.846552,0.0,20.8866,1.37505,1.37505,10079702.0,PRE,1.9123524,,,33.23682,0.8920784,0.026840065,31.379616,2.7492828,0.08761366,,15,0,America/New_York,EDT,-14400000,False,False,False,XCNY,,2024-09-05,,,,
Emerging Markets,emerging_markets,116,EMDV,ProShares MSCI Emerging Markets Dividend Growers ETF,Yahoo Finance custom ETF screener,2026-09-28T12:36:45+00:00,en-US,US,ETF,ETF,Delayed Quote,False,LOW,USD,0.0328421,0.6,1.88,,ProShares MSCI Emerging Markets,45.9999,0.0151024,0.0328421,73.13,18.5,BTS,48.73,44.309,True,1453905000000,2,,,,,0.0151024,1790177412,45.9999,45.9999,45.9999 - 45.9999,45.9999,26,45.9848,300.0,100.0,us_market,finmb_267046254,Cboe US,ProShares MSCI Emerging Markets Dividend Growers ETF,46.06,231,210,[],1.6909027,0.03816161,44.309 - 48.73,-2.7300987,-0.05602501,1.8239737,0.0,13.332947,0.0,2.75578,1.35657,1.35657,7413692.0,PRE,3.4500926,,,47.1106,-1.1106987,-0.023576407,46.85314,-0.85324097,-0.018210966,,15,0,America/New_York,EDT,-14400000,False,False,False,EMDV,,,,,,
Emerging Markets,emerging_markets,117,AMEM,Amana Developing World ETF,Yahoo Finance custom ETF screener,2026-09-28T12:36:45+00:00,en-US,US,ETF,ETF,Nasdaq Real Time Price,False,LOW,USD,1.0519985,0.91,,,Amana Developing World ETF,25.2629,0.0,0.0,,,NGM,53.0,22.94,True,1782307800000,2,,,,,0.26299858,1790366400,25.2629,25.2629,25.2629 - 25.2629,25.2629,1057,24.9999,,,us_market,finmb_1992148714,NasdaqGM,Amana Developing World ETF,25.3,3353,3940,[],2.3228989,0.10125975,22.94 - 53.0,-27.7371,-0.52334154,2.0193815,,20.461273,,,,,4267196.0,PRE,1.234669,,,25.229,0.033899307,0.0013436644,25.046515,0.21638489,0.008639322,,15,0,America/New_York,EDT,-14400000,False,False,False,AMEM,,2026-06-24,,,,
Emerging Markets,emerging_markets,118,VEEM,VanEck MSCI EM Analyst Sentiment ETF,Yahoo Finance custom ETF screener,2026-09-28T12:36:45+00:00,en-US,US,ETF,ETF,Delayed Quote,False,LOW,USD,-1.6418165,0.3,,,VanEck MSCI EM Analyst Sentiment ETF,25.0715,0.0,0.0,,,NGM,25.55,24.13,True,1789047000000,2,,,,,-0.418499,1790366400,25.0715,25.0715,25.0715 - 25.0715,25.0715,11,25.49,,,us_market,finmb_1975439225,NasdaqGM,VanEck MSCI EM Analyst Sentiment ETF,25.0715,1850,2100,[],0.9415016,0.03901789,24.13 - 25.55,-0.47849846,-0.018727925,1.8277764,,,,,,,,PRE,,,,24.764166,0.3073349,0.012410468,24.764166,0.3073349,0.012410468,,15,0,America/New_York,EDT,-14400000,False,False,False,VEEM,,2026-09-10,,,,
