sector,yahoo_sector_key,rank,ticker,etf_name,source_url,retrieved_at_utc,screen_language,screen_region,screen_quote_type,screen_type_disp,screen_quote_source_name,screen_triggerable,screen_custom_price_alert_confidence,screen_yield_ttm,screen_pe_ttm,screen_annual_return_nav_y3,screen_annual_return_nav_y5,screen_tradeable,screen_crypto_tradeable,screen_currency,screen_exchange,screen_has_pre_post_market_data,screen_first_trade_date_milliseconds,screen_price_hint,screen_pre_market_change,screen_pre_market_change_percent,screen_pre_market_time,screen_pre_market_price,screen_regular_market_change,screen_regular_market_time,screen_regular_market_price,screen_regular_market_day_high,screen_regular_market_day_range,screen_regular_market_day_low,screen_regular_market_volume,screen_regular_market_previous_close,screen_bid_size,screen_ask_size,screen_market,screen_message_board_id,screen_full_exchange_name,screen_long_name,screen_regular_market_open,screen_average_daily_volume3_month,screen_average_daily_volume10_day,screen_corporate_actions,screen_fifty_two_week_low_change,screen_fifty_two_week_low_change_percent,screen_fifty_two_week_range,screen_fifty_two_week_high_change,screen_fifty_two_week_high_change_percent,screen_fifty_two_week_change_percent,screen_dividend_date,screen_trailing_annual_dividend_rate,screen_trailing_pe,screen_trailing_annual_dividend_yield,screen_ytd_return,screen_trailing_three_month_returns,screen_trailing_three_month_nav_returns,screen_net_assets,screen_market_state,screen_eps_trailing_twelve_months,screen_fifty_day_average,screen_fifty_day_average_change,screen_fifty_day_average_change_percent,screen_two_hundred_day_average,screen_two_hundred_day_average_change,screen_two_hundred_day_average_change_percent,screen_source_interval,screen_exchange_data_delayed_by,screen_exchange_timezone_name,screen_exchange_timezone_short_name,screen_gmt_off_set_milliseconds,screen_esg_populated,screen_fifty_two_week_high,screen_fifty_two_week_low,screen_dividend_yield,screen_short_name,screen_fullday_price,screen_fullday_change,screen_fullday_change_percent,screen_regular_market_change_percent,screen_net_expense_ratio,screen_ask,screen_bid,screen_symbol,screen_shares_outstanding,screen_book_value,screen_price_to_book,screen_financial_currency,screen_earnings_timestamp_start,screen_earnings_timestamp_end,screen_eps_forward,screen_forward_pe,screen_ipo_expected_date,screen_display_name,screen_earnings_call_timestamp_start,screen_earnings_call_timestamp_end,screen_is_earnings_date_estimate,screen_prev_name,screen_name_change_date
Energy,energy,1,IUSB,iShares Core Universal USD Bond ETF,https://finance.yahoo.com/research-hub/screener/sec-ind_sec-top-etfs_energy/,2026-09-21T11:41:36+00:00,en-US,US,ETF,ETF,Delayed Quote,False,LOW,4.0,10.989010989010989,6.20431,-1.27768,False,False,USD,NGM,True,1402579800000,2,0.040901184,0.09135846,1789988400.0,44.8109,-0.15999985,1789761601,44.77,44.82,44.7601 - 44.82,44.7601,3738411,44.93,7.0,7.0,us_market,finmb_266031808,NasdaqGM,iShares Core Universal USD Bond ETF,44.8,3492423,4270710,[],0.10000229,0.0022386902,44.67 - 47.23,-2.459999,-0.05208552,-4.0505767,1522972800.0,0.0,10.6373625,0.0,0.01161,-0.54851,-0.54851,43791397000.0,PRE,4.2087502,45.4014,-0.63140106,-0.013907083,46.1291,-1.3591003,-0.02946297,15,0,America/New_York,EDT,-14400000,False,47.23,44.67,4.29,iShares Core Universal USD Bond,44.8109,-0.15999985,-0.35610917,-0.35610917,0.06,45.54,45.48,IUSB,,,,,,,,,,,,,,,
Energy,energy,2,XLE,State Street Energy Select Sector SPDR ETF,https://finance.yahoo.com/research-hub/screener/sec-ind_sec-top-etfs_energy/,2026-09-21T11:41:36+00:00,en-US,US,ETF,ETF,Nasdaq Real Time Price,False,LOW,2.37,17.74308,-0.71642,53.25565,False,False,USD,PCX,True,914337000000,2,-0.5215225,-0.81551963,1789990886.0,63.4282,-0.170006,1789761600,64.31,64.75,64.1 - 64.75,64.1,29319277,64.48,5400.0,2600.0,us_market,finmb_8795479,NYSEArca,State Street Energy Select Sector SPDR ETF,64.2,29450496,34289120,[],21.96,0.51853603,42.35 - 66.17,-1.8600006,-0.028109426,46.70925,,2.16,17.840172,0.03349876,44.89357,14.35014,14.35014,41438106000.0,PRE,3.6047857,61.1766,3.1333961,0.051218867,55.727875,8.582123,0.15400054,15,0,America/New_York,EDT,-14400000,False,66.17,42.35,2.37,State Street Energy Select Sect,63.4282,-0.5215225,-0.81551963,-0.263657,0.08,63.58,63.38,XLE,186424000.0,52.115,1.2340016,USD,,,,,,,,,,,
Energy,energy,3,USHY,iShares Broad USD High Yield Corporate Bond ETF,https://finance.yahoo.com/research-hub/screener/sec-ind_sec-top-etfs_energy/,2026-09-21T11:41:36+00:00,en-US,US,ETF,ETF,Delayed Quote,False,LOW,6.78,10.989010989010989,13.50456,5.14426,False,False,USD,BTS,True,1509024600000,2,0.11000061,0.30261517,1789978608.0,36.46,-0.0500031,1789761601,36.35,36.37,36.3 - 36.37,36.3,11839615,36.4,83300.0,53400.0,us_market,finmb_533589528,Cboe US,iShares Broad USD High Yield Corporate Bond ETF,36.37,10807793,13565140,[],0.109996796,0.0030352315,36.24 - 37.867,-1.5170021,-0.04006132,-3.9630115,,0.0,10.666235,0.0,2.6792,1.05321,1.05321,28732549100.0,PRE,3.4079502,36.7232,-0.37320328,-0.010162602,37.061325,-0.7113266,-0.019193232,15,0,America/New_York,EDT,-14400000,False,37.867,36.24,6.91,iShares Broad USD High Yield Co,36.46,-0.0500031,-0.137371,-0.137371,0.08,0.0,0.0,USHY,,,,,,,,,,,,,,,
Energy,energy,4,PYLD,PIMCO ETF Trust - PIMCO Multisector Bond Active Exchange-Traded Fund,https://finance.yahoo.com/research-hub/screener/sec-ind_sec-top-etfs_energy/,2026-09-21T11:41:36+00:00,en-US,US,ETF,ETF,Delayed Quote,False,LOW,,,,,False,False,USD,PCX,True,1687440600000,2,,,,,-0.085001,1789761599,25.755,25.8,25.74 - 25.8,25.74,3004918,25.84,6600.0,7800.0,us_market,finmb_1835233450,NYSEArca,PIMCO ETF Trust - PIMCO Multisector Bond Active Exchange-Traded Fund,25.79,3865157,4794630,[],0.06499863,0.0025301138,25.69 - 27.04,-1.2850018,-0.047522254,-4.0067077,,0.0,,0.0,1.3317,0.26677,0.26677,15691676700.0,PRE,,26.1146,-0.35960007,-0.013770078,26.442955,-0.68795586,-0.026016602,15,0,America/New_York,EDT,-14400000,False,27.04,25.69,5.94,PIMCO Multisector Bond Active E,25.755,-0.085001,-0.328951,-0.328951,0.64,27.0,25.56,PYLD,,,,,,,,,,,,,,,
Energy,energy,5,JCPB,JPMorgan Core Plus Bond ETF,https://finance.yahoo.com/research-hub/screener/sec-ind_sec-top-etfs_energy/,2026-09-21T11:41:36+00:00,en-US,US,ETF,ETF,Nasdaq Real Time Price,False,LOW,5.14,59.98800239952009,7.04871,-0.501,False,False,USD,PCX,True,1552397400000,2,,,,,-0.16,1789761600,45.47,45.5504,45.45 - 45.5504,45.45,2323251,45.63,700.0,4700.0,us_market,finmb_576700807,NYSEArca,JPMorgan Core Plus Bond ETF,45.53,1941084,2429840,[],0.10499954,0.0023145494,45.365 - 48.17,-2.699997,-0.056051422,-4.283762,,0.0,58.938595,0.0,0.28793,-0.51349,-0.51349,14606331900.0,PRE,0.7714809,46.13468,-0.6646805,-0.014407393,46.929314,-1.4593124,-0.031095969,15,0,America/New_York,EDT,-14400000,False,48.17,45.365,4.97,JPMorgan Core Plus Bond ETF,45.47,-0.16,-0.350646,-0.350646,0.37,46.9,43.8,JCPB,,,,,,,,,,,,,,,
Energy,energy,6,AMLP,Alerian MLP ETF,https://finance.yahoo.com/research-hub/screener/sec-ind_sec-top-etfs_energy/,2026-09-21T11:41:36+00:00,en-US,US,ETF,ETF,Delayed Quote,False,LOW,7.33,15.356265,21.59329,39.28504,False,False,USD,PCX,True,1282743000000,2,,,,,-0.0299988,1789761600,54.98,55.25,54.8 - 55.25,54.8,1027426,55.01,600.0,200.0,us_market,finmb_112317754,NYSEArca,Alerian MLP ETF,55.07,1221325,1101510,[],10.34,0.23163083,44.64 - 56.43,-1.4500008,-0.025695566,18.211138,,0.0,15.187758,0.0,24.96513,9.6767,9.6767,13442306000.0,PRE,3.6200206,54.9018,0.078201294,0.0014243849,52.06665,2.9133492,0.055954225,15,0,America/New_York,EDT,-14400000,False,56.43,44.64,7.33,Alerian MLP ETF,54.98,-0.0299988,-0.0545333,-0.0545333,1.01,55.99,0.0,AMLP,,,,,1471651200.0,1471910400.0,,,,,,,,,
Energy,energy,7,VDE,Vanguard Energy Index Fund ETF Shares,https://finance.yahoo.com/research-hub/screener/sec-ind_sec-top-etfs_energy/,2026-09-21T11:41:36+00:00,en-US,US,ETF,ETF,Delayed Quote,False,LOW,2.24,17.55618,-0.00291,56.01309,False,False,USD,PCX,True,1096464600000,2,,,,,-0.699997,1789761600,180.31,181.47,180.02 - 181.47,180.02,421003,181.01,600.0,700.0,us_market,finmb_8815884,NYSEArca,Vanguard Energy Index Fund ETF Shares,180.71,552720,565510,[],60.47,0.5045895,119.84 - 186.23,-5.919998,-0.03178864,44.664635,,2.469,17.575674,0.013640132,44.82466,14.01601,14.01601,13265611800.0,PRE,10.259066,172.4948,7.815201,0.04530688,157.3738,22.936203,0.14574347,15,0,America/New_York,EDT,-14400000,False,186.23,119.84,2.24,Vanguard Energy ETF,180.31,-0.69999695,-0.3867173,-0.386717,0.09,181.31,0.0,VDE,41751700.0,56.102,3.2139673,USD,,,,,,,,,,,
Energy,energy,8,JNK,State Street SPDR Bloomberg High Yield Bond ETF,https://finance.yahoo.com/research-hub/screener/sec-ind_sec-top-etfs_energy/,2026-09-21T11:41:36+00:00,en-US,US,ETF,ETF,Delayed Quote,False,LOW,,,13.17219,4.28024,False,False,USD,PCX,True,1196778600000,2,,,,,-0.189995,1789761600,94.55,94.65,94.44 - 94.65,94.44,2454144,94.74,3900.0,19600.0,us_market,finmb_39346182,NYSEArca,State Street SPDR Bloomberg High Yield Bond ETF,94.59,2603877,2997030,[],0.29000092,0.0030766062,94.26 - 98.24,-3.6899948,-0.03756102,-3.707099,,,,,2.6268,0.89542,0.89542,6970858500.0,PRE,,95.5606,-1.0105972,-0.010575459,96.38505,-1.8350449,-0.019038688,15,0,America/New_York,EDT,-14400000,False,98.24,94.26,6.61,State Street SPDR Bloomberg Hig,94.55,-0.189995,-0.200543,-0.200543,0.4,0.0,0.0,JNK,,,,,,,,,,,,,,,
Energy,energy,9,URA,Global X Uranium ETF,https://finance.yahoo.com/research-hub/screener/sec-ind_sec-top-etfs_energy/,2026-09-21T11:41:36+00:00,en-US,US,ETF,ETF,Nasdaq Real Time Price,False,LOW,4.57,28.661508,46.23028,58.25793,False,False,USD,PCX,True,1288963800000,2,1.0,2.4009602,1789990340.0,42.65,-1.03,1789761600,41.65,43.0,41.5449 - 43.0,41.5449,4283966,42.68,700.0,100.0,us_market,finmb_115488468,NYSEArca,Global X Uranium ETF,42.76,3168679,3278320,[],4.470001,0.12022596,37.18 - 62.28,-20.629997,-0.33124596,-17.36111,,,26.23054,,6.46743,-10.25389,-10.25389,6418248700.0,PRE,1.5878439,43.1478,-1.4977989,-0.034713216,48.46985,-6.819847,-0.14070287,15,0,America/New_York,EDT,-14400000,False,62.28,37.18,4.57,Global X Uranium ETF,42.65,1.0,2.4009602,-2.41331,0.69,42.77,42.2,URA,,,,,,,,,,,,,,,
Energy,energy,10,XOP,State Street SPDR S&P Oil & Gas Exploration & Production ETF,https://finance.yahoo.com/research-hub/screener/sec-ind_sec-top-etfs_energy/,2026-09-21T11:41:36+00:00,en-US,US,ETF,ETF,Delayed Quote,False,LOW,1.72,10.92538,3.50995,66.8735,False,False,USD,PCX,True,1150983000000,2,-2.0125275,-1.0600477,1789987293.0,187.84,-1.98,1789761600,190.61,193.15,190.57 - 193.15,190.57,2721916,192.59,100.0,100.0,us_market,finmb_27776185,NYSEArca,State Street SPDR S&P Oil & Gas Exploration & Production ETF,192.79,3068460,3463610,[],68.5,0.5609696,122.11 - 200.89,-10.279999,-0.05117228,46.409096,,1.39,11.02078,0.007217405,50.94713,15.76976,15.76976,3986409220.0,PRE,17.29551,180.429,10.181,0.056426626,161.25854,29.351456,0.18201488,15,0,America/New_York,EDT,-14400000,False,200.89,122.11,1.72,State Street SPDR S&P Oil & Gas,187.84,-1.4525299,-0.7649221,-1.02809,0.35,188.39,187.6,XOP,70500000.0,96.741,1.9703126,USD,,,-0.01,-19061.0,,,,,,,
Energy,energy,11,TOTL,State Street DoubleLine Total Return Tactical ETF,https://finance.yahoo.com/research-hub/screener/sec-ind_sec-top-etfs_energy/,2026-09-21T11:41:36+00:00,en-US,US,ETF,ETF,Delayed Quote,False,LOW,,,5.84349,-0.65013,False,False,USD,PCX,True,1424788200000,2,,,,,-0.139999,1789761594,37.96,38.02,37.96 - 38.02,37.96,398138,38.1,200.0,3900.0,us_market,finmb_281520859,NYSEArca,State Street DoubleLine Total Return Tactical ETF,38.02,555560,592200,[],0.01499939,0.0003952929,37.945 - 40.859,-2.899002,-0.07095137,-6.387174,,0.0,,0.0,-0.91397,-0.80592,-0.80592,3941997060.0,PRE,,38.712,-0.7520027,-0.019425571,39.60455,-1.6445503,-0.04152428,15,0,America/New_York,EDT,-14400000,False,40.859,37.945,5.37,State Street DoubleLine Total R,37.96,-0.139999,-0.367452,-0.367452,0.55,0.0,0.0,TOTL,,,,,,,,,,,,,,,
Energy,energy,12,MLPX,Global X MLP & Energy Infrastructure ETF,https://finance.yahoo.com/research-hub/screener/sec-ind_sec-top-etfs_energy/,2026-09-21T11:41:36+00:00,en-US,US,ETF,ETF,Delayed Quote,False,LOW,4.03,20.403999,15.47557,39.47502,False,False,USD,PCX,True,1375882200000,2,,,,,0.260002,1789761600,74.07,74.7913,73.58 - 74.7913,73.58,340187,73.81,1600.0,100.0,us_market,finmb_243965352,NYSEArca,Global X MLP & Energy Infrastructure ETF,74.0,396906,272530,[],16.41,0.28459936,57.66 - 78.36,-4.290001,-0.054747332,21.32678,,,19.885845,,29.66496,7.01354,7.01354,3679037950.0,PRE,3.72476,75.107,-1.0370026,-0.013807002,70.89095,3.1790466,0.04484418,15,0,America/New_York,EDT,-14400000,False,78.36,57.66,4.03,Global X MLP & Energy Infrastru,74.07,0.260002,0.352259,0.352259,0.45,76.0,0.0,MLPX,,,,,,,,,,,,,,,
Energy,energy,13,VNLA,Janus Henderson Short Duration Income ETF,https://finance.yahoo.com/research-hub/screener/sec-ind_sec-top-etfs_energy/,2026-09-21T11:41:36+00:00,en-US,US,ETF,ETF,Delayed Quote,False,LOW,,,6.01708,-0.18237,False,False,USD,PCX,True,1479825000000,2,-0.0099983215,-0.020505171,1789989882.0,48.75,-0.0200005,1789761600,48.76,48.77,48.75 - 48.77,48.75,234452,48.78,15900.0,6200.0,us_market,finmb_378490776,NYSEArca,Janus Henderson Short Duration Income ETF,48.77,399157,513240,[],0.049999237,0.0010264677,48.71 - 49.437,-0.67700195,-0.013694236,-1.0150194,,0.0,,0.0,2.41659,0.95748,0.95748,3426547970.0,PRE,,48.87984,-0.11984253,-0.0024517782,49.02601,-0.26601028,-0.005425901,15,0,America/New_York,EDT,-14400000,False,49.437,48.71,5.07,Janus Henderson Short Duration ,48.75,-0.0200005,-0.0410013,-0.0410013,0.23,0.0,0.0,VNLA,,,,,,,,,,,,,,,
Energy,energy,14,SMTH,ALPS Smith Core Plus Bond ETF,https://finance.yahoo.com/research-hub/screener/sec-ind_sec-top-etfs_energy/,2026-09-21T11:41:36+00:00,en-US,US,ETF,ETF,Delayed Quote,False,LOW,,,,,False,False,USD,PCX,True,1701873000000,2,,,,,-0.085001,1789761597,24.955,24.99,24.95 - 24.99,24.95,351812,25.04,2800.0,2300.0,us_market,finmb_1854316397,NYSEArca,ALPS Smith Core Plus Bond ETF,25.0,797276,3079210,[],0.01499939,0.00060141896,24.94 - 26.47,-1.5149994,-0.057234585,-4.496747,,0.0,,0.0,-0.11221,-0.71391,-0.71391,3015629570.0,PRE,,25.32704,-0.3720398,-0.014689431,25.775625,-0.8206253,-0.031837262,15,0,America/New_York,EDT,-14400000,False,26.47,24.94,4.43,ALPS Smith Core Plus Bond ETF,24.955,-0.085001,-0.339461,-0.339461,0.59,0.0,0.0,SMTH,,,,,,,,,,,,,,,
Energy,energy,15,IXC,iShares Global Energy ETF,https://finance.yahoo.com/research-hub/screener/sec-ind_sec-top-etfs_energy/,2026-09-21T11:41:36+00:00,en-US,US,ETF,ETF,Delayed Quote,False,LOW,2.7,15.368065,4.06243,40.94268,False,False,USD,PCX,True,1006785000000,2,,,,,-0.280003,1789761600,58.92,59.2193,58.795 - 59.2193,58.795,281115,59.2,100.0,100.0,us_market,finmb_8798081,NYSEArca,iShares Global Energy ETF,58.97,793941,683220,[],18.869999,0.47116104,40.05 - 60.7,-1.7800026,-0.02932459,42.663445,,1.024,15.563533,0.017297298,40.58345,10.40982,10.40982,2844199680.0,PRE,3.7857728,56.3914,2.5285988,0.04484015,51.99135,6.92865,0.13326544,15,0,America/New_York,EDT,-14400000,False,60.7,40.05,2.7,iShares Global Energy ETF,58.92,-0.280003,-0.472977,-0.472977,0.37,0.0,58.03,IXC,25950000.0,26.816,2.1971955,USD,,,,,,,,,,,
Energy,energy,16,UITB,VictoryShares Core Intermediate Bond ETF,https://finance.yahoo.com/research-hub/screener/sec-ind_sec-top-etfs_energy/,2026-09-21T11:41:36+00:00,en-US,US,ETF,ETF,Delayed Quote,False,LOW,,,6.45493,-0.92748,False,False,USD,NGM,True,1509111000000,2,-0.008998871,-0.019847969,1789988416.0,45.33,-0.16999817,1789761600,45.33,45.39,45.315 - 45.39,45.315,123047,45.5,2.0,2.0,us_market,finmb_540665697,NasdaqGM,VictoryShares Core Intermediate Bond ETF,45.39,152873,223840,[],0.07500076,0.0016572922,45.255 - 48.055,-2.7249985,-0.056705825,-4.5282245,,0.0,,0.0,-0.20078,-0.58711,-0.58711,2675509760.0,PRE,,46.0604,-0.7303963,-0.01585736,46.86794,-1.5379372,-0.032814268,15,0,America/New_York,EDT,-14400000,False,48.055,45.255,4.3,VictoryShares Core Intermediate,45.33,-0.1609993,-0.3538446,-0.37362236,0.25,55.53,37.0,UITB,,,,,,,,,2022-11-01,,,,,,
Energy,energy,17,MLPA,Global X MLP ETF,https://finance.yahoo.com/research-hub/screener/sec-ind_sec-top-etfs_energy/,2026-09-21T11:41:36+00:00,en-US,US,ETF,ETF,Delayed Quote,False,LOW,7.04,15.216068,16.18076,39.96146,False,False,USD,PCX,True,1334842200000,2,-0.09000015,-0.1593205,1789983254.0,56.4,0.0500031,1789761600,56.49,56.65,56.22 - 56.65,56.22,227198,56.44,700.0,100.0,us_market,finmb_204565926,NYSEArca,Global X MLP ETF,56.49,182476,180150,[],10.100002,0.21771939,46.39 - 58.0,-1.5099983,-0.026034454,17.07772,,0.0,15.05879,0.0,24.89029,9.7367,9.7367,2387045120.0,PRE,3.7512975,56.3246,0.16540146,0.0029365758,53.47685,3.013153,0.056345,15,0,America/New_York,EDT,-14400000,False,58.0,46.39,7.04,Global X MLP ETF,56.4,0.0500031,0.0885951,0.0885951,0.77,0.0,0.0,MLPA,,,,,,,,,,,,,,,
Energy,energy,18,URNM,Sprott Uranium Miners ETF,https://finance.yahoo.com/research-hub/screener/sec-ind_sec-top-etfs_energy/,2026-09-21T11:41:36+00:00,en-US,US,ETF,ETF,Delayed Quote,False,LOW,3.06,24.666996,,,False,False,USD,PCX,True,1575469800000,2,1.1500015,2.2853765,1789987884.0,51.47,-0.990002,1789761600,50.32,51.67,50.06 - 51.67,50.06,422861,51.31,400.0,200.0,us_market,finmb_632575309,NYSEArca,Sprott Uranium Miners ETF,51.61,546571,558570,[],3.5,0.07475438,46.82 - 84.95,-34.629997,-0.40765154,-16.119354,,0.0,21.79409,0.0,3.6455,-7.08678,-7.08678,2204943100.0,PRE,2.3088827,53.2868,-2.9668007,-0.05567609,60.82345,-10.5034485,-0.17268749,15,0,America/New_York,EDT,-14400000,False,84.95,46.82,3.06,Sprott Uranium Miners ETF,51.47,0.7200012,1.4322681,-1.92945,0.75,52.18,0.0,URNM,,,,,,,,,,,,,,,
Energy,energy,19,HTRB,Hartford Total Return Bond ETF,https://finance.yahoo.com/research-hub/screener/sec-ind_sec-top-etfs_energy/,2026-09-21T11:41:36+00:00,en-US,US,ETF,ETF,Nasdaq Real Time Price,False,LOW,,,7.03085,-0.75466,False,False,USD,PCX,True,1506605400000,2,,,,,-0.125,1789761592,32.725,32.7675,32.715 - 32.7675,32.715,215117,32.85,500.0,100.0,us_market,finmb_426931743,NYSEArca,Hartford Total Return Bond ETF,32.78,236782,336230,[],0.069999695,0.0021436135,32.655 - 34.82,-2.0950012,-0.060166605,-4.869187,,0.0,,0.0,-0.13932,-0.60123,-0.60123,2189449980.0,PRE,,33.22562,-0.5006218,-0.015067343,33.82445,-1.099453,-0.03250468,15,0,America/New_York,EDT,-14400000,False,34.82,32.655,4.75,Hartford Total Return Bond ETF,32.725,-0.125,-0.380518,-0.380518,0.29,0.0,0.0,HTRB,14450000.0,,,,,,,,,,,,,,
Energy,energy,20,FENY,Fidelity MSCI Energy Index ETF,https://finance.yahoo.com/research-hub/screener/sec-ind_sec-top-etfs_energy/,2026-09-21T11:41:36+00:00,en-US,US,ETF,ETF,Delayed Quote,False,LOW,2.19,17.513135,0.04214,55.47623,False,False,USD,PCX,True,1382621400000,2,-0.27000046,-0.7650905,1789989300.0,35.02,-0.134998,1789761600,35.29,35.5,35.21 - 35.5,35.21,979773,35.425,9500.0,1600.0,us_market,finmb_243638582,NYSEArca,Fidelity MSCI Energy Index ETF,35.36,1218222,1020450,[],11.77,0.50042516,23.52 - 36.6,-1.3099976,-0.035792284,45.1666,,0.0,17.43409,0.0,44.87922,14.07124,14.07124,2140013950.0,PRE,2.0241952,33.9324,1.3576012,0.040008992,30.9469,4.3431015,0.14034045,15,0,America/New_York,EDT,-14400000,False,36.6,23.52,2.19,Fidelity MSCI Energy Index ETF,35.02,-0.134998,-0.381082,-0.381082,0.084,35.62,0.0,FENY,,,,,,,,,,,,,,,
Energy,energy,21,OIH,VanEck Oil Services ETF,https://finance.yahoo.com/research-hub/screener/sec-ind_sec-top-etfs_energy/,2026-09-21T11:41:36+00:00,en-US,US,ETF,ETF,Nasdaq Real Time Price,False,LOW,1.13,20.012007,3.23133,21.26626,False,False,USD,PCX,True,983197800000,2,-2.899994,-0.72752666,1789990646.0,395.71,-1.89001,1789761600,398.71,400.56,396.69 - 400.56,396.69,130470,400.6,80.0,200.0,us_market,finmb_3589047,NYSEArca,VanEck Oil Services ETF,399.68,282903,261930,[],156.46999,0.6459296,242.24 - 459.28,-60.570007,-0.13188036,56.467308,,,19.068415,,50.8191,2.49904,2.49904,2016612480.0,PRE,20.909447,402.3356,-3.6256104,-0.009011408,383.86115,14.848846,0.03868286,15,0,America/New_York,EDT,-14400000,False,459.28,242.24,1.13,VanEck Oil Services ETF,395.71,-2.899994,-0.72752666,-0.471796,0.35,408.25,0.0,OIH,,,,,,,,,,,,,,,
Energy,energy,22,IYE,iShares U.S. Energy ETF,https://finance.yahoo.com/research-hub/screener/sec-ind_sec-top-etfs_energy/,2026-09-21T11:41:36+00:00,en-US,US,ETF,ETF,Delayed Quote,False,LOW,1.98,17.988847,-2.2886,53.36815,False,False,USD,PCX,True,961162200000,2,,,,,-0.269997,1789761600,67.37,67.77,67.19 - 67.77,67.19,769811,67.64,400.0,1400.0,us_market,finmb_8796332,NYSEArca,iShares U.S. Energy ETF,67.56,807290,1006280,[],22.250004,0.49312952,45.12 - 69.8,-2.4300003,-0.034813758,44.19949,,,17.930296,,43.6145,13.50557,13.50557,1854785020.0,PRE,3.757328,64.7994,2.5706024,0.03967016,59.03495,8.3350525,0.14118844,15,0,America/New_York,EDT,-14400000,False,69.8,45.12,1.98,iShares U.S. Energy ETF,67.37,-0.269997,-0.399167,-0.399167,0.37,0.0,65.91,IYE,,,,,,,,,,,,,,,
Energy,energy,23,XAGG,Eaton Vance Income Opportunities ETF,https://finance.yahoo.com/research-hub/screener/sec-ind_sec-top-etfs_energy/,2026-09-21T11:41:36+00:00,en-US,US,ETF,ETF,Nasdaq Real Time Price,False,LOW,6.9,12.809018,8.48277,0.01371,False,False,USD,PCX,True,1762785000000,2,,,,,0.0399971,1789761600,49.19,49.26,49.09 - 49.26,49.09,451316,49.15,2000.0,400.0,us_market,finmb_1888407053,NYSEArca,Eaton Vance Income Opportunities ETF,49.14,318649,489020,[],0.22499847,0.004595088,48.965 - 51.475,-2.2849998,-0.04439048,-1.8555462,,0.0,12.709542,0.0,2.77753,0.9535,0.9535,1461895680.0,PRE,3.8703203,49.70128,-0.51128006,-0.01028706,50.238087,-1.0480881,-0.020862421,15,0,America/New_York,EDT,-14400000,False,51.475,48.965,6.9,Eaton Vance Income Opportunitie,49.19,0.0399971,0.0813776,0.0813776,0.5,0.0,0.0,XAGG,,,,,,,,,,,,,,,
Energy,energy,24,PHYL,PGIM Active High Yield Bond ETF,https://finance.yahoo.com/research-hub/screener/sec-ind_sec-top-etfs_energy/,2026-09-21T11:41:36+00:00,en-US,US,ETF,ETF,Nasdaq Real Time Price,False,LOW,7.27,1.7114495978093445,12.44921,6.27796,False,False,USD,PCX,True,1538055000000,2,,,,,-0.0849991,1789761598,34.23,34.2379,34.19 - 34.2379,34.19,109565,34.315,300.0,400.0,us_market,finmb_574976137,NYSEArca,PGIM Active High Yield Bond ETF,34.24,184023,150510,[],0.07999802,0.002342548,34.15 - 35.83,-1.6000023,-0.04465538,-4.385477,,0.0,2.453009,0.0,2.1941,0.63476,0.63476,1417226750.0,PRE,13.954291,34.6812,-0.45119858,-0.01300989,35.1098,-0.8797989,-0.0250585,15,0,America/New_York,EDT,-14400000,False,35.83,34.15,7.63,PGIM Active High Yield Bond ETF,34.23,-0.0849991,-0.247702,-0.247702,0.39,35.86,0.0,PHYL,,,,,,,,,,,,,,,
Energy,energy,25,SYSB,iShares Systematic Bond ETF,https://finance.yahoo.com/research-hub/screener/sec-ind_sec-top-etfs_energy/,2026-09-21T11:41:36+00:00,en-US,US,ETF,ETF,Nasdaq Real Time Price,False,LOW,,,8.29195,-0.9299,False,False,USD,BTS,True,1424961000000,2,,,,,-0.345001,1789761585,85.805,85.9,85.774 - 85.9,85.774,53810,86.15,200.0,1000.0,us_market,finmb_279615910,Cboe US,iShares Systematic Bond ETF,85.9,76250,65990,[],0.20500183,0.0023948813,85.6 - 91.2,-5.3949966,-0.059155665,-4.6505156,,0.0,,0.0,-0.13142,-0.55655,-0.55655,1197810050.0,PRE,,87.10766,-1.3026581,-0.014954576,88.74293,-2.9379272,-0.033106044,15,0,America/New_York,EDT,-14400000,False,91.2,85.6,4.62,iShares Systematic Bond ETF,85.805,-0.345001,-0.400466,-0.400466,0.25,88.81,0.0,SYSB,,,,,,,,,,,,,,,
Energy,energy,26,EIPI,FT Energy Income Partners Enhanced Income ETF,https://finance.yahoo.com/research-hub/screener/sec-ind_sec-top-etfs_energy/,2026-09-21T11:41:36+00:00,en-US,US,ETF,ETF,Delayed Quote,False,LOW,4.37,17.241379,,,False,False,USD,PCX,True,1715002200000,2,,,,,-0.039999,1789761590,22.35,22.41,22.3 - 22.41,22.3,49985,22.39,1200.0,200.0,us_market,finmb_127660568,NYSEArca,FT Energy Income Partners Enhanced Income ETF,22.44,89917,55010,[],2.9780006,0.15372707,19.372 - 23.08,-0.72999954,-0.031629097,13.509393,,0.0,16.953138,0.0,20.12142,5.83892,5.83892,1107718530.0,PRE,1.31834,22.51926,-0.16926003,-0.0075162337,21.82005,0.5299511,0.024287347,15,0,America/New_York,EDT,-14400000,False,23.08,19.372,4.37,FT Energy Income Partners Enhan,22.35,-0.039999,-0.178647,-0.178647,1.11,0.0,21.96,EIPI,,,,,,,,,,,,,,,
Energy,energy,27,HYGV,Northern Trust High Yield Value-Scored Bond ETF,https://finance.yahoo.com/research-hub/screener/sec-ind_sec-top-etfs_energy/,2026-09-21T11:41:36+00:00,en-US,US,ETF,ETF,Delayed Quote,False,LOW,,,13.00027,6.15168,False,False,USD,PCX,True,1531920600000,2,,,,,-0.0750008,1789761588,39.605,39.65,39.57 - 39.65,39.57,127815,39.68,700.0,300.0,us_market,finmb_557846515,NYSEArca,Northern Trust High Yield Value-Scored Bond ETF,39.61,89849,79630,[],0.13000107,0.0032932507,39.475 - 41.316,-1.7110023,-0.041412584,-4.0576577,,0.0,,0.0,3.09688,1.52805,1.52805,1081723520.0,PRE,,39.99552,-0.390522,-0.009764143,40.348305,-0.7433052,-0.018422216,15,0,America/New_York,EDT,-14400000,False,41.316,39.475,7.38,Northern Trust High Yield Value,39.605,-0.0750008,-0.189014,-0.189014,0.37,0.0,0.0,HYGV,,,,,,,,,,,,,,,
Energy,energy,28,MLPI,Neos Mlp & Energy Infrastructure High Income ETF,https://finance.yahoo.com/research-hub/screener/sec-ind_sec-top-etfs_energy/,2026-09-21T11:41:36+00:00,en-US,US,ETF,ETF,Nasdaq Real Time Price,False,LOW,,,,,False,False,USD,BTS,True,1766068200000,2,-0.05999756,-0.11328844,1789990445.0,52.9,-0.0399971,1789761600,52.81,53.55,52.81 - 53.55,52.81,349444,52.85,100.0,3300.0,us_market,finmb_1965564623,Cboe US,Neos Mlp & Energy Infrastructure High Income ETF,52.97,357447,339230,[],3.6599998,0.074465916,49.15 - 58.47,-5.66,-0.09680177,5.9803367,1540166400.0,0.0,18.218924,0.0,20.85597,4.23993,4.23993,919337470.0,PRE,2.8986344,54.5296,-1.7195969,-0.03153511,54.578358,-1.7683563,-0.03240032,15,0,America/New_York,EDT,-14400000,False,58.47,49.15,,NEOS MLP & Energy Infrastructur,52.9,-0.05999756,-0.11328844,-0.0756804,0.68,53.85,52.52,MLPI,,,,,,,,,,,,,,,
Energy,energy,29,TPYP,Tortoise North American Pipeline Fund,https://finance.yahoo.com/research-hub/screener/sec-ind_sec-top-etfs_energy/,2026-09-21T11:41:36+00:00,en-US,US,ETF,ETF,Delayed Quote,False,LOW,3.15,20.699648,10.8015,34.74743,False,False,USD,NYQ,True,1435671000000,2,,,,,0.182003,1789761602,42.47,42.7299,42.25 - 42.7299,42.25,20942,42.288,600.0,100.0,us_market,finmb_297929091,NYSE,Tortoise North American Pipeline Fund,42.18,49592,31970,[],8.530003,0.25132596,33.94 - 44.65,-2.1800003,-0.048824195,18.432796,1490918400.0,0.0,20.196938,0.0,25.31849,6.11605,6.11605,894481470.0,PRE,2.1027942,43.0079,-0.537899,-0.012506981,40.89897,1.5710297,0.038412448,15,0,America/New_York,EDT,-14400000,False,44.65,33.94,3.15,Tortoise North American Pipelin,42.47,0.182003,0.430389,0.430389,0.4,0.0,0.0,TPYP,0.0,,,,,,,,,,,,,,
Energy,energy,30,BSJS,Invesco BulletShares 2028 High Yield Corporate Bond ETF,https://finance.yahoo.com/research-hub/screener/sec-ind_sec-top-etfs_energy/,2026-09-21T11:41:36+00:00,en-US,US,ETF,ETF,Delayed Quote,False,LOW,6.9,7.82472613458529,,,False,False,USD,NGM,True,1600263000000,2,,,,,-0.024599075,1789761600,21.6854,21.73,21.66 - 21.73,21.66,103515,21.71,2.0,2.0,us_market,finmb_677955584,NasdaqGM,Invesco BulletShares 2028 High Yield Corporate Bond ETF,21.66,149585,78370,[],0.20540047,0.009562406,21.48 - 22.11,-0.4246006,-0.019204007,-1.8111825,,0.0,,0.0,2.92617,1.27838,1.27838,763722050.0,PRE,,21.75122,-0.065820694,-0.003026069,21.85204,-0.16663933,-0.007625802,15,0,America/New_York,EDT,-14400000,False,22.11,21.48,6.11,Invesco BulletShares 2028 High ,21.6854,-0.02999878,-0.13817956,-0.11330758,0.42,26.17,17.39,BSJS,,,,,,,,,,,,,,,
Energy,energy,31,IGE,iShares North American Natural Resources ETF,https://finance.yahoo.com/research-hub/screener/sec-ind_sec-top-etfs_energy/,2026-09-21T11:41:36+00:00,en-US,US,ETF,ETF,Delayed Quote,False,LOW,1.8,17.873101,3.12113,39.26701,False,False,USD,BTS,True,1006785000000,2,,,,,-0.309998,1789761599,64.65,65.17,64.54 - 65.17,64.54,51659,64.96,500.0,200.0,us_market,finmb_8796490,Cboe US,iShares North American Natural Resources ETF,65.17,176628,217570,[],18.0,0.38585207,46.65 - 67.33,-2.6800003,-0.039803956,33.68486,,,17.542067,,32.26417,9.93889,9.93889,763613380.0,PRE,3.6854267,62.699,1.9510002,0.031116927,59.3088,5.341202,0.09005749,15,0,America/New_York,EDT,-14400000,False,67.33,46.65,1.8,iShares North American Natural ,64.65,-0.309998,-0.477213,-0.477213,0.37,100.88,0.0,IGE,,,,,,,,,,,,,,,
Energy,energy,32,IBHF,iShares iBonds 2026 Term High Yield and Income ETF,https://finance.yahoo.com/research-hub/screener/sec-ind_sec-top-etfs_energy/,2026-09-21T11:41:36+00:00,en-US,US,ETF,ETF,Delayed Quote,False,LOW,7.03,10.989010989010989,,,False,False,USD,BTS,True,1605709800000,2,,,,,0.0,1789761595,22.51,22.52,22.51 - 22.52,22.51,102424,22.51,1600.0,1800.0,us_market,finmb_688329335,Cboe US,iShares iBonds 2026 Term High Yield and Income ETF,22.52,198471,172120,[],0.09200096,0.0041038883,22.418 - 23.42,-0.90999985,-0.038855672,-3.72113,,0.0,10.566537,0.0,1.1439,0.48148,0.48148,757076420.0,PRE,2.13031,22.51098,-0.0009803772,-4.3551066e-05,22.806385,-0.2963848,-0.012995695,15,0,America/New_York,EDT,-14400000,False,23.42,22.418,6.0,iShares iBonds 2026 Term High Y,22.51,0.0,0.0,0.0,0.35,23.0,0.0,IBHF,,,,,,,,,,,,,,,
Energy,energy,33,FCG,First Trust Natural Gas ETF,https://finance.yahoo.com/research-hub/screener/sec-ind_sec-top-etfs_energy/,2026-09-21T11:41:36+00:00,en-US,US,ETF,ETF,Nasdaq Real Time Price,False,LOW,2.04,11.205737,2.66088,98.76396,False,False,USD,PCX,True,1178890200000,2,0.12999916,0.42734766,1789979798.0,30.55,-0.269999,1789761600,30.44,30.76,30.405 - 30.76,30.405,1379455,30.71,600.0,2100.0,us_market,finmb_34335545,NYSEArca,First Trust Natural Gas ETF,30.76,743020,992390,[],8.68,0.39889708,21.76 - 33.03,-2.5899982,-0.07841352,31.88908,,,10.946811,,34.46896,9.80329,9.80329,676024130.0,PRE,2.7807186,29.8716,0.56840134,0.019028151,28.127,2.3129997,0.08223414,15,0,America/New_York,EDT,-14400000,False,33.03,21.76,2.04,First Trust Natural Gas ETF,30.55,0.12999916,0.42734766,-0.879188,0.59,30.5,30.0,FCG,,,,,,,,,,,,,,,
Energy,energy,34,RSPG,Invesco S&P 500 Equal Weight Energy ETF,https://finance.yahoo.com/research-hub/screener/sec-ind_sec-top-etfs_energy/,2026-09-21T11:41:36+00:00,en-US,US,ETF,ETF,Delayed Quote,False,LOW,1.82,16.509823,4.46888,57.80789,False,False,USD,PCX,True,1162909800000,2,,,,,-0.279999,1789761600,113.9,114.72,113.63 - 114.72,113.63,76652,114.18,900.0,100.0,us_market,finmb_30148895,NYSEArca,Invesco S&P 500 Equal Weight Energy ETF,114.05,86374,65250,[],39.47,0.5302969,74.43 - 118.15,-4.25,-0.035971224,47.74939,,0.0,16.36471,0.0,45.83879,12.93959,12.93959,624382980.0,PRE,6.9600987,109.7644,4.135605,0.037677106,100.1115,13.788498,0.1377314,15,0,America/New_York,EDT,-14400000,False,118.15,74.43,1.82,Invesco S&P 500 Equal Weight En,113.9,-0.279999,-0.245226,-0.245226,0.4,176.95,0.0,RSPG,,,,,,,,,,,,,,,
Energy,energy,35,IEO,iShares U.S. Oil & Gas Exploration & Production ETF,https://finance.yahoo.com/research-hub/screener/sec-ind_sec-top-etfs_energy/,2026-09-21T11:41:36+00:00,en-US,US,ETF,ETF,Nasdaq Real Time Price,False,LOW,1.7,13.135426,3.51584,75.58776,False,False,USD,BTS,True,1146835800000,2,-3.4966888,-2.4994204,1789990492.0,136.4033,-0.839996,1789761600,140.02,141.24,139.845 - 141.24,139.845,45961,140.86,100.0,600.0,us_market,finmb_27446926,Cboe US,iShares U.S. Oil & Gas Exploration & Production ETF,141.33,97346,143890,[],54.090004,0.6294659,85.93 - 145.52,-5.5,-0.03779549,54.87225,,0.0,13.450662,0.0,54.57405,20.45592,20.45592,622159810.0,PRE,10.409897,130.1138,9.906204,0.07613492,113.78645,26.233551,0.23055074,15,0,America/New_York,EDT,-14400000,False,145.52,85.93,1.7,iShares U.S. Oil & Gas Explorat,136.4033,-3.4966888,-2.4994204,-0.596334,0.37,165.0,135.5,IEO,,,,,,,,,,,,,,,
Energy,energy,36,FDHY,Fidelity Enhanced High Yield ETF,https://finance.yahoo.com/research-hub/screener/sec-ind_sec-top-etfs_energy/,2026-09-21T11:41:36+00:00,en-US,US,ETF,ETF,Delayed Quote,False,LOW,,,11.6402,4.69497,False,False,USD,PCX,True,1528983000000,2,,,,,-0.0599976,1789761600,48.56,48.68,48.49 - 48.68,48.49,196636,48.62,300.0,200.0,us_market,finmb_560654958,NYSEArca,Fidelity Enhanced High Yield ETF,48.55,85514,103400,[],0.5600014,0.011666696,48.0 - 49.71,-1.1499977,-0.023134133,-2.1559536,,0.0,,0.0,3.7404,1.28817,1.28817,605508220.0,PRE,,48.94536,-0.3853569,-0.007873206,49.148495,-0.58849335,-0.0119737815,15,0,America/New_York,EDT,-14400000,False,49.71,48.0,6.52,Fidelity Enhanced High Yield ET,48.56,-0.0599976,-0.123401,-0.123401,0.35,51.55,0.0,FDHY,,,,,,,,,,,,,,,
Energy,energy,37,TNGY,Tortoise Energy Fund,https://finance.yahoo.com/research-hub/screener/sec-ind_sec-top-etfs_energy/,2026-09-21T11:41:36+00:00,en-US,US,ETF,ETF,Delayed Quote,False,LOW,4.15,18.008284,12.47999,24.81223,False,False,USD,NYQ,True,1750080600000,2,,,,,-0.0115995,1789760598,11.3184,11.4199,11.28 - 11.4199,11.28,57849,11.33,100.0,200.0,us_market,finmb_1932832241,NYSE,Tortoise Energy Fund,11.28,84588,60100,[],2.5084,0.28472188,8.81 - 11.664,-0.34559917,-0.02962956,25.75556,,0.0,18.059023,0.0,28.88692,14.50063,14.50063,585841920.0,PRE,0.6267449,10.81792,0.50048065,0.046264037,10.084595,1.2338057,0.12234559,15,0,America/New_York,EDT,-14400000,False,11.664,8.81,4.15,Tortoise Energy ETF,11.3184,-0.0115995,-0.102379,-0.102379,0.85,0.0,0.0,TNGY,,,,,,,,,,,,,,,
Energy,energy,38,EIPX,FT Energy Income Partners Strategy ETF,https://finance.yahoo.com/research-hub/screener/sec-ind_sec-top-etfs_energy/,2026-09-21T11:41:36+00:00,en-US,US,ETF,ETF,Delayed Quote,False,LOW,2.57,16.906171,,,False,False,USD,PCX,True,1667482200000,2,,,,,0.0499992,1789761600,33.07,33.15,33.0 - 33.15,33.0,27161,33.02,600.0,300.0,us_market,finmb_1797262554,NYSEArca,FT Energy Income Partners Strategy ETF,33.07,38841,25110,[],7.6900005,0.30299452,25.38 - 34.09,-1.0200005,-0.02992081,27.011562,,0.0,16.717112,0.0,28.47163,6.93238,6.93238,583982140.0,PRE,1.9782125,32.91644,0.15356064,0.0046651657,30.99496,2.075039,0.066947624,15,0,America/New_York,EDT,-14400000,False,34.09,25.38,2.57,FT Energy Income Partners Strat,33.07,0.0499992,0.151421,0.151421,0.95,0.0,0.0,EIPX,,,,,,,,,,,,,,,
Energy,energy,39,ENFR,Alerian Energy Infrastructure ETF,https://finance.yahoo.com/research-hub/screener/sec-ind_sec-top-etfs_energy/,2026-09-21T11:41:36+00:00,en-US,US,ETF,ETF,Delayed Quote,False,LOW,3.84,20.37905,15.09933,39.41769,False,False,USD,PCX,True,1383312600000,2,,,,,0.129997,1789761600,39.03,39.395,38.92 - 39.395,38.92,37651,38.9,1400.0,200.0,us_market,finmb_248244907,NYSEArca,Alerian Energy Infrastructure ETF,38.92,85471,91970,[],9.199999,0.3084143,29.83 - 40.95,-1.920002,-0.046886496,22.543167,,0.0,19.810568,0.0,31.93509,8.10324,8.10324,548447740.0,PRE,1.9701606,39.565,-0.53499985,-0.0135220485,36.9089,2.1210976,0.057468455,15,0,America/New_York,EDT,-14400000,False,40.95,29.83,3.84,Alerian Energy Infrastructure E,39.03,0.129997,0.334183,0.334183,0.35,0.0,38.0,ENFR,,,,,,,,,,,,,,,
Energy,energy,40,UMI,USCF Midstream Energy Income Fund,https://finance.yahoo.com/research-hub/screener/sec-ind_sec-top-etfs_energy/,2026-09-21T11:41:36+00:00,en-US,US,ETF,ETF,Nasdaq Real Time Price,False,LOW,5.78,20.496003,,,False,False,USD,PCX,True,1512052200000,2,0.29499817,0.4894204,1789990396.0,60.57,0.356499,1789761301,60.2665,60.67,59.845 - 60.67,59.845,24398,59.91,2400.0,2900.0,us_market,finmb_701133923,NYSEArca,USCF Midstream Energy Income Fund,59.88,18647,20100,[],12.526497,0.26238996,47.74 - 64.77,-4.503498,-0.06953062,19.324053,,0.0,20.035072,0.0,29.16417,7.8266,7.8266,525904224.0,PRE,3.00805,60.85404,-0.5875397,-0.0096549,57.0947,3.1717987,0.055553295,15,0,America/New_York,EDT,-14400000,False,64.77,47.74,5.78,USCF Midstream Energy Income Fu,60.57,0.29499817,0.4894204,0.595057,0.69,94.04,0.0,UMI,,,,,,,,,,,,,,,
Energy,energy,41,IBHI,iShares iBonds 2029 Term High Yield and Income ETF,https://finance.yahoo.com/research-hub/screener/sec-ind_sec-top-etfs_energy/,2026-09-21T11:41:36+00:00,en-US,US,ETF,ETF,Delayed Quote,False,LOW,6.6,10.989010989010989,,,False,False,USD,BTS,True,1646922600000,2,,,,,-0.0398998,1789761506,23.1201,23.15,23.0805 - 23.15,23.0805,78998,23.16,600.0,500.0,us_market,finmb_1764140351,Cboe US,iShares iBonds 2029 Term High Yield and Income ETF,23.13,93926,67860,[],0.11009979,0.004784867,23.01 - 23.9,-0.7798996,-0.032631785,-3.182578,,0.0,10.688559,0.0,2.91565,1.19061,1.19061,510669696.0,PRE,2.16307,23.26016,-0.14006042,-0.0060214726,23.415745,-0.29564476,-0.012625896,15,0,America/New_York,EDT,-14400000,False,23.9,23.01,6.63,iShares iBonds 2029 Term High Y,23.1201,-0.0398998,-0.172279,-0.172279,0.35,0.0,0.0,IBHI,,,,,,,,,,,,,,,
Energy,energy,42,AMZA,InfraCap MLP ETF,https://finance.yahoo.com/research-hub/screener/sec-ind_sec-top-etfs_energy/,2026-09-21T11:41:36+00:00,en-US,US,ETF,ETF,Delayed Quote,False,LOW,7.64,16.452781,23.46892,52.22081,False,False,USD,PCX,True,1412256600000,2,,,,,0.0600014,1789761600,50.56,50.8099,50.15 - 50.8099,50.15,26688,50.5,100.0,100.0,us_market,finmb_269734503,NYSEArca,InfraCap MLP ETF,50.25,33558,33400,[],12.550003,0.33017635,38.01 - 51.56,-1.0,-0.01939488,26.980936,,0.0,16.34609,0.0,36.22636,13.49976,13.49976,492007264.0,PRE,3.0930943,49.5467,1.0133018,0.02045145,45.67087,4.8891296,0.10705137,15,0,America/New_York,EDT,-14400000,False,51.56,38.01,7.64,InfraCap MLP ETF,50.56,0.0600014,0.118815,0.118815,1.72,0.0,0.0,AMZA,,,,,,,,,,,,,,,
Energy,energy,43,PBOG,Portfolio Building Block Integrated Oil And Gas And Exploration And Production Index ETF,https://finance.yahoo.com/research-hub/screener/sec-ind_sec-top-etfs_energy/,2026-09-21T11:41:36+00:00,en-US,US,ETF,ETF,Delayed Quote,False,LOW,,,,,False,False,USD,NGM,True,1764599400000,2,0.0,0.0,1789988411.0,35.5,-0.27999878,1789761601,35.5,35.655,35.39 - 35.655,35.39,45409,35.78,2.0,2.0,us_market,finmb_1959766824,NasdaqGM,Portfolio Building Block Integrated Oil And Gas And Exploration And Production Index ETF,35.59,87301,32940,[],11.127001,0.45652983,24.373 - 37.15,-1.6500015,-0.044414576,41.744865,,0.0,15.09381,0.0,38.7392,9.55197,9.55197,470245120.0,PRE,2.3519576,34.19798,1.302021,0.03807304,31.329664,4.170336,0.1331114,15,0,America/New_York,EDT,-14400000,False,37.15,24.373,,Portfolio Building Block Integr,35.5,-0.27999878,-0.7825567,-0.7825567,0.13,33.05,32.9,PBOG,,,,,,,,,2025-11-25,,,,,,
Energy,energy,44,FLTB,Fidelity Limited Term Bond ETF,https://finance.yahoo.com/research-hub/screener/sec-ind_sec-top-etfs_energy/,2026-09-21T11:41:36+00:00,en-US,US,ETF,ETF,Delayed Quote,False,LOW,,,5.99951,-1.06834,False,False,USD,PCX,True,1412861400000,2,,,,,0.0039978,1789761600,49.51,49.51,49.3801 - 49.51,49.3801,204747,49.506,100.0,500.0,us_market,finmb_270037180,NYSEArca,Fidelity Limited Term Bond ETF,49.47,65950,104070,[],0.12999725,0.002632589,49.38 - 51.155,-1.6450005,-0.03215718,-2.5585532,,0.0,,0.0,1.21786,0.35739,0.35739,452875488.0,PRE,,49.92084,-0.4108429,-0.008229887,50.35626,-0.8462601,-0.016805459,15,0,America/New_York,EDT,-14400000,False,51.155,49.38,4.41,Fidelity Limited Term Bond ETF,49.51,0.0039978,0.00807539,0.00807539,0.25,0.0,0.0,FLTB,,,,,,,,,,,,,,,
Energy,energy,45,CRAK,VanEck Oil Refiners ETF,https://finance.yahoo.com/research-hub/screener/sec-ind_sec-top-etfs_energy/,2026-09-21T11:41:36+00:00,en-US,US,ETF,ETF,Nasdaq Real Time Price,False,LOW,1.24,13.404826,14.0415,11.21101,False,False,USD,PCX,True,1440077400000,2,-0.08999634,-0.13788317,1789990474.0,65.18,-1.07,1789761600,65.39,66.01,65.23 - 66.01,65.23,842618,66.46,100.0,200.0,us_market,finmb_301753086,NYSEArca,VanEck Oil Refiners ETF,65.76,378525,698050,[],29.89,0.8419718,35.5 - 66.59,-1.199997,-0.018020678,78.27153,,0.0,14.562909,0.0,62.75293,26.40612,26.40612,452384160.0,PRE,4.4901743,58.51,6.880001,0.11758676,48.537174,16.852825,0.3472148,15,0,America/New_York,EDT,-14400000,False,66.59,35.5,1.24,VanEck Oil Refiners ETF,65.18,-0.08999634,-0.13788317,-1.60999,0.61,0.0,0.0,CRAK,,,,,,,,,,,,,,,
Energy,energy,46,BYLD,iShares Yield Optimized Bond ETF,https://finance.yahoo.com/research-hub/screener/sec-ind_sec-top-etfs_energy/,2026-09-21T11:41:36+00:00,en-US,US,ETF,ETF,Delayed Quote,False,LOW,5.3,10.989010989010989,8.18505,-1.05907,False,False,USD,PCX,True,1398346200000,2,,,,,-0.1,1789761600,21.96,22.0,21.955 - 22.0,21.955,93017,22.06,700.0,500.0,us_market,finmb_256111501,NYSEArca,iShares Yield Optimized Bond ETF,22.0,68293,87260,[],0.059999466,0.0027397017,21.9 - 23.14,-1.1800003,-0.050993964,-4.2720137,,0.0,10.663662,0.0,1.119,-0.21865,-0.21865,447641696.0,PRE,2.05933,22.28144,-0.32144165,-0.014426431,22.59851,-0.63851166,-0.02825459,15,0,America/New_York,EDT,-14400000,False,23.14,21.9,5.41,iShares Yield Optimized Bond ET,21.96,-0.1,-0.453311,-0.453311,0.13,25.0,19.0,BYLD,,,,,,,,,,,,,,,
Energy,energy,47,FXN,First Trust Energy AlphaDEX Fund,https://finance.yahoo.com/research-hub/screener/sec-ind_sec-top-etfs_energy/,2026-09-21T11:41:36+00:00,en-US,US,ETF,ETF,Delayed Quote,False,LOW,1.51,13.764625,0.89859,51.54657,False,False,USD,PCX,True,1178803800000,2,,,,,-0.200001,1789761600,23.32,23.51,23.315 - 23.51,23.315,404595,23.52,14000.0,5600.0,us_market,finmb_34336565,NYSEArca,First Trust Energy AlphaDEX Fund,23.53,1560707,540520,[],8.139999,0.5362318,15.18 - 24.47,-1.1499996,-0.046996307,44.93474,,0.0,13.515412,0.0,45.34424,10.84937,10.84937,401326400.0,PRE,1.7254375,22.6556,0.6644001,0.029326087,20.60245,2.7175503,0.13190423,15,0,America/New_York,EDT,-14400000,False,24.47,15.18,1.51,First Trust Energy AlphaDEX Fun,23.32,-0.200001,-0.850343,-0.850343,0.63,23.4,22.64,FXN,,,,,,,,,,,,,,,
Energy,energy,48,CPLB,NYLI MacKay Core Plus Bond ETF,https://finance.yahoo.com/research-hub/screener/sec-ind_sec-top-etfs_energy/,2026-09-21T11:41:36+00:00,en-US,US,ETF,ETF,Delayed Quote,False,LOW,,,,,False,False,USD,PCX,True,1624973400000,2,,,,,-0.0797997,1789761589,20.385,20.3951,20.37 - 20.3951,20.37,34969,20.4648,200.0,1100.0,us_market,finmb_699022997,NYSEArca,NYLI MacKay Core Plus Bond ETF,20.3951,87146,118320,[],0.024999619,0.0012278791,20.36 - 21.6,-1.2150002,-0.056250006,-4.787481,,0.0,,0.0,0.70703,-0.2123,-0.2123,400161440.0,PRE,,20.67478,-0.28977966,-0.014016095,21.013845,-0.6288452,-0.029925281,15,0,America/New_York,EDT,-14400000,False,21.6,20.36,5.98,NYLIM MacKay Core Plus Bond ETF,20.385,-0.0797997,-0.389936,-0.389936,0.3,0.0,19.47,CPLB,,,,,,,,,,,,,,,
Energy,energy,49,XES,State Street SPDR S&P Oil & Gas Equipment & Services ETF,https://finance.yahoo.com/research-hub/screener/sec-ind_sec-top-etfs_energy/,2026-09-21T11:41:36+00:00,en-US,US,ETF,ETF,Delayed Quote,False,LOW,1.07,22.386389,6.74629,12.04601,False,False,USD,PCX,True,1150983000000,2,,,,,-0.660004,1789761600,115.82,116.75,115.445 - 116.75,115.445,23690,116.48,200.0,200.0,us_market,finmb_27776147,NYSEArca,State Street SPDR S&P Oil & Gas Equipment & Services ETF,115.95,77100,44110,[],47.760002,0.7017338,68.06 - 135.35,-19.530006,-0.14429262,63.518288,,0.61,21.226292,0.0052369507,49.83735,1.48287,1.48287,398253952.0,PRE,5.4564404,116.984,-1.1640015,-0.009950091,110.9792,4.8407974,0.043618962,15,0,America/New_York,EDT,-14400000,False,135.35,68.06,1.07,State Street SPDR S&P Oil & Gas,115.82,-0.660004,-0.566624,-0.566624,0.35,0.0,0.0,XES,19900000.0,44.826,2.5837684,USD,,,,,,,,,,,
Energy,energy,50,URNJ,Sprott Junior Uranium Miners ETF,https://finance.yahoo.com/research-hub/screener/sec-ind_sec-top-etfs_energy/,2026-09-21T11:41:36+00:00,en-US,US,ETF,ETF,Nasdaq Real Time Price,False,LOW,0.0,43.51610095735422,,,False,False,USD,NGM,True,1675348200000,2,0.7099991,3.2214112,1789984892.0,22.75,-0.5299988,1789761600,22.04,22.8,21.8 - 22.8,21.8,449091,22.57,2.0,2.0,us_market,finmb_1802716729,NasdaqGM,Sprott Junior Uranium Miners ETF,22.8,294147,338080,[],1.4400005,0.069902934,20.6 - 40.81,-18.77,-0.4599363,-23.776585,,0.0,,0.0,2.73918,-7.93312,-7.93312,395162336.0,PRE,,23.87408,-1.8340797,-0.076823056,28.050995,-6.010994,-0.21428809,15,0,America/New_York,EDT,-14400000,False,40.81,20.6,6.41,Sprott Junior Uranium Miners ET,22.75,-0.5299988,-2.3482447,-2.3482447,0.8,23.71,22.92,URNJ,,,,,,,,,2023-02-02,,,,,,
Energy,energy,51,IEZ,iShares U.S. Oil Equipment & Services ETF,https://finance.yahoo.com/research-hub/screener/sec-ind_sec-top-etfs_energy/,2026-09-21T11:41:36+00:00,en-US,US,ETF,ETF,Delayed Quote,False,LOW,1.12,23.212628,4.46653,15.88897,False,False,USD,PCX,True,1146835800000,2,,,,,-0.140001,1789761600,28.06,28.15,27.96 - 28.15,27.96,137096,28.2,5000.0,1300.0,us_market,finmb_27447122,NYSEArca,iShares U.S. Oil Equipment & Services ETF,28.11,327233,215300,[],10.199999,0.5711085,17.86 - 32.87,-4.8099995,-0.14633404,48.93843,,,21.227081,,47.8341,2.41869,2.41869,394298240.0,PRE,1.3218963,28.7972,-0.7371998,-0.025599705,27.6549,0.40509987,0.014648394,15,0,America/New_York,EDT,-14400000,False,32.87,17.86,1.12,iShares U.S. Oil Equipment & Se,28.06,-0.140001,-0.496459,-0.496459,0.37,29.66,0.0,IEZ,,,,,,,,,,,,,,,
Energy,energy,52,DRLL,Strive U.S. Energy ETF,https://finance.yahoo.com/research-hub/screener/sec-ind_sec-top-etfs_energy/,2026-09-21T11:41:36+00:00,en-US,US,ETF,ETF,Delayed Quote,False,LOW,2.08,15.855399,,,False,False,USD,NYQ,True,1660051800000,2,,,,,-0.34,1789761602,41.77,42.11,41.76 - 42.11,41.76,6262,42.11,900.0,700.0,us_market,finmb_1795970621,NYSE,Strive U.S. Energy ETF,42.045,13452,13070,[],14.460001,0.5294764,27.31 - 43.54,-1.7700005,-0.040652283,46.56141,,0.0,16.106031,0.0,45.5469,16.08594,16.08594,312147936.0,PRE,2.5934384,39.46898,2.3010216,0.058299497,35.5355,6.234501,0.1754443,15,0,America/New_York,EDT,-14400000,False,43.54,27.31,2.08,Strive U.S. Energy ETF,41.77,-0.34,-0.80741,-0.80741,0.41,0.0,0.0,DRLL,,,,,,,,,,,,,,,
Energy,energy,53,AFIF,Anfield Universal Fixed Income ETF,https://finance.yahoo.com/research-hub/screener/sec-ind_sec-top-etfs_energy/,2026-09-21T11:41:36+00:00,en-US,US,ETF,ETF,Delayed Quote,False,LOW,,,9.58434,-0.35277,False,False,USD,BTS,True,1538487000000,2,,,,,-0.0150003,1789761585,9.365,9.38,9.3501 - 9.38,9.3501,90199,9.38,800.0,600.0,us_market,finmb_578948301,Cboe US,Anfield Universal Fixed Income ETF,9.45,215539,128750,[],0.23499966,0.025739282,9.13 - 9.86,-0.4949999,-0.05020283,-0.10660887,,0.0,,0.0,2.00244,0.55517,0.55517,301338016.0,PRE,,9.4018,-0.036800385,-0.003914185,9.40945,-0.044449806,-0.004723954,15,0,America/New_York,EDT,-14400000,False,9.86,9.13,3.92,Anfield Universal Fixed Income ,9.365,-0.0150003,-0.159918,-0.159918,0.85,0.0,8.85,AFIF,,,,,,,,,,,,,,,
Energy,energy,54,MDST,Westwood Salient Enhanced Midstream Income ETF,https://finance.yahoo.com/research-hub/screener/sec-ind_sec-top-etfs_energy/,2026-09-21T11:41:36+00:00,en-US,US,ETF,ETF,Delayed Quote,False,LOW,9.1,20.092425,,,False,False,USD,NYQ,True,1712755800000,2,,,,,0.0216007,1789761194,29.1916,29.45,29.12 - 29.45,29.12,97767,29.17,100.0,700.0,us_market,finmb_1869403092,NYSE,Westwood Salient Enhanced Midstream Income ETF,29.05,61907,62920,[],4.2616005,0.17094266,24.93 - 30.43,-1.2383995,-0.040696666,9.731984,,0.0,19.70867,0.0,21.16968,7.17173,7.17173,299070112.0,PRE,1.4811553,29.5015,-0.30989838,-0.010504496,28.4812,0.71040154,0.024942825,15,0,America/New_York,EDT,-14400000,False,30.43,24.93,9.1,Westwood Salient Enhanced Midst,29.1916,0.0216007,0.0740512,0.0740512,0.8,0.0,0.0,MDST,,,,,,,,,,,,,,,
Energy,energy,55,HYTR,Counterpoint High Yield Trend ETF,https://finance.yahoo.com/research-hub/screener/sec-ind_sec-top-etfs_energy/,2026-09-21T11:41:36+00:00,en-US,US,ETF,ETF,Nasdaq Real Time Price,False,LOW,5.47,10.989010989010989,,,False,False,USD,NYQ,True,1579703400000,2,,,,,-0.0181999,1789761769,20.97,20.975,20.96 - 20.975,20.96,66367,20.9882,2000.0,600.0,us_market,finmb_647865688,NYSE,Counterpoint High Yield Trend ETF,20.97,63017,59130,[],0.010000229,0.00047711018,20.96 - 22.0,-1.0300007,-0.04681821,-4.5081973,,0.0,10.4318495,0.0,1.30091,0.83507,0.83507,294017888.0,PRE,2.01019,21.25158,-0.28157997,-0.013249838,21.490395,-0.5203953,-0.02421525,15,0,America/New_York,EDT,-14400000,False,22.0,20.96,5.76,Counterpoint High Yield Trend E,20.97,-0.0181999,-0.086715,-0.086715,0.88,0.0,0.0,HYTR,,,,,,,,,,,,,,,
Energy,energy,56,HYZD,WisdomTree Interest Rate Hedged High Yield Bond Fund,https://finance.yahoo.com/research-hub/screener/sec-ind_sec-top-etfs_energy/,2026-09-21T11:41:36+00:00,en-US,US,ETF,ETF,Nasdaq Real Time Price,False,LOW,,,11.95935,5.76939,False,False,USD,NGM,True,1387377000000,2,,,,,0.012800217,1789761600,22.6828,22.71,22.62 - 22.71,22.62,201393,22.67,2.0,2.0,us_market,finmb_253025487,NasdaqGM,WisdomTree Interest Rate Hedged High Yield Bond Fund,22.66,88749,83310,[],0.74279976,0.03385596,21.94 - 22.81,-0.12719917,-0.0055764653,0.39840937,1495756800.0,,,,4.50095,1.70863,1.70863,293949600.0,PRE,,22.613,0.06979942,0.0030866945,22.5383,0.14450073,0.0064113415,15,0,America/New_York,EDT,-14400000,False,22.81,21.94,5.81,WisdomTree Interest Rate Hedged,22.6828,0.010000229,0.04411217,0.05646324,0.43,28.99,16.24,HYZD,,,,,,,,,,,,,,,
Energy,energy,57,HECA,Hedgeye Capital Allocation ETF,https://finance.yahoo.com/research-hub/screener/sec-ind_sec-top-etfs_energy/,2026-09-21T11:41:36+00:00,en-US,US,ETF,ETF,Delayed Quote,False,LOW,1.09,16.393443,,,False,False,USD,PCX,True,1751376600000,2,,,,,-0.0499992,1789761234,27.37,27.4,27.3 - 27.4,27.3,21405,27.42,400.0,700.0,us_market,finmb_1935121216,NYSEArca,Hedgeye Capital Allocation ETF,27.2,59684,45570,[],0.9360008,0.035408974,26.434 - 30.9,-3.5299988,-0.11423945,1.8835664,,0.0,16.082026,0.0,1.45607,0.07111,0.07111,282264000.0,PRE,1.7019,27.58164,-0.2116394,-0.007673199,28.221016,-0.8510151,-0.030155366,15,0,America/New_York,EDT,-14400000,False,30.9,26.434,1.09,Hedgeye Capital Allocation ETF,27.37,-0.0499992,-0.182346,-0.182346,0.81,0.0,0.0,HECA,,,,,,,,,,,,,,,
Energy,energy,58,ERX,Direxion Daily Energy Bull 2X Shares,https://finance.yahoo.com/research-hub/screener/sec-ind_sec-top-etfs_energy/,2026-09-21T11:41:36+00:00,en-US,US,ETF,ETF,Delayed Quote,False,LOW,1.3,17.74308,-12.31304,111.4337,False,False,USD,PCX,True,1227105000000,2,-1.699997,-1.5596303,1789989614.0,107.3,-0.660004,1789761600,109.0,110.42,108.41 - 110.42,108.41,205129,109.66,100.0,100.0,us_market,finmb_51234297,NYSEArca,Direxion Daily Energy Bull 2X Shares,109.04,273250,362770,[],58.5,1.1584158,50.5 - 115.81,-6.8099976,-0.058803193,98.83255,,,17.858093,,95.27114,27.34652,27.34652,250549920.0,PRE,6.1036754,99.8208,9.179199,0.09195678,85.1055,23.8945,0.2807633,15,0,America/New_York,EDT,-14400000,False,115.81,50.5,1.3,Direxion Energy Bull 2X ETF,107.3,-0.13999939,-0.12827505,-0.601864,0.91,0.0,106.88,ERX,,,,,,,,,,,,,,,
Energy,energy,59,GUSH,Direxion Daily S&P Oil & Gas Exp. & Prod. Bull 2X Shares,https://finance.yahoo.com/research-hub/screener/sec-ind_sec-top-etfs_energy/,2026-09-21T11:41:36+00:00,en-US,US,ETF,ETF,Nasdaq Real Time Price,False,LOW,1.06,10.92538,-7.38452,130.181,False,False,USD,PCX,True,1432906200000,2,-0.96500015,-2.1122909,1789989980.0,44.72,-0.970001,1789761600,45.71,46.86,45.64 - 46.86,45.64,440006,46.68,300.0,1000.0,us_market,finmb_295054279,NYSEArca,Direxion Daily S&P Oil & Gas Exp. & Prod. Bull 2X Shares,46.72,770017,656430,[],24.904999,1.197068,20.805 - 50.775,-5.0650024,-0.099753864,90.141426,,,11.071433,,107.12227,29.5939,29.5939,241937952.0,PRE,4.1286435,41.468,4.2420006,0.102295764,34.59555,11.114449,0.32126814,15,0,America/New_York,EDT,-14400000,False,50.775,20.805,1.06,Direxion Daily S&P Oil & Gas Ex,44.72,-0.96500015,-2.1122909,-2.07798,0.94,45.2,0.0,GUSH,,,,,,,,,,,,,,,
Energy,energy,60,PGHY,Invesco Global ex-US High Yield Corporate Bond ETF,https://finance.yahoo.com/research-hub/screener/sec-ind_sec-top-etfs_energy/,2026-09-21T11:41:36+00:00,en-US,US,ETF,ETF,Delayed Quote,False,LOW,,,10.35672,1.13505,False,False,USD,PCX,True,1371821400000,2,,,,,-0.0349998,1789761192,19.465,19.5811,19.46 - 19.5811,19.46,17701,19.5,100.0,100.0,us_market,finmb_233330119,NYSEArca,Invesco Global ex-US High Yield Corporate Bond ETF,19.49,46266,72630,[],0.20499992,0.0106438175,19.26 - 20.26,-0.7950001,-0.039239883,-3.4704983,,0.0,,0.0,3.24257,0.86199,0.86199,227137296.0,PRE,,19.6488,-0.18379974,-0.009354248,19.78915,-0.3241501,-0.016380193,15,0,America/New_York,EDT,-14400000,False,20.26,19.26,7.13,Invesco Global ex-US High Yield,19.465,-0.0349998,-0.179486,-0.179486,0.35,20.12,0.0,PGHY,,,,,,,,,,,,,,,
Energy,energy,61,CSEN,Cohen & Steers Future of Energy Active ETF,https://finance.yahoo.com/research-hub/screener/sec-ind_sec-top-etfs_energy/,2026-09-21T11:41:36+00:00,en-US,US,ETF,ETF,Nasdaq Real Time Price,False,LOW,1.72,19.379845,10.63397,40.11749,False,False,USD,NGM,True,1781530200000,2,,,,,-0.09880066,1789761600,26.0112,26.04,25.975 - 26.04,25.975,8964,26.11,2.0,3.0,us_market,finmb_1989624054,NasdaqGM,Cohen & Steers Future of Energy Active ETF,26.015,37084,12580,[],2.7712002,0.11924269,23.24 - 26.74,-0.7287998,-0.027255042,5.474448,,0.0,,0.0,36.80601,2.64139,2.64139,199931872.0,PRE,,25.2778,0.73340034,0.029013615,24.929255,1.0819454,0.043400634,15,0,America/New_York,EDT,-14400000,False,26.74,23.24,1.72,Cohen & Steers Future of Energy,26.0112,-0.11000061,-0.42129686,-0.3784016,0.8,24.02,23.95,CSEN,,,,,,,,,2026-06-15,,,,,,
Energy,energy,62,GDMA,Gadsden Dynamic Multi-Asset ETF,https://finance.yahoo.com/research-hub/screener/sec-ind_sec-top-etfs_energy/,2026-09-21T11:41:36+00:00,en-US,US,ETF,ETF,Delayed Quote,False,LOW,2.54,23.452158,1.85317,4.24255,False,False,USD,BTS,True,1542292200000,2,,,,,0.0453987,1789760923,41.5202,41.525,41.46 - 41.525,41.46,8973,41.4748,1900.0,1000.0,us_market,finmb_577854503,Cboe US,Gadsden Dynamic Multi-Asset ETF,41.46,16987,12140,[],4.0401993,0.10779614,37.48 - 44.04,-2.519802,-0.057216212,7.7881575,,0.0,22.996494,0.0,9.8917,1.75002,1.75002,198597520.0,PRE,1.8055012,42.1928,-0.6725998,-0.015941104,41.4738,0.046398163,0.0011187342,15,0,America/New_York,EDT,-14400000,False,44.04,37.48,2.54,Gadsden Dynamic Multi-Asset ETF,41.5202,0.0453987,0.109461,0.109461,0.75,0.0,0.0,GDMA,,,,,,,,,,,,,,,
Energy,energy,63,SDFI,AB Short Duration Income ETF,https://finance.yahoo.com/research-hub/screener/sec-ind_sec-top-etfs_energy/,2026-09-21T11:41:36+00:00,en-US,US,ETF,ETF,Nasdaq Real Time Price,False,LOW,4.56,26.745119,,,False,False,USD,PCX,True,1718112600000,2,,,,,-0.0604019,1789761600,34.98,35.01,34.98 - 35.01,34.98,9582,35.0404,400.0,100.0,us_market,finmb_1870802558,NYSEArca,AB Short Duration Income ETF,35.01,28542,19570,[],0.0099983215,0.00028591137,34.97 - 36.15,-1.170002,-0.0323652,-2.698189,,0.0,26.33059,0.0,1.4691,0.3842,0.3842,192299872.0,PRE,1.3284929,35.33066,-0.35066223,-0.009925153,35.59756,-0.61756134,-0.017348418,15,0,America/New_York,EDT,-14400000,False,36.15,34.97,4.52,AB Short Duration Income ETF,34.98,-0.0604019,-0.172378,-0.172378,0.3,0.0,0.0,SDFI,,,,,,,,,,,,,,,
Energy,energy,64,PSH,PGIM Short Duration High Yield ETF,https://finance.yahoo.com/research-hub/screener/sec-ind_sec-top-etfs_energy/,2026-09-21T11:41:36+00:00,en-US,US,ETF,ETF,Nasdaq Real Time Price,False,LOW,6.59,22.52252252252252,,,False,False,USD,BTS,True,1702996200000,2,,,,,0.00259781,1789761600,49.51,49.52,49.4 - 49.52,49.4,10843,49.5074,100.0,100.0,us_market,finmb_1858327882,Cboe US,PGIM Short Duration High Yield ETF,49.58,32668,55840,[],0.12999725,0.002632589,49.38 - 51.51,-2.0,-0.03882741,-2.673483,,,,,2.64858,1.05975,1.05975,183401456.0,PRE,,49.78356,-0.27356339,-0.0054950546,50.082565,-0.572567,-0.011432461,15,0,America/New_York,EDT,-14400000,False,51.51,49.38,6.48,PGIM Short Duration High Yield ,49.51,0.00259781,0.00524731,0.00524731,0.45,51.81,49.5,PSH,,,,,,,,,,Pershing Square,,,,,
Energy,energy,65,FTXN,First Trust Nasdaq Oil & Gas ETF,https://finance.yahoo.com/research-hub/screener/sec-ind_sec-top-etfs_energy/,2026-09-21T11:41:36+00:00,en-US,US,ETF,ETF,Nasdaq Real Time Price,False,LOW,1.61,15.479876,4.99811,69.0315,False,False,USD,NGM,True,1474637400000,2,,,,,-0.2378006,1789761600,40.2622,40.62,40.2622 - 40.62,40.2622,100221,40.5,23.0,23.0,us_market,finmb_374020757,NasdaqGM,First Trust Nasdaq Oil & Gas ETF,40.39,704579,75230,[],13.8022,0.5216251,26.46 - 41.96,-1.6977997,-0.040462337,43.638958,1490918400.0,0.0,15.392062,0.0,45.91847,15.04401,15.04401,167902432.0,PRE,2.6157768,38.60342,1.6587791,0.042969745,34.96745,5.29475,0.1514194,15,0,America/New_York,EDT,-14400000,False,41.96,26.46,1.61,First Trust Nasdaq Oil & Gas ET,40.2622,-0.22000122,-0.5432129,-0.58716196,0.6,35.76,35.73,FTXN,,,,,,,,,,,,,,,
Energy,energy,66,BRHY,iShares High Yield Active ETF,https://finance.yahoo.com/research-hub/screener/sec-ind_sec-top-etfs_energy/,2026-09-21T11:41:36+00:00,en-US,US,ETF,ETF,Delayed Quote,False,LOW,6.21,15.044381,,,False,False,USD,NGM,True,1718717400000,2,0.57450104,1.1451087,1789988400.0,50.7445,-0.090400696,1789761600,50.1796,50.235,50.11 - 50.235,50.11,11372,50.27,2.0,2.0,us_market,finmb_1877230204,NasdaqGM,iShares High Yield Active ETF,50.235,25273,54330,[],0.2995987,0.006006389,49.88 - 53.16,-2.9804,-0.056064714,-4.1360197,,0.0,14.833442,0.0,3.00664,1.16776,1.16776,147590208.0,PRE,3.3828697,50.81656,-0.6369591,-0.012534479,51.041454,-0.86185455,-0.016885383,15,0,America/New_York,EDT,-14400000,False,53.16,49.88,6.21,iShares High Yield Active ETF,50.7445,-0.10000229,-0.19893037,-0.17983031,0.45,65.17,36.64,BRHY,,,,,,,,,2024-06-18,,,,,,
Energy,energy,67,NEMD,Neuberger Emerging Markets Debt Hard Currency ETF,https://finance.yahoo.com/research-hub/screener/sec-ind_sec-top-etfs_energy/,2026-09-21T11:41:36+00:00,en-US,US,ETF,ETF,Nasdaq Real Time Price,False,LOW,,,12.01894,-5.75092,False,False,USD,PCX,True,1755005400000,2,,,,,-0.115002,1789758725,51.8,51.97,51.8 - 51.97,51.8,3397,51.915,100.0,400.0,us_market,finmb_1940227333,NYSEArca,Neuberger Emerging Markets Debt Hard Currency ETF,51.97,9604,2690,[],1.1240005,0.022180136,50.676 - 55.25,-3.4500008,-0.062443454,0.97465515,,0.0,,0.0,4.02674,0.59821,0.59821,141034048.0,PRE,,52.50972,-0.7097206,-0.013515986,52.651905,-0.8519058,-0.016179962,15,0,America/New_York,EDT,-14400000,False,55.25,50.676,5.62,Neuberger Emerging Markets Debt,51.8,-0.115002,-0.221519,-0.221519,0.6,54.92,0.0,NEMD,,,,,,,,,,iNeedMD,,,,,
Energy,energy,68,USAI,Pacer American Energy Infrastructure ETF,https://finance.yahoo.com/research-hub/screener/sec-ind_sec-top-etfs_energy/,2026-09-21T11:41:36+00:00,en-US,US,ETF,ETF,Delayed Quote,False,LOW,3.51,17.397356,14.02276,36.90086,False,False,USD,PCX,True,1513175400000,2,,,,,0.00869751,1789761598,46.12,46.395,46.11 - 46.395,46.11,9910,46.1113,600.0,600.0,us_market,finmb_539640970,NYSEArca,Pacer American Energy Infrastructure ETF,46.09,20555,10670,[],9.627998,0.2638386,36.492 - 49.14,-3.0200005,-0.06145707,16.96974,,0.0,16.758204,0.0,29.08478,7.98406,7.98406,122143232.0,PRE,2.752085,46.96776,-0.84775925,-0.018049814,44.575474,1.5445251,0.034649663,15,0,America/New_York,EDT,-14400000,False,49.14,36.492,3.51,Pacer American Energy Infrastru,46.12,0.55869675,1.2116264,0.018862,0.75,73.79,0.0,USAI,,,,,,,,,,,,,,,
Energy,energy,69,PSCE,Invesco S&P SmallCap Energy ETF,https://finance.yahoo.com/research-hub/screener/sec-ind_sec-top-etfs_energy/,2026-09-21T11:41:36+00:00,en-US,US,ETF,ETF,Delayed Quote,False,LOW,2.04,14.285714,4.93988,59.61455,False,False,USD,NGM,True,1270647000000,2,,,,,-0.5121002,1789761600,61.4979,61.93,61.45 - 61.93,61.45,14153,62.01,3.0,3.0,us_market,finmb_100588836,NasdaqGM,Invesco S&P SmallCap Energy ETF,61.93,22200,19340,[],20.9679,0.5173427,40.53 - 65.26,-3.762104,-0.05764793,47.943222,1483056000.0,0.0,14.016295,0.0,47.72115,7.61777,7.61777,109885448.0,PRE,4.3876,60.1862,1.3116989,0.021794016,56.1112,5.3866997,0.09600044,15,0,America/New_York,EDT,-14400000,False,65.26,40.53,2.04,Invesco S&P SmallCap Energy ETF,61.4979,-0.5099983,-0.8224453,-0.82583493,0.29,56.04,55.77,PSCE,,,,,,,,,,,,,,,
Energy,energy,70,WEEI,Westwood Salient Enhanced Energy Income ETF,https://finance.yahoo.com/research-hub/screener/sec-ind_sec-top-etfs_energy/,2026-09-21T11:41:36+00:00,en-US,US,ETF,ETF,Nasdaq Real Time Price,False,LOW,10.82,17.93722,,,False,False,USD,NGM,True,1714570200000,2,0.39999962,1.593624,1789988413.0,25.5,-0.05939865,1789761600,25.0706,25.17,25.02 - 25.17,25.02,53031,25.13,2.0,3.0,us_market,finmb_1869403091,NasdaqGM,Westwood Salient Enhanced Energy Income ETF,25.16,45468,35090,[],4.6906013,0.23015709,20.38 - 25.57,-0.4993992,-0.019530669,18.482983,,0.0,18.011217,0.0,26.92614,10.56633,10.56633,105408832.0,PRE,1.3919437,24.4271,0.6435013,0.026343746,23.41913,1.6514702,0.070517994,15,0,America/New_York,EDT,-14400000,False,25.57,20.38,10.82,Westwood Salient Enhanced Energ,25.5,-0.02999878,-0.11937438,-0.2363655,0.85,23.56,17.15,WEEI,,,,,,,,,2024-05-01,,,,,,
Energy,energy,71,PXE,Invesco Energy Exploration & Production ETF,https://finance.yahoo.com/research-hub/screener/sec-ind_sec-top-etfs_energy/,2026-09-21T11:41:36+00:00,en-US,US,ETF,ETF,Delayed Quote,False,LOW,1.6,10.729614,7.55773,93.90795,False,False,USD,PCX,True,1130333400000,2,,,,,-0.419998,1789761590,41.81,42.2199,41.81 - 42.2199,41.81,9629,42.23,1600.0,100.0,us_market,finmb_25276350,NYSEArca,Invesco Energy Exploration & Production ETF,42.07,23025,23610,[],14.600002,0.53656757,27.21 - 44.01,-2.199997,-0.04998857,45.17361,,0.861,10.859482,0.02038835,48.94685,16.39049,16.39049,98724568.0,PRE,3.8500917,39.4062,2.403801,0.061000578,35.17375,6.6362495,0.1886705,15,0,America/New_York,EDT,-14400000,False,44.01,27.21,1.6,Invesco Energy Exploration & Pr,41.81,-0.419998,-0.994549,-0.994549,0.63,42.36,40.3,PXE,2000000.0,28.03,1.4916161,USD,,,,,,,,,,,
Energy,energy,72,EMCB,WisdomTree Emerging Markets Corporate Bond Fund,https://finance.yahoo.com/research-hub/screener/sec-ind_sec-top-etfs_energy/,2026-09-21T11:41:36+00:00,en-US,US,ETF,ETF,Nasdaq Real Time Price,False,LOW,,,9.15852,-0.22198,False,False,USD,NGM,True,1331217000000,2,,,,,-0.118499756,1789761600,65.0765,65.2201,64.99 - 65.2201,64.99,3512,65.195,2.0,2.0,us_market,finmb_178291251,NasdaqGM,WisdomTree Emerging Markets Corporate Bond Fund,65.22,3793,4370,[],0.4964981,0.0076881093,64.58 - 69.25,-4.1735,-0.06026715,-3.2123744,1487894400.0,0.0,,0.0,1.95331,0.53649,0.53649,98545624.0,PRE,,65.8138,-0.73729706,-0.011202773,66.40675,-1.3302536,-0.020031903,15,0,America/New_York,EDT,-14400000,False,69.25,64.58,5.39,WisdomTree Emerging Markets Cor,65.0765,-0.16999817,-0.2607534,-0.18176204,0.61,84.5,47.34,EMCB,,,,,,,,,,,,,,,
Energy,energy,73,BNDS,Infrastructure Capital Bond Income ETF,https://finance.yahoo.com/research-hub/screener/sec-ind_sec-top-etfs_energy/,2026-09-21T11:41:36+00:00,en-US,US,ETF,ETF,Delayed Quote,False,LOW,,,,,False,False,USD,PCX,True,1736951400000,2,,,,,-0.0879021,1789761598,49.98,50.1189,49.9601 - 50.1189,49.9601,13736,50.0679,300.0,300.0,us_market,finmb_1902158651,NYSEArca,Infrastructure Capital Bond Income ETF,50.04,27703,17030,[],0.75,0.015234613,49.23 - 52.01,-2.0299988,-0.039030932,-2.6262462,,0.0,10.9045315,0.0,5.49145,1.17385,1.17385,97947968.0,PRE,4.5834155,50.27216,-0.29216003,-0.0058115674,50.675877,-0.6958771,-0.01373192,15,0,America/New_York,EDT,-14400000,False,52.01,49.23,8.08,Infrastructure Capital Bond Inc,49.98,-0.0879021,-0.175566,-0.175566,0.88,54.71,45.16,BNDS,,,,,,,,,,,,,,,
Energy,energy,74,RDFI,Rareview Dynamic Fixed Income ETF,https://finance.yahoo.com/research-hub/screener/sec-ind_sec-top-etfs_energy/,2026-09-21T11:41:36+00:00,en-US,US,ETF,ETF,Delayed Quote,False,LOW,7.95,11.068068622025457,,,False,False,USD,BTS,True,1603287000000,2,,,,,-0.100401,1789758998,22.3193,22.35,22.29 - 22.35,22.29,12544,22.4197,3500.0,100.0,us_market,finmb_688783087,Cboe US,Rareview Dynamic Fixed Income ETF,22.1,13977,12590,[],0.21929932,0.0099230455,22.1 - 25.615,-3.2957,-0.1286629,-8.685869,,0.0,10.136707,0.0,3.12611,0.80121,0.80121,87965208.0,PRE,2.2018294,23.24694,-0.9276409,-0.039903786,23.614275,-1.2949753,-0.054838665,15,0,America/New_York,EDT,-14400000,False,25.615,22.1,8.32,Rareview Dynamic Fixed Income E,22.3193,-0.100401,-0.447825,-0.447825,4.23,0.0,19.42,RDFI,,,,,,,,,,,,,,,
Energy,energy,75,DIG,ProShares Ultra Energy,https://finance.yahoo.com/research-hub/screener/sec-ind_sec-top-etfs_energy/,2026-09-21T11:41:36+00:00,en-US,US,ETF,ETF,Nasdaq Real Time Price,False,LOW,1.27,17.74308,-13.05149,115.2961,False,False,USD,PCX,True,1170340200000,2,,,,,-0.372604,1789761590,70.31,71.07,69.9601 - 71.07,69.9601,50620,70.6826,100.0,400.0,us_market,finmb_32431839,NYSEArca,ProShares Ultra Energy,70.79,37076,54670,[],37.609997,1.1501528,32.7 - 74.54,-4.2300034,-0.0567481,98.335686,,,17.855684,,94.82203,27.17408,27.17408,84045592.0,PRE,3.9376817,64.408,5.9020004,0.091634594,54.97645,15.333546,0.27891114,15,0,America/New_York,EDT,-14400000,False,74.54,32.7,1.27,ProShares Ultra Energy,70.31,-0.372604,-0.527151,-0.527151,0.95,70.97,67.71,DIG,,,,,,,,,,,,,,,
Energy,energy,76,OILU,MicroSectorsTM Oil & Gas Exploration & Production 3X Leveraged ETNs,https://finance.yahoo.com/research-hub/screener/sec-ind_sec-top-etfs_energy/,2026-09-21T11:41:36+00:00,en-US,US,ETF,ETF,Nasdaq Real Time Price,False,LOW,0.0,17.070673,,,False,False,USD,PCX,True,1636468200000,2,-4.8712006,-9.390954,1789988785.0,47.0,-1.22,1789761599,51.76,52.82,51.5901 - 52.82,51.5901,63777,52.98,100.0,100.0,us_market,finmb_1685440285,NYSEArca,MicroSectorsTM Oil & Gas Exploration & Production 3X Leveraged ETNs,52.31,140141,99210,[],31.979998,1.6167845,19.78 - 61.417,-9.6570015,-0.15723662,127.216866,,0.0,16.191643,0.0,136.63892,36.28739,36.28739,81912624.0,PRE,3.1967106,48.096,3.6639977,0.07618092,40.42219,11.337807,0.2804847,15,0,America/New_York,EDT,-14400000,False,61.417,19.78,0.0,MicroSectors Oil & Gas Exp. & P,47.0,-4.8712006,-9.390954,-2.30276,0.95,53.02,50.51,OILU,,,,,1756125000.0,1756470600.0,,,,,1748433600.0,1748433600.0,False,,
Energy,energy,77,EINC,VanEck Energy Income ETF,https://finance.yahoo.com/research-hub/screener/sec-ind_sec-top-etfs_energy/,2026-09-21T11:41:36+00:00,en-US,US,ETF,ETF,Delayed Quote,False,LOW,3.28,22.732439,15.73094,37.77412,False,False,USD,PCX,True,1331731800000,2,,,,,0.520203,1789760216,118.984,119.859,118.22 - 119.859,118.22,10791,118.464,300.0,700.0,us_market,finmb_321613492,NYSEArca,VanEck Energy Income ETF,118.2,13455,6900,[],27.774002,0.30450612,91.21 - 126.58,-7.5960007,-0.060009483,22.837078,,0.0,22.407228,0.0,30.7598,6.91611,6.91611,81258616.0,PRE,5.3100724,120.9336,-1.9496002,-0.016121246,113.68105,5.302948,0.046647597,15,0,America/New_York,EDT,-14400000,False,126.58,91.21,3.28,VanEck Energy Income ETF,118.984,0.520203,0.439123,0.439123,0.46,126.11,0.0,EINC,,,,,,,,,,,,,,,
Energy,energy,78,NRGU,Microsectors U.S. Big Oil 3x Leveraged ETNs,https://finance.yahoo.com/research-hub/screener/sec-ind_sec-top-etfs_energy/,2026-09-21T11:41:36+00:00,en-US,US,ETF,ETF,Delayed Quote,False,LOW,0.0,15.66416,,,False,False,USD,PCX,True,1740061800000,2,-2.0363007,-3.4202673,1789977759.0,57.5,-1.2458,1789761493,59.5363,61.07,59.3 - 61.07,59.3,51730,60.7821,200.0,200.0,us_market,finmb_1932025486,NYSEArca,Microsectors U.S. Big Oil 3x Leveraged ETNs,59.15,72068,68900,[],43.2863,2.6637723,16.25 - 66.4,-6.863701,-0.10336899,205.78325,,0.0,16.974628,0.0,205.12543,55.10262,55.10262,77642136.0,PRE,3.5073698,49.07518,10.461121,0.2131652,35.582073,23.954227,0.67321056,15,0,America/New_York,EDT,-14400000,False,66.4,16.25,0.0,MicroSectors U.S. Big Oil 3 Lev,57.5,-2.0299988,-3.4100435,-2.04962,0.35,0.0,0.0,NRGU,,,,,1756125000.0,1756470600.0,,,,,1748433600.0,1748433600.0,False,,
Energy,energy,79,PXJ,Invesco Oil & Gas Services ETF,https://finance.yahoo.com/research-hub/screener/sec-ind_sec-top-etfs_energy/,2026-09-21T11:41:36+00:00,en-US,US,ETF,ETF,Delayed Quote,False,LOW,2.16,12.958404,14.35018,11.3207,False,False,USD,PCX,True,1130333400000,2,,,,,-0.174999,1789761584,46.575,46.66,46.3346 - 46.66,46.3346,13919,46.75,1000.0,1700.0,us_market,finmb_25333322,NYSEArca,Invesco Oil & Gas Services ETF,46.555,70319,30460,[],21.015001,0.8221832,25.56 - 48.28,-1.704998,-0.03531479,72.45464,,0.81,12.882341,0.017326204,61.61653,12.29061,12.29061,73322448.0,PRE,3.6154144,44.3886,2.1864014,0.049255922,40.2568,6.318199,0.15694737,15,0,America/New_York,EDT,-14400000,False,48.28,25.56,2.16,Invesco Oil & Gas Services ETF,46.575,-0.174999,-0.37433,-0.37433,0.63,71.98,0.0,PXJ,2550000.0,29.849,1.5603538,USD,,,,,,,,,,,
Energy,energy,80,XLEI,State Street Energy Select Sector SPDR Premium Income ETF,https://finance.yahoo.com/research-hub/screener/sec-ind_sec-top-etfs_energy/,2026-09-21T11:41:36+00:00,en-US,US,EQUITY,Equity,Nasdaq Real Time Price,False,LOW,12.98,17.714792,,,False,False,USD,PCX,True,1753882200000,2,0.09000015,0.31948936,1789989856.0,28.26,-0.0100002,1789761600,28.17,28.39,28.135 - 28.39,28.135,141082,28.18,1100.0,100.0,us_market,finmb_1945162996,NYSEArca,State Street Energy Select Sector SPDR Premium Income ETF,28.28,117446,256230,[],4.51,0.19061708,23.66 - 29.5,-1.3299999,-0.045084745,13.804388,,0.0,17.721668,0.0,,,,,PRE,1.5895795,27.3495,0.8204994,0.030000526,26.39634,1.7736607,0.06719343,15,0,America/New_York,EDT,-14400000,False,29.5,23.66,,State Street Energy Select Sect,28.26,0.09000015,0.31948936,-0.035487,,0.0,28.1,XLEI,,,,,,,,,,,,,,The Select Sector SPDR Trust - The Energy Select Sector SPDR Premium Income Fund,2026-09-21
Energy,energy,81,PIPE,Invesco SteelPath MLP & Energy Infrastructure ETF,https://finance.yahoo.com/research-hub/screener/sec-ind_sec-top-etfs_energy/,2026-09-21T11:41:36+00:00,en-US,US,ETF,ETF,Delayed Quote,False,LOW,3.67,22.296544,,,False,False,USD,BTS,True,1740407400000,2,,,,,0.16,1789761471,30.34,30.49,30.34 - 30.49,30.34,3541,30.18,200.0,500.0,us_market,finmb_1913243087,Cboe US,Invesco SteelPath MLP & Energy Infrastructure ETF,30.18,2438,2350,[],7.5160007,0.32930252,22.824 - 31.54,-1.2000008,-0.03804695,26.406134,,0.0,21.734417,0.0,32.67388,7.67644,7.67644,66621448.0,PRE,1.3959427,30.61354,-0.2735405,-0.008935278,28.55535,1.7846508,0.06249795,15,0,America/New_York,EDT,-14400000,False,31.54,22.824,3.67,Invesco SteelPath MLP & Energy ,30.34,0.16,0.530152,0.530152,0.75,47.18,0.0,PIPE,,,,,,,,,,,,,,,
Energy,energy,82,FCSH,Federated Hermes Short Duration Corporate ETF,https://finance.yahoo.com/research-hub/screener/sec-ind_sec-top-etfs_energy/,2026-09-21T11:41:36+00:00,en-US,US,ETF,ETF,Delayed Quote,False,LOW,,,,,False,False,USD,PCX,True,1639751400000,2,,,,,0.0,1789759185,23.82,23.87,23.82 - 23.87,23.82,8329,23.82,100.0,200.0,us_market,finmb_1679099559,NYSEArca,Federated Hermes Short Duration Corporate ETF,23.81,1601,2740,[],0.059999466,0.00252523,23.76 - 24.64,-0.8199997,-0.03327921,-2.8349996,,0.0,,0.0,0.8586,0.18924,0.18924,66068804.0,PRE,,24.00968,-0.1896801,-0.007900151,24.271114,-0.45111465,-0.018586483,15,0,America/New_York,EDT,-14400000,False,24.64,23.76,4.24,Federated Hermes Short Duration,23.82,0.0,0.0,0.0,0.3,0.0,0.0,FCSH,,,,,,,,,,,,,,,
Energy,energy,83,COAL,Range Global Coal ETF,https://finance.yahoo.com/research-hub/screener/sec-ind_sec-top-etfs_energy/,2026-09-21T11:41:36+00:00,en-US,US,ETF,ETF,Delayed Quote,False,LOW,2.16,18.52538,,,False,False,USD,PCX,True,1706106600000,2,,,,,-0.8008,1789761600,25.0,25.49,24.9301 - 25.49,24.9301,43721,25.8008,200.0,200.0,us_market,finmb_1856948461,NYSEArca,Range Global Coal ETF,25.49,39390,48790,[],4.4699993,0.2177301,20.53 - 29.1,-4.1000004,-0.14089349,14.879143,,0.0,16.593853,0.0,22.15385,4.59164,4.59164,58910828.0,PRE,1.5065819,25.12136,-0.12136078,-0.0048309793,25.265474,-0.26547432,-0.0105073955,15,0,America/New_York,EDT,-14400000,False,29.1,20.53,2.16,Range Global Coal Index ETF,25.0,-0.8008,-3.10378,-3.10378,0.85,26.0,24.75,COAL,,,,,,,,,,,,,,,
Energy,energy,84,PXI,Invesco Dorsey Wright Energy Momentum ETF,https://finance.yahoo.com/research-hub/screener/sec-ind_sec-top-etfs_energy/,2026-09-21T11:41:36+00:00,en-US,US,ETF,ETF,Nasdaq Real Time Price,False,LOW,1.15,15.926103,5.31333,75.09113,False,False,USD,NGM,True,1160659800000,2,,,,,-0.2453003,1789761600,64.9847,65.12,64.9847 - 65.12,64.9847,2767,65.23,3.0,3.0,us_market,finmb_29596716,NasdaqGM,Invesco Dorsey Wright Energy Momentum ETF,65.085,21596,10380,[],20.424702,0.45836404,44.56 - 66.62,-1.6352997,-0.024546677,42.157078,1514505600.0,0.0,16.07724,0.0,43.06199,12.56829,12.56829,55367444.0,PRE,4.042031,61.6354,3.3493042,0.054340594,56.06735,8.917355,0.1590472,15,0,America/New_York,EDT,-14400000,False,66.62,44.56,1.15,Invesco Dorsey Wright Energy Mo,64.9847,-0.16340637,-0.25050798,-0.37605438,0.6,57.27,56.99,PXI,,,,,,,,,,,,,,,
Energy,energy,85,LNGX,Global X U.S. Natural Gas ETF,https://finance.yahoo.com/research-hub/screener/sec-ind_sec-top-etfs_energy/,2026-09-21T11:41:36+00:00,en-US,US,EQUITY,Equity,Delayed Quote,False,LOW,,,,,False,False,USD,PCX,True,1761831000000,2,,,,,-0.457199,1789761349,43.5758,44.045,43.52 - 44.045,43.52,8075,44.033,100.0,200.0,us_market,finmb_1956759469,NYSEArca,Global X U.S. Natural Gas ETF,44.23,12217,14360,[],9.762802,0.28872925,33.813 - 49.01,-5.4341965,-0.11087935,28.873516,,0.0,12.309507,0.0,,,,,PRE,3.540012,43.83844,-0.2626381,-0.0059910454,41.7336,1.8422012,0.04414192,15,0,America/New_York,EDT,-14400000,False,49.01,33.813,,Global X U.S. Natural Gas ETF,43.5758,-0.457199,-1.03831,-1.03831,,0.0,0.0,LNGX,,,,,,,,,,,,,,Global X Funds - Us Natural Gas ETF,2026-09-21
Energy,energy,86,NBET,Neuberger Energy Transition & Infrastructure ETF,https://finance.yahoo.com/research-hub/screener/sec-ind_sec-top-etfs_energy/,2026-09-21T11:41:36+00:00,en-US,US,ETF,ETF,Delayed Quote,False,LOW,2.31,21.473051,,,False,False,USD,PCX,True,1649338200000,2,,,,,0.0687027,1789753302,41.4928,41.685,41.4928 - 41.685,41.4928,8648,41.4241,500.0,500.0,us_market,finmb_1761865386,NYSEArca,Neuberger Energy Transition & Infrastructure ETF,41.41,4661,4320,[],10.1528015,0.32395664,31.34 - 43.14,-1.6471977,-0.03818261,27.45508,,0.0,21.392006,0.0,30.59176,7.86172,7.86172,50508236.0,PRE,1.9396405,41.15132,0.34148026,0.0082981605,38.745754,2.7470474,0.070899315,15,0,America/New_York,EDT,-14400000,False,43.14,31.34,2.31,Neuberger Energy Transition & I,41.4928,0.0687027,0.165852,0.165852,0.65,65.97,16.69,NBET,,,,,,,,,,,,,,,
Energy,energy,87,TMLP,Tortoise MLP ETF,https://finance.yahoo.com/research-hub/screener/sec-ind_sec-top-etfs_energy/,2026-09-21T11:41:36+00:00,en-US,US,EQUITY,Equity,Delayed Quote,False,LOW,,,,,False,False,USD,PCX,True,1767018600000,2,,,,,-0.118099,1789750537,30.0765,30.1855,30.0765 - 30.1855,30.0765,28438,30.1946,200.0,200.0,us_market,finmb_1951086336,NYSEArca,Tortoise MLP ETF,30.16,2879,4770,[],5.1945,0.20876537,24.882 - 31.08,-1.0035,-0.032287646,19.838238,,0.0,13.539869,0.0,,,,,PRE,2.2213287,29.84642,0.23007965,0.0077087856,28.44378,1.632719,0.057401616,15,0,America/New_York,EDT,-14400000,False,31.08,24.882,,Tortoise MLP ETF,30.0765,-0.118099,-0.391127,-0.391127,,47.82,12.09,TMLP,,,,,,,,,,,,,,Tortoise Capital Series Trust - Mlp ETF,2026-09-21
Energy,energy,88,WEEL,Peerless Option Income Wheel ETF,https://finance.yahoo.com/research-hub/screener/sec-ind_sec-top-etfs_energy/,2026-09-21T11:41:36+00:00,en-US,US,ETF,ETF,Delayed Quote,False,LOW,12.41,18.308312,,,False,False,USD,PCX,True,1715866200000,2,,,,,-0.0212994,1789758599,20.6387,20.66,20.5299 - 20.66,20.5299,3640,20.66,700.0,800.0,us_market,finmb_1871677721,NYSEArca,Peerless Option Income Wheel ETF,20.6,19449,12010,[],1.658701,0.08739205,18.98 - 23.94,-3.3013,-0.1378989,0.6780505,,0.0,18.342707,0.0,10.02239,3.20501,3.20501,43152588.0,PRE,1.125172,20.4166,0.22210121,0.010878462,20.28149,0.35721016,0.01761262,15,0,America/New_York,EDT,-14400000,False,23.94,18.98,12.41,Peerless Option Income Wheel ET,20.6387,-0.0212994,-0.103095,-0.103095,0.99,0.0,0.0,WEEL,,,,,,,,,,,,,,,
Energy,energy,89,FTBD,Fidelity Tactical Bond ETF,https://finance.yahoo.com/research-hub/screener/sec-ind_sec-top-etfs_energy/,2026-09-21T11:41:36+00:00,en-US,US,ETF,ETF,Delayed Quote,False,LOW,,,,,False,False,USD,PCX,True,1674743400000,2,,,,,-0.145199,1789756325,47.8465,47.858,47.8 - 47.858,47.8,2754,47.9917,100.0,200.0,us_market,finmb_1818243566,NYSEArca,Fidelity Tactical Bond ETF,47.8543,3919,2800,[],0.17650223,0.0037025851,47.67 - 50.56,-2.713501,-0.053668927,-4.495102,,0.0,,0.0,0.7124,-0.58093,-0.58093,38656544.0,PRE,,48.47816,-0.63166046,-0.013029794,49.263664,-1.4171638,-0.028766919,15,0,America/New_York,EDT,-14400000,False,50.56,47.67,5.05,Fidelity Tactical Bond ETF,47.8465,-0.145199,-0.30255,-0.30255,0.55,76.07,0.0,FTBD,,,,,,,,,,,,,,,
Energy,energy,90,URAA,Direxion Daily Uranium Bull 2X ETF,https://finance.yahoo.com/research-hub/screener/sec-ind_sec-top-etfs_energy/,2026-09-21T11:41:36+00:00,en-US,US,ETF,ETF,Delayed Quote,False,LOW,2.68,25.713551,,,False,False,USD,PCX,True,1719408600000,2,0.7199993,3.3613412,1789986182.0,22.14,-1.11,1789761600,21.42,22.15,21.15 - 22.15,21.15,49603,22.53,100.0,100.0,us_market,finmb_1876949700,NYSEArca,Direxion Daily Uranium Bull 2X ETF,22.55,60106,44230,[],2.5300007,0.13393334,18.89 - 63.13,-41.71,-0.66070014,-52.12338,,0.0,21.022299,0.0,-15.89365,-25.24798,-25.24798,37264808.0,PRE,1.018918,24.106,-2.6860008,-0.11142457,34.665924,-13.245924,-0.38210213,15,0,America/New_York,EDT,-14400000,False,63.13,18.89,2.68,Direxion Daily Uranium Industry,22.14,1.0400009,4.8643637,-4.92677,1.3,23.45,21.7,URAA,,,,,,,,,,,,,,,
Energy,energy,91,BESF,Bastion Energy ETF,https://finance.yahoo.com/research-hub/screener/sec-ind_sec-top-etfs_energy/,2026-09-21T11:41:36+00:00,en-US,US,ETF,ETF,Delayed Quote,False,LOW,5.56,14.755792,,,False,False,USD,BTS,True,1749043800000,2,,,,,-0.217598,1789760330,39.5152,39.6599,39.5152 - 39.6599,39.5152,1019,39.7328,1000.0,1000.0,us_market,finmb_1931194974,Cboe US,Bastion Energy ETF,39.72,1944,2340,[],12.527201,0.46417668,26.988 - 43.41,-3.8947983,-0.089721225,43.315685,,0.0,14.131082,0.0,23.78955,6.69134,6.69134,35898028.0,PRE,2.7963324,40.07358,-0.5583801,-0.013933871,38.547215,0.96798706,0.025111726,15,0,America/New_York,EDT,-14400000,False,43.41,26.988,5.56,Bastion Energy ETF,39.5152,-0.217598,-0.547653,-0.547653,0.8,0.0,0.0,BESF,,,,,,,,,,,,,,,
Energy,energy,92,WTIU,MicroSectors Energy 3X Leveraged ETN,https://finance.yahoo.com/research-hub/screener/sec-ind_sec-top-etfs_energy/,2026-09-21T11:41:36+00:00,en-US,US,ETF,ETF,Delayed Quote,False,LOW,0.0,15.360983,,,False,False,USD,PCX,True,1676471400000,2,,,,,-0.3801,1789761000,24.5899,25.15,24.5205 - 25.15,24.5205,11881,24.97,100.0,1400.0,us_market,finmb_1827648882,NYSEArca,MicroSectors Energy 3X Leveraged ETN,25.0,39498,27310,[],15.989899,1.8592905,8.6 - 27.535,-2.9451008,-0.10695845,149.13881,,5.44,16.232887,0.21786144,146.18822,47.08744,47.08744,34903676.0,PRE,1.5148197,20.96574,3.6241589,0.172861,16.609316,7.980583,0.4804884,15,0,America/New_York,EDT,-14400000,False,27.535,8.6,0.0,MicroSectors Energy 3X Leverage,24.5899,-0.3801,-1.52223,-1.52223,0.95,0.0,0.0,WTIU,,101.0,0.24346435,CAD,1756125000.0,1756470600.0,,,,,1748433600.0,1748433600.0,False,,
Energy,energy,93,NDIV,Amplify Energy & Natural Resources Covered Call ETF,https://finance.yahoo.com/research-hub/screener/sec-ind_sec-top-etfs_energy/,2026-09-21T11:41:36+00:00,en-US,US,ETF,ETF,Delayed Quote,False,LOW,8.06,14.825797,,,False,False,USD,PCX,True,1661347800000,2,,,,,-0.2342,1789759854,34.9504,35.2,34.8901 - 35.2,34.8901,8468,35.1846,1600.0,1300.0,us_market,finmb_1792530421,NYSEArca,Amplify Energy & Natural Resources Covered Call ETF,35.03,12114,12710,[],8.750401,0.33398473,26.2 - 37.65,-2.6996002,-0.071702525,22.631573,,0.0,14.62263,0.0,40.32933,7.10591,7.10591,30165632.0,PRE,2.3901584,34.48378,0.4666214,0.01353162,32.927807,2.0225945,0.06142512,15,0,America/New_York,EDT,-14400000,False,37.65,26.2,8.06,Amplify Energy & Natural Resour,34.9504,-0.2342,-0.665631,-0.665631,0.59,54.54,0.0,NDIV,,,,,,,,,,,,,,,
Energy,energy,94,MLPD,Global X MLP & Energy Infrastructure Covered Call ETF,https://finance.yahoo.com/research-hub/screener/sec-ind_sec-top-etfs_energy/,2026-09-21T11:41:36+00:00,en-US,US,ETF,ETF,Nasdaq Real Time Price,False,LOW,10.96,20.383204,,,False,False,USD,PCX,True,1715175000000,2,,,,,0.0786991,1789761335,25.2356,25.29,25.16 - 25.29,25.16,3826,25.1569,100.0,900.0,us_market,finmb_1871099289,NYSEArca,Global X MLP & Energy Infrastructure Covered Call ETF,25.16,13966,9260,[],0.9855995,0.04064328,24.25 - 25.95,-0.71440125,-0.027529912,-0.99647045,,0.0,20.355457,0.0,9.69177,5.68621,5.68621,28300444.0,PRE,1.2397461,25.01864,0.216959,0.008671894,25.23963,-0.0040302277,-0.00015967856,15,0,America/New_York,EDT,-14400000,False,25.95,24.25,10.96,Global X MLP & Energy Infrastru,25.2356,0.0786991,0.312833,0.312833,0.6,39.72,10.05,MLPD,,,,,,,,,,,,,,,
Energy,energy,95,OILD,MicroSectorsTM Oil & Gas Exploration & Production -3X Inverse Leveraged ETNs,https://finance.yahoo.com/research-hub/screener/sec-ind_sec-top-etfs_energy/,2026-09-21T11:41:36+00:00,en-US,US,ETF,ETF,Nasdaq Real Time Price,False,LOW,0.0,17.070673,,,False,False,USD,PCX,True,1636468200000,2,0.9200001,3.2145355,1789990601.0,29.54,0.540001,1789761569,28.61,28.62,28.045 - 28.62,28.045,52603,28.07,100.0,500.0,us_market,finmb_1685440527,NYSEArca,MicroSectorsTM Oil & Gas Exploration & Production -3X Inverse Leveraged ETNs,28.4,74120,114750,[],3.0349998,0.11867057,25.575 - 129.2,-100.59,-0.77856034,-75.58874,1471824000.0,,17.505087,,-72.61838,-37.84238,-37.84238,27873068.0,PRE,1.634382,33.34626,-4.7362595,-0.1420327,52.74062,-24.13062,-0.45753387,15,0,America/New_York,EDT,-14400000,False,129.2,25.575,0.0,MicroSectors Oil & Gas Exp. & P,29.54,0.9200001,3.2145355,1.92377,0.95,0.0,28.98,OILD,,,,,1756125000.0,1756470600.0,,,,,1748433600.0,1748433600.0,False,,
Energy,energy,96,LDRH,iShares iBonds 1-5 Year High Yield and Income Ladder ETF,https://finance.yahoo.com/research-hub/screener/sec-ind_sec-top-etfs_energy/,2026-09-21T11:41:36+00:00,en-US,US,ETF,ETF,Nasdaq Real Time Price,False,LOW,,,,,False,False,USD,PCX,True,1731508200000,2,,,,,-0.0100002,1789761590,24.31,24.3102,24.24 - 24.3102,24.24,7008,24.32,1200.0,300.0,us_market,finmb_1893526240,NYSEArca,iShares iBonds 1-5 Year High Yield and Income Ladder ETF,24.27,4919,6350,[],0.069999695,0.0028877761,24.24 - 25.19,-0.88000107,-0.03493454,-3.3591747,,0.0,10.65252,0.0,2.32333,0.94081,0.94081,23102134.0,PRE,2.282089,24.47748,-0.16748047,-0.0068422267,24.701744,-0.3917446,-0.015858985,15,0,America/New_York,EDT,-14400000,False,25.19,24.24,6.41,iShares iBonds 1-5 Year High Yi,24.31,-0.0100002,-0.0411194,-0.0411194,0.35,0.0,0.0,LDRH,,,,,,,,,,,,,,,
Energy,energy,97,UJB,ProShares Ultra High Yield,https://finance.yahoo.com/research-hub/screener/sec-ind_sec-top-etfs_energy/,2026-09-21T11:41:36+00:00,en-US,US,ETF,ETF,Delayed Quote,False,LOW,,,17.63915,6.39007,False,False,USD,PCX,True,1302787800000,2,,,,,-0.3283,1789654511,77.2491,77.2491,77.2491 - 77.2491,77.2491,14,77.5774,100.0,200.0,us_market,finmb_129840835,NYSEArca,ProShares Ultra High Yield,77.48,17620,20450,[],2.4890976,0.03329451,74.76 - 80.09,-2.8408966,-0.035471305,-2.6464999,,0.0,,0.0,1.96441,0.56138,0.56138,17398672.0,PRE,,78.3808,-1.1316986,-0.014438467,78.60495,-1.3558502,-0.017248917,15,0,America/New_York,EDT,-14400000,False,80.09,74.76,3.17,ProShares Ultra High Yield ETF,77.2491,-0.3283,-0.423191,-0.423191,0.95,77.64,77.26,UJB,,,,,,,,,,,,,,,
Energy,energy,98,NRGD,MicroSectors U.S. Big Oil -3x Inverse Leveraged ETNs,https://finance.yahoo.com/research-hub/screener/sec-ind_sec-top-etfs_energy/,2026-09-21T11:41:36+00:00,en-US,US,ETF,ETF,Delayed Quote,False,LOW,0.0,15.66416,,,False,False,USD,PCX,True,1740061800000,2,,,,,-0.04,1789761600,12.76,12.91,12.5001 - 12.91,12.5001,28272,12.8,300.0,1000.0,us_market,finmb_1932060441,NYSEArca,MicroSectors U.S. Big Oil -3x Inverse Leveraged ETNs,12.765,33930,63460,[],1.04,0.0887372,11.72 - 96.225,-83.465,-0.8673941,-84.709404,,0.0,13.697909,0.0,-81.6173,-48.85048,-48.85048,15392137.0,PRE,0.93152905,17.4348,-4.674799,-0.26813036,36.669296,-23.909296,-0.6520249,15,0,America/New_York,EDT,-14400000,False,96.225,11.72,0.0,MicroSectors U.S. Big Oil -3 In,12.76,-0.04,-0.3125,-0.3125,0.35,0.0,0.0,NRGD,,,,,1756125000.0,1756470600.0,,,,,1748433600.0,1748433600.0,False,,
Energy,energy,99,OILT,Texas Capital Texas Oil Index ETF,https://finance.yahoo.com/research-hub/screener/sec-ind_sec-top-etfs_energy/,2026-09-21T11:41:36+00:00,en-US,US,ETF,ETF,Delayed Quote,False,LOW,2.41,13.168291,,,False,False,USD,ASE,True,1703169000000,2,,,,,-0.27,1789750255,32.36,32.4001,32.36 - 32.4001,32.36,1477,32.63,300.0,1100.0,us_market,finmb_1858272425,NYSE American,Texas Capital Texas Oil Index ETF,32.43,3475,4619,"[{""header"":""Delisting"",""message"":""OILT was delisted effective Sep. 15, 2026"",""meta"":{""eventType"":""DELISTING"",""dateEpochMs"":1789444800000}}]",10.91,0.5086247,21.45 - 34.32,-1.9599991,-0.05710953,39.940228,,0.0,13.228302,0.0,42.35926,10.63422,10.63422,14380180.0,PRE,2.4462702,31.11584,1.2441597,0.03998477,28.908186,3.4518147,0.119406134,15,0,America/New_York,EDT,-14400000,False,34.32,21.45,2.41,Texas Capital Texas Oil Index E,32.36,-0.27,-0.827461,-0.827461,0.35,0.0,0.0,OILT,,,,,,,,,,,,,,,
Energy,energy,100,USNG,Amplify Samsung U.S. Natural Gas Infrastructure ETF,https://finance.yahoo.com/research-hub/screener/sec-ind_sec-top-etfs_energy/,2026-09-21T11:41:36+00:00,en-US,US,ETF,ETF,Nasdaq Real Time Price,False,LOW,0.96,23.34812,,,False,False,USD,PCX,True,1747747800000,2,-0.57989883,-1.6230072,1789988413.0,35.15,-0.0143967,1789761000,35.6285,35.73,35.6285 - 35.73,35.6285,2170,35.6429,3300.0,3300.0,us_market,finmb_1934423669,NYSEArca,Amplify Samsung U.S. Natural Gas Infrastructure ETF,35.62,5782,6650,[],8.758501,0.32595834,26.87 - 37.6,-1.9714966,-0.052433424,28.360415,,0.0,24.130447,0.0,26.42257,-2.041,-2.041,9997275.0,PRE,1.4764957,34.90748,0.72102356,0.020655274,33.32011,2.3083916,0.06927923,15,0,America/New_York,EDT,-14400000,False,37.6,26.87,0.96,Amplify Samsung U.S. Natural Ga,35.15,-0.57989883,-1.6230072,-0.0403914,0.59,56.64,35.14,USNG,,,,,,,,,,,,,,,
Energy,energy,101,THRV,Prospera Income ETF,https://finance.yahoo.com/research-hub/screener/sec-ind_sec-top-etfs_energy/,2026-09-21T11:41:36+00:00,en-US,US,ETF,ETF,Nasdaq Real Time Price,False,LOW,,,,,False,False,USD,NGM,True,1759239000000,2,,,,,-0.065200806,1789761600,23.5148,23.56,23.5148 - 23.56,23.5148,1334,23.58,2.0,2.0,us_market,finmb_1951567424,NasdaqGM,Prospera Income ETF,23.52,3620,3090,[],0.12479973,0.005335602,23.39 - 26.64,-3.1252003,-0.11731233,-5.928713,,0.0,14.638011,0.0,1.91762,-0.36077,-0.36077,9550793.0,PRE,1.6064204,24.02768,-0.5128803,-0.021345396,24.45782,-0.9430218,-0.038557064,15,0,America/New_York,EDT,-14400000,False,26.64,23.39,,Prospera Income ETF,23.5148,-0.059999466,-0.25445068,-0.27650893,1.8,31.2,17.12,THRV,,,,,,,,,2025-09-30,Thryv,,,,,
Energy,energy,102,WTID,MicroSectors Energy -3X Inverse Leveraged ETN,https://finance.yahoo.com/research-hub/screener/sec-ind_sec-top-etfs_energy/,2026-09-21T11:41:36+00:00,en-US,US,ETF,ETF,Nasdaq Real Time Price,False,LOW,0.0,15.360983,,,False,False,USD,PCX,True,1676471400000,4,0.08000016,3.0769293,1789989772.0,2.68,0.04,1789761600,2.6,2.605,2.54 - 2.605,2.54,238224,2.56,2000.0,1100.0,us_market,finmb_1827650432,NYSEArca,MicroSectors Energy -3X Inverse Leveraged ETN,2.57,86177,180880,[],0.24499989,0.10403392,2.355 - 14.07,-11.469999,-0.8152096,-79.50335,,0.0,14.048526,0.0,-75.49717,-43.61354,-43.61354,8528706.0,PRE,0.1850728,3.36326,-0.7632601,-0.22694056,5.909785,-3.309785,-0.5600517,15,0,America/New_York,EDT,-14400000,False,14.07,2.355,0.0,MicroSectors Energy 3X Inverse ,2.68,0.08000016,3.0769293,1.5625,0.95,0.0,2.66,WTID,,101.0,0.025742574,CAD,1756125000.0,1756470600.0,,,,,1748433600.0,1748433600.0,False,,
Energy,energy,103,XOMX,Direxion Daily XOM Bull 2X Shares,https://finance.yahoo.com/research-hub/screener/sec-ind_sec-top-etfs_energy/,2026-09-21T11:41:36+00:00,en-US,US,ETF,ETF,Delayed Quote,False,LOW,1.59,20.703934,,,False,False,USD,NGM,True,1745415000000,2,,,,,-0.13290024,1789761600,48.3571,48.48,47.42 - 48.48,47.42,10478,48.49,2.0,2.0,us_market,finmb_1930773372,NasdaqGM,Direxion Daily XOM Bull 2X Shares,48.16,20411,19180,[],23.437101,0.94049364,24.92 - 60.28,-11.922897,-0.19779193,86.36837,,0.0,21.07224,0.0,65.56386,19.46044,19.46044,7129586.0,PRE,2.2948248,45.74918,2.6079216,0.057004772,41.56104,6.7960625,0.16352004,15,0,America/New_York,EDT,-14400000,False,60.28,24.92,1.59,Direxion Daily XOM Bull 2X ETF,48.3571,-0.010002136,-0.020627214,-0.27407762,1.07,54.1,31.44,XOMX,,,,,,,,,2025-04-23,,,,,,
Energy,energy,104,GBHI,Gabelli High Income ETF,https://finance.yahoo.com/research-hub/screener/sec-ind_sec-top-etfs_energy/,2026-09-21T11:41:36+00:00,en-US,US,EQUITY,Equity,Delayed Quote,False,LOW,,,,,False,False,USD,PCX,True,1763389800000,2,,,,,-0.039999,1789582922,25.155,25.155,25.155 - 25.155,25.155,13,25.195,200.0,400.0,us_market,finmb_1955318005,NYSEArca,Gabelli High Income ETF,25.15,152,160,[],0.3730011,0.015051291,24.782 - 25.65,-0.49499893,-0.019298205,0.37908554,,0.0,,0.0,,,,,PRE,,25.2224,-0.06739998,-0.0026722269,25.32706,-0.17206001,-0.0067935246,15,0,America/New_York,EDT,-14400000,False,25.65,24.782,,Gabelli High Income ETF,25.155,-0.039999,-0.158758,-0.158758,,0.0,0.0,GBHI,,,,,,,,,,,,,,,
Energy,energy,105,UX,Roundhill Uranium ETF,https://finance.yahoo.com/research-hub/screener/sec-ind_sec-top-etfs_energy/,2026-09-21T11:41:36+00:00,en-US,US,ETF,ETF,Delayed Quote,False,LOW,,,,,False,False,USD,BTS,True,1738161000000,2,,,,,-0.4417,1789754184,28.376,28.376,28.376 - 28.376,28.376,4007,28.8177,100.0,300.0,us_market,finmb_1911607956,Cboe US,Roundhill Uranium ETF,28.7,4336,3200,[],2.5359993,0.098142385,25.84 - 38.72,-10.344002,-0.2671488,-6.8264666,,0.0,,0.0,0.90234,1.21482,1.21482,5406413.0,PRE,,28.8077,-0.43169975,-0.014985569,29.8977,-1.5216999,-0.05089689,15,0,America/New_York,EDT,-14400000,False,38.72,25.84,1.46,Roundhill Uranium ETF,28.376,-0.4417,-1.53274,-1.53274,0.77,31.59,0.0,UX,,,,,,,,,,,,,,,
Energy,energy,106,NVIR,Horizon Kinetics Energy Remediation ETF,https://finance.yahoo.com/research-hub/screener/sec-ind_sec-top-etfs_energy/,2026-09-21T11:41:36+00:00,en-US,US,ETF,ETF,Delayed Quote,False,LOW,0.74,21.579629,,,False,False,USD,PCX,True,1677076200000,2,,,,,-0.117401,1789743164,39.4777,39.61,39.4777 - 39.61,39.4777,357,39.5951,300.0,100.0,us_market,finmb_1815205113,NYSEArca,Horizon Kinetics Energy Remediation ETF,39.61,412,570,[],8.2227,0.26308432,31.255 - 41.31,-1.8323021,-0.044354927,25.854374,,0.0,21.040995,0.0,24.27462,4.34914,4.34914,5061042.0,PRE,1.8762279,39.77916,-0.30146027,-0.007578347,38.143993,1.3337059,0.03496503,15,0,America/New_York,EDT,-14400000,False,41.31,31.255,0.74,Horizon Kinetics Energy and Rem,39.4777,-0.117401,-0.296504,-0.296504,0.85,61.6,0.0,NVIR,,,,,,,,,,,,,,,
Energy,energy,107,TEXU,Direxion Daily Energy Top 5 Bull 2X ETF,https://finance.yahoo.com/research-hub/screener/sec-ind_sec-top-etfs_energy/,2026-09-21T11:41:36+00:00,en-US,US,EQUITY,Equity,Delayed Quote,False,LOW,,,,,False,False,USD,PCX,True,1759411800000,2,,,,,-0.598801,1789760703,42.1812,42.1812,41.64 - 42.1812,41.64,5503,42.78,3100.0,3200.0,us_market,finmb_1944168556,NYSEArca,Direxion Daily Energy Top 5 Bull 2X ETF,42.74,2404,2620,[],19.694199,0.87580377,22.487 - 47.18,-4.998802,-0.10595172,71.300354,,0.0,20.874971,0.0,,,,,PRE,2.020659,40.5271,1.6540985,0.040814627,35.981747,6.1994514,0.17229435,15,0,America/New_York,EDT,-14400000,False,47.18,22.487,,Direxion Daily Energy Top 5 Bul,42.1812,-0.598801,-1.39972,-1.39972,,65.82,0.0,TEXU,,,,,,,,,,,,,,,
Energy,energy,108,TEXX,Horizon Kinetics Texas ETF,https://finance.yahoo.com/research-hub/screener/sec-ind_sec-top-etfs_energy/,2026-09-21T11:41:36+00:00,en-US,US,ETF,ETF,Nasdaq Real Time Price,False,LOW,,,,,False,False,USD,NGM,True,1769092200000,2,,,,,-0.11009979,1789761600,29.8549,29.8549,29.8549 - 29.8549,29.8549,18,29.965,2.0,2.0,us_market,finmb_1970184968,NasdaqGM,Horizon Kinetics Texas ETF,29.8549,857,240,[],4.5049,0.17770809,25.35 - 31.13,-1.2750988,-0.04096045,16.93628,,0.0,21.761497,0.0,,7.31107,7.31107,3062976.0,PRE,1.3719139,29.97854,-0.12364006,-0.0041242857,28.572489,1.2824116,0.04488274,15,0,America/New_York,EDT,-14400000,False,31.13,25.35,,Horizon Kinetics Texas ETF,29.8549,0.0,0.0,-0.36742797,0.85,37.65,21.22,TEXX,,,,,,,,,2026-01-22,,,,,,
Energy,energy,109,BPH,BP p.l.c. ADRhedged,https://finance.yahoo.com/research-hub/screener/sec-ind_sec-top-etfs_energy/,2026-09-21T11:41:36+00:00,en-US,US,ETF,ETF,Delayed Quote,False,LOW,0.58,20.491803,,,False,False,USD,PCX,True,1736260200000,2,,,,,-1.4539,1789739703,70.2674,71.05,70.2674 - 71.05,70.2674,434,71.7213,600.0,400.0,us_market,finmb_1889426364,NYSEArca,BP p.l.c. ADRhedged,71.05,739,660,[],18.972404,0.36986852,51.295 - 74.81,-4.542595,-0.060721762,31.475353,,0.0,21.549992,0.0,35.16987,26.56332,26.56332,2004570.0,PRE,3.2606695,67.53564,2.7317657,0.040449247,64.09254,6.1748657,0.09634297,15,0,America/New_York,EDT,-14400000,False,74.81,51.295,0.58,BP plc,70.2674,-1.4539,-2.02715,-2.02715,0.19,111.72,28.25,BPH,,,,,,,,,,,,,,,
Energy,energy,110,GXPE,Global X Purecap MSCI Energy ETF,https://finance.yahoo.com/research-hub/screener/sec-ind_sec-top-etfs_energy/,2026-09-21T11:41:36+00:00,en-US,US,ETF,ETF,Delayed Quote,False,LOW,1.94,18.494544,,,False,False,USD,PCX,True,1753277400000,2,,,,,-0.103699,1789740013,37.4338,37.4338,37.4338 - 37.4338,37.4338,435,37.5375,100.0,100.0,us_market,finmb_1942486169,NYSEArca,Global X Purecap MSCI Energy ETF,37.421,660,620,[],12.253799,0.4866481,25.18 - 38.45,-1.016201,-0.026429154,44.59982,,0.0,18.973211,0.0,43.95128,14.63597,14.63597,1489399.0,PRE,1.9729818,35.717,1.7168007,0.04806677,32.65167,4.782131,0.14645901,15,0,America/New_York,EDT,-14400000,False,38.45,25.18,1.94,Global X PureCap MSCI Energy ET,37.4338,-0.103699,-0.276254,-0.276254,0.15,0.0,0.0,GXPE,,,,,,,,,,,,,,,
Energy,energy,111,WR,Corgi U.S. War Machine ETF,https://finance.yahoo.com/research-hub/screener/sec-ind_sec-top-etfs_energy/,2026-09-21T11:41:36+00:00,en-US,US,ETF,ETF,Delayed Quote,False,LOW,,,,,False,False,USD,BTS,True,1778074200000,2,,,,,-0.0648003,1789490517,27.0042,27.0042,27.0042 - 27.0042,27.0042,22,27.069,2900.0,2900.0,us_market,finmb_1992790954,Cboe US,Corgi U.S. War Machine ETF,27.46,1811,190,[],3.1541996,0.13225156,23.85 - 28.11,-1.1058006,-0.039338335,7.913673,,0.0,20.602215,0.0,,7.71242,7.71242,1371820.0,PRE,1.3107426,26.5986,0.4055996,0.015248908,25.866064,1.1381359,0.044001125,15,0,America/New_York,EDT,-14400000,False,28.11,23.85,,Corgi U.S. War Machine ETF,27.0042,-0.0648003,-0.239389,-0.239389,0.35,0.0,0.0,WR,,,,,,,2.74,9.855547,,,,,,,
Energy,energy,112,ONG,Leverage Shares 2X Long ON Daily ETF,https://finance.yahoo.com/research-hub/screener/sec-ind_sec-top-etfs_energy/,2026-09-21T11:41:36+00:00,en-US,US,ETF,ETF,Delayed Quote,False,LOW,0.62,19.131432944327532,,,False,False,USD,BTS,True,1780407000000,4,0.13000011,3.45745,1789988698.0,3.89,0.1701,1789761590,3.76,3.83,3.63 - 3.83,3.63,58950,3.5899,7700.0,7300.0,us_market,finmb_1996252125,Cboe US,Leverage Shares 2X Long ON Daily ETF,3.75,53558,36070,[],0.3900001,0.11572704,3.37 - 18.42,-14.66,-0.79587406,-77.73831,,,,,,,,653040.0,PRE,,5.1688,-1.4087999,-0.27255842,7.511316,-3.7513158,-0.49942192,15,0,America/New_York,EDT,-14400000,False,18.42,3.37,,Leverage Shares 2X Long ON Dail,3.89,0.12990022,3.4547012,4.73829,0.75,3.93,3.87,ONG,,,,,,,,,,,,,,,
Energy,energy,113,TRUN,Vaneck Energy TruSector ETF,https://finance.yahoo.com/research-hub/screener/sec-ind_sec-top-etfs_energy/,2026-09-21T11:41:36+00:00,en-US,US,ETF,ETF,Nasdaq Real Time Price,False,LOW,,,,,False,False,USD,NGM,True,1783517400000,2,,,,,0.10439873,1789761600,30.2545,30.375,30.2545 - 30.375,30.2545,230,30.1501,,,us_market,finmb_1986320037,NasdaqGM,Vaneck Energy TruSector ETF,30.375,336,190,[],4.6344986,0.18089378,25.62 - 31.13,-0.8754997,-0.028123988,16.256725,,,21.198822,,,,,300096.0,PRE,1.4271784,28.7812,1.473299,0.05118963,28.667307,1.5871925,0.055365946,15,0,America/New_York,EDT,-14400000,False,31.13,25.62,,VanEck Energy TruSector ETF,30.2545,0.20489883,0.6795959,0.3462633,0.16,,,TRUN,,,,,,,,,2026-07-08,,,,,,
Energy,energy,114,HSBH,HSBC Holdings PLC ADRhedged,https://finance.yahoo.com/research-hub/screener/sec-ind_sec-top-etfs_energy/,2026-09-21T11:41:36+00:00,en-US,US,ETF,ETF,Delayed Quote,False,LOW,,,,,False,False,USD,PCX,True,1743687000000,2,,,,,-1.4542,1789759615,112.508,112.64,112.02 - 112.64,112.02,11489,113.962,100.0,100.0,us_market,finmb_1889491751,NYSEArca,HSBC Holdings PLC ADRhedged,112.51,8450,8570,[],40.588005,0.56434935,71.92 - 118.3,-5.792,-0.04896027,46.86769,,0.0,30.109533,0.0,,,,,PRE,3.736624,113.1635,-0.6554947,-0.005792457,100.43807,12.069931,0.120172866,15,0,America/New_York,EDT,-14400000,False,118.3,71.92,,HSBC Holdings plc,112.508,-1.4542,-1.27604,-1.27604,,178.88,45.23,HSBH,,,,,,,,,,,,,,,
