sector,yahoo_sector_key,rank,ticker,etf_name,source_url,retrieved_at_utc,screen_language,screen_region,screen_quote_type,screen_type_disp,screen_quote_source_name,screen_triggerable,screen_custom_price_alert_confidence,screen_yield_ttm,screen_pe_ttm,screen_annual_return_nav_y3,screen_annual_return_nav_y5,screen_currency,screen_bid_size,screen_financial_currency,screen_short_name,screen_fullday_price,screen_fullday_change,screen_fullday_change_percent,screen_net_expense_ratio,screen_corporate_actions,screen_fifty_two_week_low_change,screen_fifty_two_week_low_change_percent,screen_fifty_two_week_range,screen_fifty_two_week_high_change,screen_fifty_two_week_high_change_percent,screen_fifty_two_week_change_percent,screen_trailing_annual_dividend_rate,screen_trailing_pe,screen_trailing_annual_dividend_yield,screen_ytd_return,screen_trailing_three_month_returns,screen_trailing_three_month_nav_returns,screen_net_assets,screen_pre_market_price,screen_price_hint,screen_market_state,screen_eps_trailing_twelve_months,screen_shares_outstanding,screen_book_value,screen_fifty_day_average,screen_fifty_day_average_change,screen_fifty_day_average_change_percent,screen_two_hundred_day_average,screen_two_hundred_day_average_change,screen_price_to_book,screen_esg_populated,screen_tradeable,screen_crypto_tradeable,screen_source_interval,screen_average_daily_volume3_month,screen_average_daily_volume10_day,screen_gmt_off_set_milliseconds,screen_regular_market_previous_close,screen_has_pre_post_market_data,screen_ask,screen_bid,screen_regular_market_open,screen_exchange_timezone_name,screen_pre_market_change,screen_message_board_id,screen_full_exchange_name,screen_exchange_timezone_short_name,screen_first_trade_date_milliseconds,screen_regular_market_day_range,screen_regular_market_day_low,screen_long_name,screen_regular_market_volume,screen_regular_market_change,screen_regular_market_time,screen_ask_size,screen_market,screen_regular_market_price,screen_regular_market_day_high,screen_two_hundred_day_average_change_percent,screen_regular_market_change_percent,screen_pre_market_change_percent,screen_pre_market_time,screen_exchange,screen_fifty_two_week_high,screen_fifty_two_week_low,screen_dividend_yield,screen_exchange_data_delayed_by,screen_symbol,screen_dividend_date,screen_ipo_expected_date,screen_eps_forward,screen_forward_pe,screen_name_change_date,screen_prev_name
Healthcare,healthcare,1,XLV,State Street Health Care Select Sector SPDR ETF,https://finance.yahoo.com/research-hub/screener/sec-ind_sec-top-etfs_healthcare/,2026-09-14T11:27:39+00:00,en-US,US,ETF,ETF,Delayed Quote,False,LOW,1.49,30.469226,1.98855,25.93233,USD,1500,USD,State Street Health Care Select,166.76,1.3800049,0.8344953,0.08,[],31.630005,0.2365214,133.73 - 176.6,-11.2400055,-0.06364669,20.762432,1.81,29.543749,0.010925992,11.07815,14.49816,14.49816,43909784000.0,166.76,2,PRE,5.597123,197415008.0,127.256,166.237,-0.8769989,-0.005275594,155.6438,9.716202,1.299428,False,False,False,15,9369553,7338630,-14400000,165.66,True,0.0,166.64,166.83,America/New_York,1.3999939,finmb_8795490,NYSEArca,EDT,914337000000,165.11 - 167.1,165.11,State Street Health Care Select Sector SPDR ETF,6436844,-0.300003,1789156800,1800,us_market,165.36,167.1,0.062425885,-0.181096,0.846634,1789384287.0,PCX,176.6,133.73,1.49,0,XLV,,,,,,
Healthcare,healthcare,2,VHT,Vanguard Health Care Index Fund ETF Shares,https://finance.yahoo.com/research-hub/screener/sec-ind_sec-top-etfs_healthcare/,2026-09-14T11:27:39+00:00,en-US,US,ETF,ETF,Nasdaq Real Time Price,False,LOW,1.48,28.686173,2.46781,20.49989,USD,640,USD,Vanguard Health Care ETF,312.0,1.1799927,0.37963858,0.09,[],61.169983,0.2451015,249.57 - 330.75,-20.01001,-0.060498897,21.99757,2.846,29.244253,0.009143188,11.94137,14.74611,14.74611,22042636300.0,312.0,2,PRE,10.625677,54301900.0,228.287,312.492,-1.7520142,-0.005606589,290.54984,20.190155,1.3611813,False,False,False,15,241133,191580,-14400000,311.27,True,319.34,0.0,313.23,America/New_York,1.1799927,finmb_22939088,NYSEArca,EDT,1075473000000,310.3 - 314.07,310.3,Vanguard Health Care Index Fund ETF Shares,160544,-0.529999,1789156800,40,us_market,310.74,314.07,0.06948947,-0.17027,0.37963858,1789383614.0,PCX,330.75,249.57,1.48,0,VHT,,,,,,
Healthcare,healthcare,3,XBI,State Street SPDR S&P Biotech ETF,https://finance.yahoo.com/research-hub/screener/sec-ind_sec-top-etfs_healthcare/,2026-09-14T11:27:39+00:00,en-US,US,ETF,ETF,Nasdaq Real Time Price,False,LOW,,,7.49687,-20.53083,USD,300,,State Street SPDR S&P Biotech E,156.29,0.125,0.08004355,0.35,[],63.559998,0.68609667,92.64 - 169.89,-13.690002,-0.08058157,67.18398,,,,33.41228,18.99733,18.99733,11404576800.0,156.29,2,PRE,,,,158.1978,-1.9978027,-0.0126285115,136.2404,19.959595,,False,False,False,15,8833256,7556270,-14400000,156.82,True,157.0,0.0,158.27,America/New_York,0.125,finmb_26755274,NYSEArca,EDT,1139236200000,156.13 - 159.6607,156.13,State Street SPDR S&P Biotech ETF,8411294,-0.62001,1789156800,300,us_market,156.2,159.6607,0.14650276,-0.395364,0.08004355,1789385127.0,PCX,169.89,92.64,0.35,0,XBI,,,,,,
Healthcare,healthcare,4,IBB,iShares Biotechnology ETF,https://finance.yahoo.com/research-hub/screener/sec-ind_sec-top-etfs_healthcare/,2026-09-14T11:27:39+00:00,en-US,US,ETF,ETF,Nasdaq Real Time Price,False,LOW,0.2,26.116479,3.61853,0.99064,USD,1,USD,iShares Biotechnology ETF,203.22,0.29000854,0.14291063,0.44,[],64.14,0.46213707,138.79 - 217.12,-14.190002,-0.06535558,44.20836,0.35,25.35191,0.0017272009,23.97473,21.34356,21.34356,10474939400.0,203.22,2,PRE,8.004525,69700000.0,161.64,199.0968,3.833191,0.0192529,178.31215,24.617844,1.2554442,False,False,False,15,1599361,1526680,-14400000,202.64,True,197.12,185.09,203.96,America/New_York,0.29000854,finmb_8797590,NasdaqGM,EDT,981988200000,202.75 - 205.3,202.75,iShares Biotechnology ETF,2286307,0.2899933,1789156801,1,us_market,202.93,205.3,0.13806038,0.14310762,0.14291063,1789385098.0,NGM,217.12,138.79,0.2,0,IBB,1482969600.0,,,,,
Healthcare,healthcare,5,ICVT,iShares Convertible Bond ETF,https://finance.yahoo.com/research-hub/screener/sec-ind_sec-top-etfs_healthcare/,2026-09-14T11:27:39+00:00,en-US,US,ETF,ETF,Delayed Quote,False,LOW,1.88,12.345679012345679,15.28661,-0.29309,USD,600,,iShares Convertible Bond ETF,113.08,-0.40000153,-0.3510633,0.2,[],19.75,0.20919393,94.41 - 126.56,-12.399994,-0.0979772,16.466022,0.0,,0.0,16.66967,-5.42494,-5.42494,7808250900.0,113.08,2,PRE,,,,115.4476,-1.2875977,-0.011153092,109.86585,4.2941513,,False,False,False,15,607509,573040,-14400000,113.94,True,0.0,107.84,114.62,America/New_York,-1.0800018,finmb_285620683,Cboe US,EDT,1433424600000,114.01 - 114.62,114.01,iShares Convertible Bond ETF,808526,0.220001,1789156800,1000,us_market,114.16,114.62,0.039085403,0.193085,-0.94604224,1789380381.0,BTS,126.56,94.41,1.4,0,ICVT,,,,,,
Healthcare,healthcare,6,NEAR,iShares Short Duration Bond Active ETF,https://finance.yahoo.com/research-hub/screener/sec-ind_sec-top-etfs_healthcare/,2026-09-14T11:27:39+00:00,en-US,US,ETF,ETF,Nasdaq Real Time Price,False,LOW,,,7.32752,0.33746,USD,4100,,iShares Short Duration Bond Act,50.102,-0.027999878,-0.055854533,0.25,[],0.0,0.0,50.12 - 51.37,-1.25,-0.024333268,-2.24303,0.0,,0.0,1.31615,0.53456,0.53456,5106520600.0,50.102,2,PRE,,,,50.4684,-0.34840012,-0.006903332,50.8132,-0.693203,,False,False,False,15,577653,623990,-14400000,50.17,True,0.0,0.0,50.17,America/New_York,-0.027999878,finmb_217067183,Cboe US,EDT,1380807000000,50.12 - 50.18,50.12,iShares Short Duration Bond Active ETF,403691,-0.0499992,1789156800,2200,us_market,50.12,50.18,-0.013642183,-0.0996596,-0.055854533,1789384107.0,BTS,51.37,50.12,4.44,0,NEAR,,,,,,
Healthcare,healthcare,7,IXJ,iShares Global Healthcare ETF,https://finance.yahoo.com/research-hub/screener/sec-ind_sec-top-etfs_healthcare/,2026-09-14T11:27:39+00:00,en-US,US,ETF,ETF,Nasdaq Real Time Price,False,LOW,1.39,27.525461,3.49318,19.4907,USD,400,USD,iShares Global Healthcare ETF,100.76,-0.129997,-0.12885,0.38,[],15.400002,0.18041238,85.36 - 107.69,-6.9300003,-0.06435138,15.28604,0.973,26.606537,0.009644167,8.04826,11.19071,11.19071,4282349570.0,,2,PRE,3.7870393,35850000.0,76.962,102.1034,-1.343399,-0.013157241,97.6998,3.0602036,1.3092176,False,False,False,15,258498,113780,-14400000,100.89,True,0.0,0.0,101.54,America/New_York,,finmb_8798083,NYSEArca,EDT,1006785000000,100.568 - 101.6262,100.568,iShares Global Healthcare ETF,92506,-0.129997,1789156800,100,us_market,100.76,101.6262,0.031322517,-0.12885,,,PCX,107.69,85.36,1.39,0,IXJ,,,,,,
Healthcare,healthcare,8,IYH,iShares U.S. Healthcare ETF,https://finance.yahoo.com/research-hub/screener/sec-ind_sec-top-etfs_healthcare/,2026-09-14T11:27:39+00:00,en-US,US,ETF,ETF,Nasdaq Real Time Price,False,LOW,1.11,30.422878,2.05169,23.40002,USD,800,USD,iShares U.S. Healthcare ETF,69.92,-0.0800018,-0.114288,0.37,[],13.48,0.2388377,56.44 - 74.59,-4.669998,-0.062608905,20.989788,2.91,29.535793,0.04157143,11.28498,14.51843,14.51843,3863850500.0,,2,PRE,2.3672972,11000000.0,263.081,70.1476,-0.2276001,-0.0032445886,65.4506,4.4693985,0.26577365,False,False,False,15,671545,650310,-14400000,70.0,True,0.0,0.0,70.46,America/New_York,,finmb_8796398,NYSEArca,EDT,961162200000,69.855 - 70.64,69.855,iShares U.S. Healthcare ETF,255767,-0.0800018,1789156800,700,us_market,69.92,70.64,0.06828659,-0.114288,,,PCX,74.59,56.44,1.11,0,IYH,,,,,,
Healthcare,healthcare,9,FLXR,TCW Flexible Income ETF,https://finance.yahoo.com/research-hub/screener/sec-ind_sec-top-etfs_healthcare/,2026-09-14T11:27:39+00:00,en-US,US,ETF,ETF,Delayed Quote,False,LOW,5.4,33.333333333333336,,,USD,2300,,TCW Flexible Income ETF,38.38,-0.0499992,-0.130105,0.4,[],0.055000305,0.0014351025,38.325 - 39.97,-1.5900002,-0.03977984,-3.7854075,0.0,31.513779,0.0,1.7701,0.45419,0.45419,3620422400.0,,2,PRE,1.21788,,,38.888,-0.5079994,-0.01306314,39.277634,-0.8976326,,False,False,False,15,414956,444300,-14400000,38.43,True,41.43,35.43,38.45,America/New_York,,finmb_562151110,NYSE,EDT,1719235800000,38.325 - 38.48,38.325,TCW Flexible Income ETF,517632,-0.0499992,1789156890,2600,us_market,38.38,38.48,-0.022853531,-0.130105,,,NYQ,39.97,38.325,6.01,0,FLXR,,,,,,
Healthcare,healthcare,10,FHLC,Fidelity MSCI Health Care Index ETF,https://finance.yahoo.com/research-hub/screener/sec-ind_sec-top-etfs_healthcare/,2026-09-14T11:27:39+00:00,en-US,US,ETF,ETF,Delayed Quote,False,LOW,1.23,29.967036,2.47924,20.37309,USD,400,,Fidelity MSCI Health Care Index,80.3,-0.159996,-0.198852,0.084,[],16.0,0.24883358,64.3 - 85.46,-5.159996,-0.06037908,22.408533,0.0,29.086826,0.0,12.0649,14.76324,14.76324,3476249340.0,,2,PRE,2.7607,,,80.7678,-0.46779633,-0.0057918667,75.03605,5.263954,,False,False,False,15,238532,369090,-14400000,80.46,True,0.0,75.92,81.03,America/New_York,,finmb_243638580,NYSEArca,EDT,1382621400000,80.213 - 81.19,80.213,Fidelity MSCI Health Care Index ETF,279266,-0.159996,1789156800,1400,us_market,80.3,81.19,0.070152335,-0.198852,,,PCX,85.46,64.3,1.23,0,FHLC,,,,,,
Healthcare,healthcare,11,IHI,iShares U.S. Medical Devices ETF,https://finance.yahoo.com/research-hub/screener/sec-ind_sec-top-etfs_healthcare/,2026-09-14T11:27:39+00:00,en-US,US,ETF,ETF,Delayed Quote,False,LOW,0.44,31.01737,3.21261,21.02914,USD,2100,,iShares U.S. Medical Devices ET,51.41,0.0809021,0.15899009,0.37,[],3.5100021,0.074097574,47.37 - 64.71,-13.829998,-0.21372274,-15.677828,0.0,28.709547,0.0,-11.36434,12.40996,12.40996,3473586690.0,51.41,2,PRE,1.7722328,,,53.1434,-2.2633972,-0.042590376,55.35855,-4.47855,,False,False,False,15,2796624,2100710,-14400000,50.9,True,51.31,51.11,51.23,America/New_York,0.5299988,finmb_27446899,NYSEArca,EDT,1146835800000,50.49 - 51.5,50.49,iShares U.S. Medical Devices ETF,1771173,-0.0200005,1789156800,200,us_market,50.88,51.5,-0.08090078,-0.0392936,1.0416642,1789383600.0,PCX,64.71,47.37,0.44,0,IHI,,,,,,
Healthcare,healthcare,12,FBT,First Trust NYSE Arca Biotechnology Index Fund,https://finance.yahoo.com/research-hub/screener/sec-ind_sec-top-etfs_healthcare/,2026-09-14T11:27:39+00:00,en-US,US,ETF,ETF,Delayed Quote,False,LOW,0.0,29.069767,2.25875,-3.63539,USD,500,USD,First Trust Amex Biotech Index ,261.85,-0.429993,-0.163944,0.55,[],87.87001,0.5050581,173.98 - 274.99,-13.139984,-0.0477835,49.236298,0.02,28.49305,7.6254386e-05,29.80573,19.92731,19.92731,2913227260.0,,2,PRE,9.1899605,20850000.0,172.678,257.4894,4.3605957,0.016935049,222.91084,38.939163,1.5164063,False,False,False,15,73261,32210,-14400000,262.28,True,0.0,0.0,264.46,America/New_York,,finmb_27775897,NYSEArca,EDT,1151069400000,261.85 - 264.965,261.85,First Trust NYSE Arca Biotechnology Index Fund,30057,-0.429993,1789156800,100,us_market,261.85,264.965,0.17468493,-0.163944,,,PCX,274.99,173.98,0.0,0,FBT,,,,,,
Healthcare,healthcare,13,ARKG,ARK Genomic Revolution ETF,https://finance.yahoo.com/research-hub/screener/sec-ind_sec-top-etfs_healthcare/,2026-09-14T11:27:39+00:00,en-US,US,ETF,ETF,Delayed Quote,False,LOW,,,16.20128,-33.8913,USD,300,,ARK Genomic Revolution ETF,45.29,0.4300003,0.9475546,0.75,[],20.960001,0.85203254,24.6 - 50.535,-4.9749985,-0.09844659,75.70383,0.0,,0.0,63.31467,36.51069,36.51069,2020345090.0,45.29,2,PRE,,,,43.3114,2.2486,0.051917046,33.774624,11.7853775,,False,False,False,15,3599085,2800510,-14400000,45.38,True,45.79,0.0,45.76,America/New_York,-0.27000046,finmb_268203657,Cboe US,EDT,1414762200000,45.295 - 46.25,45.295,ARK Genomic Revolution ETF,1749250,0.18,1789156800,200,us_market,45.56,46.25,0.34894177,0.396651,-0.5926261,1789383200.0,BTS,50.535,24.6,0.0,0,ARKG,,,,,,
Healthcare,healthcare,14,IHE,iShares U.S. Pharmaceuticals ETF,https://finance.yahoo.com/research-hub/screener/sec-ind_sec-top-etfs_healthcare/,2026-09-14T11:27:39+00:00,en-US,US,ETF,ETF,Delayed Quote,False,LOW,1.42,26.990553,0.99222,12.82711,USD,200,,iShares U.S. Pharmaceutical ETF,100.72,-0.36999512,-0.36600566,0.37,[],32.050003,0.4643582,69.02 - 108.66,-7.590004,-0.069850944,43.95385,0.0,26.321259,0.0,22.95542,13.23699,13.23699,1662381950.0,100.72,2,PRE,3.839862,,,102.8084,-1.7384033,-0.016909156,91.82875,9.241249,,False,False,False,15,269709,155240,-14400000,101.27,True,0.0,99.5,101.96,America/New_York,-0.34999847,finmb_27447321,NYSEArca,EDT,1146835800000,101.0 - 102.12,101.0,iShares U.S. Pharmaceuticals ETF,99644,-0.199997,1789156800,600,us_market,101.07,102.12,0.100635685,-0.197489,-0.34629315,1789383627.0,PCX,108.66,69.02,1.42,0,IHE,,,,,,
Healthcare,healthcare,15,FLHY,Franklin High Yield Corporate ETF,https://finance.yahoo.com/research-hub/screener/sec-ind_sec-top-etfs_healthcare/,2026-09-14T11:27:39+00:00,en-US,US,ETF,ETF,Delayed Quote,False,LOW,,,13.96642,4.43494,USD,700,,Franklin High Yield Corporate E,23.86,0.0250015,0.104894,0.4,[],0.040000916,0.0016792996,23.82 - 24.63,-0.76999855,-0.03126263,-2.6718318,0.0,,0.0,2.87172,0.99593,0.99593,1264701950.0,,2,PRE,,,,24.1382,-0.27820015,-0.011525306,24.29448,-0.43447876,,False,False,False,15,225596,195480,-14400000,23.835,True,23.96,0.0,23.91,America/New_York,,finmb_556182242,Cboe US,EDT,1528983000000,23.86 - 23.9288,23.86,Franklin High Yield Corporate ETF,135837,0.0250015,1789156792,1500,us_market,23.86,23.9288,-0.017883847,0.104894,,,BTS,24.63,23.82,6.47,0,FLHY,1530835200.0,,,,,
Healthcare,healthcare,16,IHF,iShares U.S. Healthcare Providers ETF,https://finance.yahoo.com/research-hub/screener/sec-ind_sec-top-etfs_healthcare/,2026-09-14T11:27:39+00:00,en-US,US,ETF,ETF,Delayed Quote,False,LOW,0.92,21.326509,-1.056,24.37107,USD,100,,iShares U.S. Health Care Provid,56.63,-0.0599976,-0.105834,0.37,[],15.780003,0.38629138,40.85 - 58.3,-1.6699982,-0.028644908,17.12513,0.0,21.30423,0.0,18.70589,12.91648,12.91648,1227321600.0,,2,PRE,2.6581576,,,56.9094,-0.27939987,-0.004909556,50.1075,6.522503,,False,False,False,15,513112,665150,-14400000,56.69,True,58.44,0.0,57.03,America/New_York,,finmb_27445728,NYSEArca,EDT,1146835800000,56.2 - 57.23,56.2,iShares U.S. Healthcare Providers ETF,327247,-0.0599976,1789156800,900,us_market,56.63,57.23,0.1301702,-0.105834,,,PCX,58.3,40.85,0.92,0,IHF,,,,,,
Healthcare,healthcare,17,FXH,First Trust Health Care AlphaDEX Fund,https://finance.yahoo.com/research-hub/screener/sec-ind_sec-top-etfs_healthcare/,2026-09-14T11:27:39+00:00,en-US,US,ETF,ETF,Delayed Quote,False,LOW,0.77,20.746888,-4.50196,15.17683,USD,100,,First Trust Health Care AlphaDE,129.2,0.360001,0.278423,0.61,[],25.130005,0.24040951,104.53 - 135.82,-6.1600037,-0.04535417,19.844723,,20.242619,,17.10999,15.61666,15.61666,1149107710.0,129.2,2,PRE,6.405298,,,128.9722,0.6878052,0.0053329724,117.9826,11.677406,,False,False,False,15,57606,69990,-14400000,129.3,True,0.0,0.0,130.32,America/New_York,-0.4600067,finmb_34336579,NYSEArca,EDT,1178803800000,129.23 - 130.58,129.23,First Trust Health Care AlphaDEX Fund,125476,0.360001,1789156757,200,us_market,129.66,130.58,0.098975666,0.278423,-0.35477918,1789375728.0,PCX,135.82,104.53,0.77,0,FXH,,,,,,
Healthcare,healthcare,18,FTXH,First Trust Nasdaq Pharmaceuticals ETF,https://finance.yahoo.com/research-hub/screener/sec-ind_sec-top-etfs_healthcare/,2026-09-14T11:27:39+00:00,en-US,US,ETF,ETF,Delayed Quote,False,LOW,1.03,27.839644,-1.41102,6.10797,USD,12,,First Trust Nasdaq Pharmaceutic,39.71,-0.049900055,-0.12321031,0.6,[],13.166599,0.48229304,27.3 - 42.87,-2.4034004,-0.056062527,45.204353,0.0,27.243227,0.0,25.85056,18.07136,18.07136,1054381310.0,39.71,2,PRE,1.485382,,,39.9791,0.48749924,0.012193852,35.66481,4.8017883,,False,False,False,15,613990,46340,-14400000,40.4999,True,39.45,39.31,40.86,America/New_York,-0.7400017,finmb_374263734,NasdaqGM,EDT,1474551000000,40.4101 - 40.86,40.4101,First Trust Nasdaq Pharmaceuticals ETF,20597,-0.033302307,1789156800,14,us_market,40.4666,40.86,0.13463658,-0.08222812,-1.8294232,1789384671.0,NGM,42.87,27.3,1.03,0,FTXH,1490918400.0,,,,,
Healthcare,healthcare,19,PPH,VanEck Pharmaceutical ETF,https://finance.yahoo.com/research-hub/screener/sec-ind_sec-top-etfs_healthcare/,2026-09-14T11:27:39+00:00,en-US,US,ETF,ETF,Delayed Quote,False,LOW,1.92,24.740228,6.91462,17.80788,USD,1,,VanEck Pharmaceutical ETF,109.44,-0.11999512,-0.10952457,0.36,[],23.529999,0.27389127,85.91 - 118.0,-8.559998,-0.072542354,23.969185,,23.830053,,11.15393,8.51749,8.51749,1033076350.0,109.44,2,PRE,4.59252,11547000.0,,111.6472,-2.207199,-0.019769408,106.2398,3.200203,,False,False,False,15,265822,222360,-14400000,109.56,True,110.12,109.61,110.48,America/New_York,0.0,finmb_3588556,NasdaqGM,EDT,949415400000,109.17 - 110.48,109.17,VanEck Pharmaceutical ETF,128970,-0.11999512,1789156801,1,us_market,109.44,110.48,0.03012245,-0.10952457,0.0,1789383616.0,NGM,118.0,85.91,1.92,0,PPH,1475798400.0,,,,,
Healthcare,healthcare,20,PBPH,Portfolio Building Block World Pharma And Biotech Index ETF,https://finance.yahoo.com/research-hub/screener/sec-ind_sec-top-etfs_healthcare/,2026-09-14T11:27:39+00:00,en-US,US,ETF,ETF,Nasdaq Real Time Price,False,LOW,,,,,USD,2,,Portfolio Building Block World ,27.8041,0.0049991608,0.017956754,0.13,[],3.6201,0.14968988,24.184 - 29.9,-2.0958996,-0.07009698,12.176228,0.0,26.387306,0.0,13.48297,11.3762,11.3762,1024493310.0,,2,PRE,1.0536922,,,27.9736,-0.16950035,-0.006059297,26.234602,1.5694981,,False,False,False,15,142138,88480,-14400000,27.84,True,32.89,21.91,28.04,America/New_York,,finmb_1959766823,NasdaqGM,EDT,1764599400000,27.7983 - 28.04,27.7983,Portfolio Building Block World Pharma And Biotech Index ETF,100932,-0.035900116,1789156800,2,us_market,27.8041,28.04,0.059825495,-0.12895156,,,NGM,29.9,24.184,,0,PBPH,,2025-11-25,,,,
Healthcare,healthcare,21,FLBL,Franklin Senior Loan ETF,https://finance.yahoo.com/research-hub/screener/sec-ind_sec-top-etfs_healthcare/,2026-09-14T11:27:39+00:00,en-US,US,ETF,ETF,Nasdaq Real Time Price,False,LOW,,,13.57009,3.9411,USD,800,,Franklin Senior Loan ETF,22.96,-0.085001,-0.368848,0.45,[],0.3899994,0.017279549,22.57 - 24.19,-1.2300014,-0.050847515,-5.045491,0.0,,0.0,2.63982,2.11982,2.11982,866701500.0,,2,PRE,,,,23.01978,-0.05978012,-0.0025969024,23.1266,-0.16660118,,False,False,False,15,208000,292580,-14400000,23.045,True,23.99,21.8,23.06,America/New_York,,finmb_556182240,Cboe US,EDT,1527859800000,22.96 - 23.0699,22.96,Franklin Senior Loan ETF,1373948,-0.085001,1789156800,1000,us_market,22.96,23.0699,-0.007203877,-0.368848,,,BTS,24.19,22.57,7.46,0,FLBL,1530835200.0,,,,,
Healthcare,healthcare,22,RSPH,Invesco S&P 500 Equal Weight Health Care ETF,https://finance.yahoo.com/research-hub/screener/sec-ind_sec-top-etfs_healthcare/,2026-09-14T11:27:39+00:00,en-US,US,ETF,ETF,Delayed Quote,False,LOW,0.62,25.387154,3.94124,23.03046,USD,1600,,Invesco S&P 500 Equal Weight He,36.08,0.160004,0.445445,0.4,[],7.8200016,0.27671626,28.26 - 38.19,-2.1099968,-0.055249985,24.714828,,24.491138,,17.91664,20.22729,20.22729,832759870.0,,2,PRE,1.473186,,,35.5954,0.48460007,0.01361412,32.6447,3.4353027,,False,False,False,15,137633,201110,-14400000,35.92,True,0.0,0.0,36.22,America/New_York,,finmb_30119271,NYSEArca,EDT,1162909800000,35.98 - 36.31,35.98,Invesco S&P 500 Equal Weight Health Care ETF,75776,0.160004,1789156800,1200,us_market,36.08,36.31,0.105233096,0.445445,,,PCX,38.19,28.26,0.62,0,RSPH,,,,,,
Healthcare,healthcare,23,XPH,State Street SPDR S&P Pharmaceuticals ETF,https://finance.yahoo.com/research-hub/screener/sec-ind_sec-top-etfs_healthcare/,2026-09-14T11:27:39+00:00,en-US,US,ETF,ETF,Delayed Quote,False,LOW,0.64,15.39883,2.84307,-10.49999,USD,400,USD,State Street SPDR S&P Pharmaceu,67.51,-0.5,-0.735186,0.35,[],21.710003,0.47401753,45.8 - 74.35,-6.8399963,-0.091997266,46.760868,0.24,17.846783,0.0035288925,26.33662,21.34988,21.34988,586917380.0,,2,PRE,3.782755,5500270.0,52.017,69.7502,-2.2401962,-0.03211742,60.14805,7.3619537,1.297845,False,False,False,15,131020,233220,-14400000,68.01,True,0.0,0.0,68.58,America/New_York,,finmb_27776200,NYSEArca,EDT,1150983000000,67.51 - 69.01,67.51,State Street SPDR S&P Pharmaceuticals ETF,424905,-0.5,1789156800,700,us_market,67.51,69.01,0.122397214,-0.735186,,,PCX,74.35,45.8,0.47,0,XPH,,,,,,
Healthcare,healthcare,24,LABU,Direxion Daily S&P Biotech Bull 3X Shares,https://finance.yahoo.com/research-hub/screener/sec-ind_sec-top-etfs_healthcare/,2026-09-14T11:27:39+00:00,en-US,US,ETF,ETF,Delayed Quote,False,LOW,,,-13.43866,-64.3054,USD,600,,Direxion Daily S&P Biotech Bull,262.5,1.9700012,0.7528859,0.96,[],186.34999,2.4863243,74.95 - 341.93,-80.630005,-0.23580852,240.013,,,,86.41174,51.92706,51.92706,571163840.0,262.5,2,PRE,,,,282.1518,-20.851807,-0.07390279,202.49506,58.80493,,False,False,False,15,444979,305140,-14400000,266.0,True,265.0,262.26,273.29,America/New_York,1.2000122,finmb_295054277,NYSEArca,EDT,1432819800000,261.3 - 278.9613,261.3,Direxion Daily S&P Biotech Bull 3X Shares,226804,-4.70001,1789156800,100,us_market,261.3,278.9613,0.29040182,-1.76692,0.45924693,1789384167.0,PCX,341.93,74.95,0.34,0,LABU,,,,,,
Healthcare,healthcare,25,PJP,Invesco Pharmaceuticals ETF,https://finance.yahoo.com/research-hub/screener/sec-ind_sec-top-etfs_healthcare/,2026-09-14T11:27:39+00:00,en-US,US,ETF,ETF,Delayed Quote,False,LOW,0.84,24.348673,-2.22135,14.44747,USD,200,USD,Invesco Pharmaceuticals ETF,124.09,-0.646004,-0.517897,0.58,[],34.079994,0.37862453,90.01 - 131.68,-7.5899963,-0.057639707,36.497643,0.999,23.717926,0.008008915,22.54408,16.37699,16.37699,532488992.0,,2,PRE,5.2319074,6300000.0,96.831,124.0188,0.07119751,0.00057408644,111.1261,12.963898,1.2815111,False,False,False,15,39225,44940,-14400000,124.736,True,131.56,117.38,125.88,America/New_York,,finmb_22938365,NYSEArca,EDT,1119533400000,124.09 - 125.99,124.09,Invesco Pharmaceuticals ETF,26402,-0.646004,1789156799,200,us_market,124.09,125.99,0.11665934,-0.517897,,,PCX,131.68,90.01,0.84,0,PJP,,,,,,
Healthcare,healthcare,26,NFLT,Virtus Newfleet Multi-Sector Bond ETF,https://finance.yahoo.com/research-hub/screener/sec-ind_sec-top-etfs_healthcare/,2026-09-14T11:27:39+00:00,en-US,US,ETF,ETF,Delayed Quote,False,LOW,,,9.21947,1.58677,USD,1000,,Virtus Newfleet Multi-Sector Bo,22.558,-0.0219994,-0.0974285,0.5,[],0.0080013275,0.00035482607,22.55 - 23.35,-0.7919998,-0.033918623,-2.746284,0.0,,0.0,1.88503,0.15254,0.15254,487331392.0,,2,PRE,,,,22.796,-0.23799896,-0.010440383,22.96924,-0.41123962,,False,False,False,15,86941,99120,-14400000,22.58,True,23.63,21.54,22.55,America/New_York,,finmb_304205949,NYSEArca,EDT,1439299800000,22.55 - 22.6799,22.55,Virtus Newfleet Multi-Sector Bond ETF,80702,-0.0219994,1789156787,1300,us_market,22.558,22.6799,-0.017903928,-0.0974285,,,PCX,23.35,22.55,5.41,0,NFLT,,,,,,
Healthcare,healthcare,27,PBE,Invesco Biotechnology & Genome ETF,https://finance.yahoo.com/research-hub/screener/sec-ind_sec-top-etfs_healthcare/,2026-09-14T11:27:39+00:00,en-US,US,ETF,ETF,Delayed Quote,False,LOW,1.6,25.974026,3.67405,1.55426,USD,200,USD,Invesco Biotechnology & Genome ,92.91,-0.119995,-0.128985,0.59,[],25.220001,0.3725809,67.69 - 98.82,-5.909996,-0.05980567,33.491386,0.57,24.974094,0.0061270557,18.95239,16.38616,16.38616,470568832.0,,2,PRE,3.7202551,4550000.0,75.349,93.4018,-0.4917984,-0.005265406,84.62745,8.282555,1.2330623,False,False,False,15,27082,28110,-14400000,93.03,True,147.72,37.35,93.28,America/New_York,,finmb_22938466,NYSEArca,EDT,1119533400000,92.77 - 93.97,92.77,Invesco Biotechnology & Genome ETF,11397,-0.119995,1789156800,600,us_market,92.91,93.97,0.09787078,-0.128985,,,PCX,98.82,67.69,1.6,0,PBE,,,,,,
Healthcare,healthcare,28,BBH,VanEck Biotech ETF,https://finance.yahoo.com/research-hub/screener/sec-ind_sec-top-etfs_healthcare/,2026-09-14T11:27:39+00:00,en-US,US,ETF,ETF,Delayed Quote,False,LOW,0.4,25.335698,3.87797,11.76526,USD,2,,VanEck Biotech ETF,229.3922,1.6049957,0.70177555,0.35,[],68.48219,0.42559314,160.91 - 244.35,-14.957809,-0.06121469,38.671257,0.0,24.578415,0.0,24.89032,25.36743,25.36743,469367584.0,,2,PRE,9.333076,,,219.584,9.808197,0.044667177,198.01015,31.38205,,False,False,False,15,7841,15840,-14400000,228.705,True,210.68,210.43,229.475,America/New_York,,finmb_3588503,NasdaqGM,EDT,943367400000,229.3922 - 230.31,229.3922,VanEck Biotech ETF,2743,0.6871948,1789156800,2,us_market,229.3922,230.31,0.15848708,0.30047214,,,NGM,244.35,160.91,0.4,0,BBH,1513900800.0,,,,,
Healthcare,healthcare,29,PINK,Simplify Health Care ETF,https://finance.yahoo.com/research-hub/screener/sec-ind_sec-top-etfs_healthcare/,2026-09-14T11:27:39+00:00,en-US,US,ETF,ETF,Delayed Quote,False,LOW,0.64,29.334116,,,USD,300,,Simplify Health Care ETF,38.69,0.129997,0.33713,0.51,[],8.079998,0.26396596,30.61 - 40.63,-1.9400024,-0.04774803,25.862074,0.0,28.928709,0.0,7.64091,4.10805,4.10805,373686560.0,,2,PRE,1.3374257,,,39.47208,-0.7820816,-0.01981354,37.01299,1.6770096,,False,False,False,15,113058,78230,-14400000,38.56,True,40.43,36.74,38.84,America/New_York,,finmb_1679202900,NYSEArca,EDT,1633699800000,38.64 - 39.0551,38.64,Simplify Health Care ETF,83862,0.129997,1789156800,100,us_market,38.69,39.0551,0.045308676,0.33713,,,PCX,40.63,30.61,0.64,0,PINK,,,-0.35,-110.542854,,
Healthcare,healthcare,30,PSQO,Palmer Square Credit Opportunities ETF,https://finance.yahoo.com/research-hub/screener/sec-ind_sec-top-etfs_healthcare/,2026-09-14T11:27:39+00:00,en-US,US,ETF,ETF,Delayed Quote,False,LOW,,,,,USD,200,,Palmer Square Credit Opportunit,20.845,-0.00500107,-0.0239859,0.52,[],1.0849991,0.05490886,19.76 - 21.529,-0.684,-0.0317711,0.2886653,0.0,,0.0,3.02322,1.34366,1.34366,293885952.0,,2,PRE,,,,20.76884,0.07615852,0.0036669606,20.724955,0.12004471,,False,False,False,15,52617,37120,-14400000,20.85,True,21.83,19.9,20.86,America/New_York,,finmb_1879226427,NYSEArca,EDT,1726147800000,20.83 - 20.86,20.83,Palmer Square Credit Opportunities ETF,46634,-0.00500107,1789155945,4300,us_market,20.845,20.86,0.0057922783,-0.0239859,,,PCX,21.529,19.76,4.5,0,PSQO,,,,,,
Healthcare,healthcare,31,PTH,Invesco Dorsey Wright Healthcare Momentum ETF,https://finance.yahoo.com/research-hub/screener/sec-ind_sec-top-etfs_healthcare/,2026-09-14T11:27:39+00:00,en-US,US,ETF,ETF,Delayed Quote,False,LOW,0.0,26.184865147944485,-4.36692,-3.02177,USD,3,,Invesco Dorsey Wright Healthcar,60.7692,0.3199997,0.528663,0.6,[],21.409199,0.5439329,39.36 - 64.1,-3.330799,-0.051962547,52.420364,0.0,40.49519,0.0,22.20881,16.82692,16.82692,269747200.0,,2,PRE,1.5006523,,,60.4068,0.36240005,0.005999326,53.0993,7.669899,,False,False,False,15,59661,43070,-14400000,60.53,True,60.26,59.87,61.35,America/New_York,,finmb_29596930,NasdaqGM,EDT,1160659800000,60.7692 - 61.6399,60.7692,Invesco Dorsey Wright Healthcare Momentum ETF,17050,0.23920059,1789156800,3,us_market,60.7692,61.6399,0.14444445,0.39517695,,,NGM,64.1,39.36,2.51,0,PTH,1380499200.0,,,,,
Healthcare,healthcare,32,IDNA,iShares Genomics Immunology and Healthcare ETF,https://finance.yahoo.com/research-hub/screener/sec-ind_sec-top-etfs_healthcare/,2026-09-14T11:27:39+00:00,en-US,US,ETF,ETF,Delayed Quote,False,LOW,1.18,16.82935038707506,,,USD,100,,iShares Genomics Immunology and,38.06,0.18,0.475186,0.47,[],15.730001,0.70443356,22.33 - 41.49,-3.4300003,-0.082670525,68.780495,,24.456856,,50.31029,31.47616,31.47616,256700672.0,,2,PRE,1.5562099,,,35.69478,2.365223,0.06626243,30.702745,7.357256,,False,False,False,15,80395,144470,-14400000,37.88,True,0.0,0.0,38.22,America/New_York,,finmb_607153959,NYSEArca,EDT,1560519000000,38.01 - 38.25,38.01,iShares Genomics Immunology and Healthcare ETF,114361,0.18,1789156800,900,us_market,38.06,38.25,0.2396286,0.475186,,,PCX,41.49,22.33,0.72,0,IDNA,,,,,,
Healthcare,healthcare,33,SBIO,ALPS Medical Breakthroughs ETF,https://finance.yahoo.com/research-hub/screener/sec-ind_sec-top-etfs_healthcare/,2026-09-14T11:27:39+00:00,en-US,US,ETF,ETF,Nasdaq Real Time Price,False,LOW,,,8.18462,-17.54972,USD,2500,,ALPS Medical Breakthroughs ETF,63.29,-0.512299,-0.802947,0.5,[],27.86,0.7863393,35.43 - 70.85,-7.5599976,-0.10670427,77.34252,0.0,,0.0,30.3886,22.57521,22.57521,239980512.0,,2,PRE,,,,66.39954,-3.1095428,-0.046830785,55.982273,7.307728,,False,False,False,15,42443,31130,-14400000,63.8023,True,0.0,60.08,64.52,America/New_York,,finmb_275139748,NYSEArca,EDT,1420036200000,63.29 - 64.57,63.29,ALPS Medical Breakthroughs ETF,33659,-0.512299,1789156800,200,us_market,63.29,64.57,0.13053647,-0.802947,,,PCX,70.85,35.43,0.0,0,SBIO,,,,,,
Healthcare,healthcare,34,FIXT,TCW Core Plus Bond ETF,https://finance.yahoo.com/research-hub/screener/sec-ind_sec-top-etfs_healthcare/,2026-09-14T11:27:39+00:00,en-US,US,ETF,ETF,Delayed Quote,False,LOW,1.04,19.4325689856199,5.52524,-1.1661,USD,300,,TCW Core Plus Bond ETF,36.64,-0.0345001,-0.0940711,0.4,[],0.049999237,0.0013664727,36.59 - 39.35,-2.709999,-0.0688691,-5.756468,0.0,26.228828,0.0,-0.07566,-0.44534,-0.44534,229132688.0,,2,PRE,1.3969362,,,37.24394,-0.60393906,-0.016215768,37.84935,-1.2093506,,False,False,False,15,30537,40360,-14400000,36.6745,True,58.62,0.0,36.68,America/New_York,,finmb_1938806888,NYSE,EDT,1750080600000,36.59 - 36.77,36.59,TCW Core Plus Bond ETF,240394,-0.0345001,1789156895,900,us_market,36.64,36.77,-0.03195169,-0.0940711,,,NYQ,39.35,36.59,5.65,0,FIXT,,,,,,
Healthcare,healthcare,35,SLNZ,TCW Senior Loan ETF,https://finance.yahoo.com/research-hub/screener/sec-ind_sec-top-etfs_healthcare/,2026-09-14T11:27:39+00:00,en-US,US,ETF,ETF,Delayed Quote,False,LOW,,,,,USD,300,,TCW Senior Loan ETF,45.645,0.100002,0.219568,0.65,[],1.0649986,0.023889605,44.58 - 47.27,-1.625,-0.034376983,-2.7381182,0.0,,0.0,3.12185,1.56107,1.56107,222941184.0,,2,PRE,,,,45.69042,-0.045417786,-0.0009940331,45.745026,-0.10002518,,False,False,False,15,3682,1730,-14400000,45.545,True,48.63,42.6,45.7999,America/New_York,,finmb_240742560,NYSE,EDT,1732026600000,45.53 - 45.7999,45.53,TCW Senior Loan ETF,709,0.100002,1789149013,500,us_market,45.645,45.7999,-0.0021865803,0.219568,,,NYQ,47.27,44.58,7.42,0,SLNZ,,,,,,
Healthcare,healthcare,36,XHS,State Street SPDR S&P Health Care Services ETF,https://finance.yahoo.com/research-hub/screener/sec-ind_sec-top-etfs_healthcare/,2026-09-14T11:27:39+00:00,en-US,US,ETF,ETF,Delayed Quote,False,LOW,0.2,18.208303,5.12164,9.83001,USD,1900,,State Street SPDR S&P Health Ca,135.938,0.778,0.575614,0.35,[],38.768005,0.39897093,97.17 - 138.92,-2.9819946,-0.021465553,38.7851,0.0,18.504787,0.0,25.26925,16.79471,16.79471,212743856.0,,2,PRE,7.346099,,,134.982,0.9560089,0.007082492,116.25465,19.683357,,False,False,False,15,27545,15550,-14400000,135.16,True,0.0,0.0,136.23,America/New_York,,finmb_141049101,NYSEArca,EDT,1317303000000,135.605 - 137.22,135.605,State Street SPDR S&P Health Care Services ETF,7371,0.778,1789154262,300,us_market,135.938,137.22,0.16931243,0.575614,,,PCX,138.92,97.17,0.2,0,XHS,,,,,,
Healthcare,healthcare,37,CANC,Tema Oncology ETF,https://finance.yahoo.com/research-hub/screener/sec-ind_sec-top-etfs_healthcare/,2026-09-14T11:27:39+00:00,en-US,US,ETF,ETF,Nasdaq Real Time Price,False,LOW,0.06,21.78649237472767,,,USD,6,,Tema Oncology ETF,41.5285,-0.30999756,-0.74073493,0.75,[],14.908499,0.56004876,26.62 - 47.0,-5.4715004,-0.116414905,52.70822,0.0,26.121588,0.0,24.88617,13.70225,13.70225,211090240.0,,2,PRE,1.5898153,,,42.41032,-0.8818207,-0.020792596,38.20122,3.3272781,,False,False,False,15,32935,23680,-14400000,41.85,True,42.11,41.61,42.3,America/New_York,,finmb_1815862546,NasdaqGM,EDT,1692019800000,41.475 - 42.3,41.475,Tema Oncology ETF,28329,-0.32149887,1789156800,6,us_market,41.5285,42.3,0.08709874,-0.76821715,,,NGM,47.0,26.62,0.05,0,CANC,,2023-08-15,,,,
Healthcare,healthcare,38,PSCH,Invesco S&P SmallCap Health Care ETF,https://finance.yahoo.com/research-hub/screener/sec-ind_sec-top-etfs_healthcare/,2026-09-14T11:27:39+00:00,en-US,US,ETF,ETF,Delayed Quote,False,LOW,0.01,26.483051,-2.61753,5.61712,USD,2,,Invesco S&P SmallCap Health Car,53.15,-0.20000076,-0.3765075,0.29,[],13.871597,0.35495386,39.08 - 56.45,-3.4984016,-0.061973456,31.096804,0.0,25.697636,0.0,23.77058,20.89056,20.89056,183911968.0,53.15,2,PRE,2.060563,,,54.2464,-1.2947998,-0.023868863,46.95975,5.991848,,False,False,False,15,26219,14110,-14400000,53.12,True,54.44,53.94,53.8,America/New_York,0.23000336,finmb_100588930,NasdaqGM,EDT,1270647000000,52.92 - 53.8,52.92,Invesco S&P SmallCap Health Care ETF,5699,-0.16839981,1789156800,2,us_market,52.9516,53.8,0.1275954,-0.31701773,0.43462464,1789380463.0,NGM,56.45,39.08,0.01,0,PSCH,1483056000.0,,,,,
Healthcare,healthcare,39,MSMR,McElhenny Sheffield Managed Risk ETF,https://finance.yahoo.com/research-hub/screener/sec-ind_sec-top-etfs_healthcare/,2026-09-14T11:27:39+00:00,en-US,US,ETF,ETF,Delayed Quote,False,LOW,1.86,24.443901,,,USD,500,,McElhenny Sheffield Managed Ris,34.09,0.150002,0.441961,1.06,[],1.1500015,0.03491201,32.94 - 37.67,-3.579998,-0.09503579,3.0532002,0.0,24.191694,0.0,1.522,-6.75396,-6.75396,181699424.0,,2,PRE,1.4091613,,,34.74632,-0.65631866,-0.018888868,35.29478,-1.2047806,,False,False,False,15,16067,17410,-14400000,33.94,True,53.19,0.0,34.2,America/New_York,,finmb_1683192087,Cboe US,EDT,1637159400000,34.09 - 34.2,34.09,McElhenny Sheffield Managed Risk ETF,4001,0.150002,1789156790,600,us_market,34.09,34.2,-0.03413481,0.441961,,,BTS,37.67,32.94,1.86,0,MSMR,,,,,,
Healthcare,healthcare,40,CURE,Direxion Daily Healthcare Bull 3X Shares,https://finance.yahoo.com/research-hub/screener/sec-ind_sec-top-etfs_healthcare/,2026-09-14T11:27:39+00:00,en-US,US,ETF,ETF,Delayed Quote,False,LOW,0.94,30.469226,-9.75955,87.43447,USD,100,,Direxion Daily Healthcare Bull ,121.88,-0.959999,-0.781504,0.94,[],47.54,0.63949424,74.34 - 150.0,-28.120003,-0.18746668,53.520596,0.0,27.585716,0.0,21.44153,42.3086,42.3086,181514752.0,,2,PRE,4.4182286,,,126.5122,-4.632202,-0.036614668,108.9792,12.900795,,False,False,False,15,73977,55640,-14400000,122.84,True,126.68,123.78,125.15,America/New_York,,finmb_134270136,NYSEArca,EDT,1308144600000,121.5681 - 125.0,121.5681,Direxion Daily Healthcare Bull 3X Shares,38450,-0.959999,1789156800,100,us_market,121.88,125.0,0.118378505,-0.781504,,,PCX,150.0,74.34,0.94,0,CURE,,,,,,
Healthcare,healthcare,41,GTOQ,Invesco High Yield Systematic Bond ETF,https://finance.yahoo.com/research-hub/screener/sec-ind_sec-top-etfs_healthcare/,2026-09-14T11:27:39+00:00,en-US,US,ETF,ETF,Delayed Quote,False,LOW,,,,,USD,2,,Invesco High Yield Systematic B,22.1023,-0.009899139,-0.044752188,0.39,[],0.2623005,0.012010096,21.84 - 23.01,-0.9076996,-0.03944805,-3.6109924,0.0,,0.0,2.9474,1.1727,1.1727,180987072.0,,2,PRE,,,,22.28718,-0.1848793,-0.008295321,22.42317,-0.32086945,,False,False,False,15,21706,17160,-14400000,22.1199,True,28.59,16.07,22.15,America/New_York,,finmb_649835652,NasdaqGM,EDT,1607351400000,22.1 - 22.15,22.1,Invesco High Yield Systematic Bond ETF,11948,-0.017599106,1789156800,2,us_market,22.1023,22.15,-0.014309728,-0.07956232,,,NGM,23.01,21.84,6.92,0,GTOQ,,,,,,
Healthcare,healthcare,42,XHE,State Street SPDR S&P Health Care Equipment ETF,https://finance.yahoo.com/research-hub/screener/sec-ind_sec-top-etfs_healthcare/,2026-09-14T11:27:39+00:00,en-US,US,ETF,ETF,Delayed Quote,False,LOW,0.05,28.901734,-5.97071,3.18509,USD,700,,State Street SPDR S&P Health Ca,90.0146,0.488304,0.545431,0.35,[],14.014603,0.18440266,76.0 - 97.65,-7.635399,-0.07819149,12.189949,,27.38503,,7.91831,19.56621,19.56621,180695152.0,,2,PRE,3.2870002,,,91.4044,-1.389801,-0.015204968,85.96025,4.054352,,False,False,False,15,23637,17800,-14400000,89.5263,True,0.0,0.0,90.43,America/New_York,,finmb_118789343,NYSEArca,EDT,1296138600000,89.395 - 90.015,89.395,State Street SPDR S&P Health Care Equipment ETF,9964,0.488304,1789156096,700,us_market,90.0146,90.015,0.047165424,0.545431,,,PCX,97.65,76.0,0.05,0,XHE,,,,,,
Healthcare,healthcare,43,LDSF,First Trust Low Duration Strategic Focus ETF,https://finance.yahoo.com/research-hub/screener/sec-ind_sec-top-etfs_healthcare/,2026-09-14T11:27:39+00:00,en-US,US,ETF,ETF,Nasdaq Real Time Price,False,LOW,3.8,12.03079884504331,6.60596,-0.32738,USD,10,,First Trust Low Duration Strate,18.7,0.0031013489,0.01657589,0.77,[],0.009000778,0.0004815568,18.691 - 19.59,-0.8899994,-0.045431312,-2.6143134,0.0,,0.0,1.3444,0.44033,0.44033,164638416.0,,2,PRE,,,,18.84518,-0.14517975,-0.0077038133,19.001015,-0.30101395,,False,False,False,15,26101,21720,-14400000,18.71,True,18.9,18.84,18.7273,America/New_York,,finmb_578353227,NasdaqGM,EDT,1546957800000,18.6913 - 18.74,18.6913,First Trust Low Duration Strategic Focus ETF,4113,-0.0099983215,1789156800,10,us_market,18.7,18.74,-0.015841993,-0.053438388,,,NGM,19.59,18.691,4.69,0,LDSF,1548892800.0,,,,,
Healthcare,healthcare,44,FSYD,Fidelity Sustainable High Yield ETF,https://finance.yahoo.com/research-hub/screener/sec-ind_sec-top-etfs_healthcare/,2026-09-14T11:27:39+00:00,en-US,US,ETF,ETF,Nasdaq Real Time Price,False,LOW,6.35,19.00057001710051,,,USD,100,,Fidelity Sustainable High Yield,47.845,0.0200005,0.0418201,0.55,[],0.625,0.013235916,47.22 - 49.16,-1.3149986,-0.026749361,-2.0091772,0.0,18.636374,0.0,3.87024,0.43093,0.43093,145602000.0,,2,PRE,2.5672913,,,48.39828,-0.5532799,-0.011431809,48.58596,-0.74095917,,False,False,False,15,24706,26170,-14400000,47.825,True,49.99,45.42,47.97,America/New_York,,finmb_1762380382,NYSEArca,EDT,1645108200000,47.845 - 47.9466,47.845,Fidelity Sustainable High Yield ETF,18295,0.0200005,1789156699,100,us_market,47.845,47.9466,-0.015250479,0.0418201,,,PCX,49.16,47.22,6.3,0,FSYD,,,,,,
Healthcare,healthcare,45,LFSC,F/m Emerald Life Sciences Innovation ETF,https://finance.yahoo.com/research-hub/screener/sec-ind_sec-top-etfs_healthcare/,2026-09-14T11:27:39+00:00,en-US,US,ETF,ETF,Nasdaq Real Time Price,False,LOW,,,,,USD,2,,F/m Emerald Life Sciences Innov,45.3275,0.57500076,1.2652674,0.54,[],17.6575,0.638146,27.67 - 48.78,-3.4524994,-0.07077695,63.76314,0.0,,0.0,25.10489,16.26866,16.26866,126274720.0,,2,PRE,,,,46.35202,-1.0245209,-0.022103047,39.587093,5.740406,,False,False,False,15,4591,2720,-14400000,45.445,True,47.58,47.25,46.37,America/New_York,,finmb_1897949216,NasdaqGM,EDT,1730381400000,45.3275 - 46.37,45.3275,F/m Emerald Life Sciences Innovation ETF,1065,-0.117500305,1789156800,2,us_market,45.3275,46.37,0.14500701,-0.25855497,,,NGM,48.78,27.67,0.0,0,LFSC,,2024-10-31,,,,
Healthcare,healthcare,46,MJ,Amplify Alternative Harvest ETF,https://finance.yahoo.com/research-hub/screener/sec-ind_sec-top-etfs_healthcare/,2026-09-14T11:27:39+00:00,en-US,US,ETF,ETF,Delayed Quote,False,LOW,,,-11.43279,-21.74772,USD,300,,ETFMG Alternative Harvest ETF,25.3748,-0.322701,-1.25577,0.75,[],4.3248005,0.20545371,21.05 - 46.75,-21.3752,-0.45722353,-18.669874,0.0,,0.0,-10.20953,-0.69477,-0.69477,117986064.0,,2,PRE,,,,24.5574,0.8174,0.033285283,26.27744,-0.9026394,,False,False,False,15,37875,44560,-14400000,25.6975,True,0.0,0.0,25.88,America/New_York,,finmb_310520628,NYSEArca,EDT,1449153000000,25.295 - 25.9222,25.295,Amplify Alternative Harvest ETF,22824,-0.322701,1789156044,100,us_market,25.3748,25.9222,-0.034350354,-1.25577,,,PCX,46.75,21.05,2.21,0,MJ,1529539200.0,,,,,
Healthcare,healthcare,47,BBP,Virtus LifeSci Biotech Products ETF,https://finance.yahoo.com/research-hub/screener/sec-ind_sec-top-etfs_healthcare/,2026-09-14T11:27:39+00:00,en-US,US,ETF,ETF,Delayed Quote,False,LOW,,,17.43969,-8.23655,USD,200,,Virtus Biotech ETF,103.46,-0.0142975,-0.0138175,0.34,[],35.414,0.52044207,68.046 - 110.05,-6.590004,-0.059881907,50.133503,0.0,,0.0,33.08977,22.61634,22.61634,116767432.0,,2,PRE,,,,101.7385,1.7214966,0.016920798,88.254,15.206001,,False,False,False,15,9650,8210,-14400000,103.474,True,164.5,0.0,104.48,America/New_York,,finmb_274653437,NYSEArca,EDT,1418826600000,103.4597 - 104.118,103.4597,Virtus LifeSci Biotech Products ETF,8263,-0.0142975,1789156583,200,us_market,103.46,104.118,0.17229816,-0.0138175,,,PCX,110.05,68.046,0.0,0,BBP,1514332800.0,,,,,
Healthcare,healthcare,48,KURE,KraneShares MSCI All China Health Care Index ETF,https://finance.yahoo.com/research-hub/screener/sec-ind_sec-top-etfs_healthcare/,2026-09-14T11:27:39+00:00,en-US,US,ETF,ETF,Delayed Quote,False,LOW,3.86,23.137436,-17.30863,-15.85689,USD,500,,KraneShares MSCI All China Heal,17.74,-0.0599995,-0.337076,0.65,[],3.3599997,0.23365784,14.38 - 21.5,-3.7600002,-0.17488374,-15.684408,0.0,22.162966,0.0,7.92541,14.81711,14.81711,109251376.0,,2,PRE,0.80043435,,,17.94378,-0.20378113,-0.011356643,17.46335,0.27664948,,False,False,False,15,64779,41550,-14400000,17.8,True,19.43,17.81,17.89,America/New_York,,finmb_546573856,NYSEArca,EDT,1517495400000,17.6 - 17.9299,17.6,KraneShares MSCI All China Health Care Index ETF,28677,-0.0599995,1789156798,100,us_market,17.74,17.9299,0.015841719,-0.337076,,,PCX,21.5,14.38,3.86,0,KURE,,,,,,
Healthcare,healthcare,49,BIB,ProShares Ultra Nasdaq Biotechnology,https://finance.yahoo.com/research-hub/screener/sec-ind_sec-top-etfs_healthcare/,2026-09-14T11:27:39+00:00,en-US,US,ETF,ETF,Delayed Quote,False,LOW,0.77,22.593764121102577,-1.27935,-5.91113,USD,1,,ProShares Ultra Nasdaq Biotechn,109.7741,0.97730255,0.8925137,0.95,[],54.4341,0.9836303,55.34 - 126.4,-16.6259,-0.13153403,94.07709,0.0,31.088354,0.0,46.06489,37.60266,37.60266,101351688.0,,2,PRE,3.5310361,,,108.3938,1.3803024,0.012734146,89.48505,20.289055,,False,False,False,15,12866,11370,-14400000,109.5,True,105.06,98.19,110.185,America/New_York,,finmb_100661718,NasdaqGM,EDT,1270819800000,109.7741 - 110.76,109.7741,ProShares Ultra Nasdaq Biotechnology,14695,0.27410126,1789156800,1,us_market,109.7741,110.76,0.22673123,0.2503208,,,NGM,126.4,55.34,0.28,0,BIB,1285632000.0,,,,,
Healthcare,healthcare,50,IBBQ,Invesco Nasdaq Biotechnology ETF,https://finance.yahoo.com/research-hub/screener/sec-ind_sec-top-etfs_healthcare/,2026-09-14T11:27:39+00:00,en-US,US,ETF,ETF,Delayed Quote,False,LOW,0.8,23.685457,,,USD,2,,Invesco Nasdaq Biotechnology ET,34.472,0.030002594,0.08711555,0.19,[],11.052,0.47190437,23.42 - 36.84,-2.368,-0.06427796,45.39013,0.0,25.45153,0.0,25.17815,19.01967,19.01967,96311824.0,,2,PRE,1.3544176,,,34.0361,0.43590164,0.012807039,30.460365,4.011635,,False,False,False,15,29406,23420,-14400000,34.44,True,42.41,23.57,34.93,America/New_York,,finmb_713970250,NasdaqGM,EDT,1623418200000,34.46 - 34.93,34.46,Invesco Nasdaq Biotechnology ETF,17358,0.032001495,1789156800,2,us_market,34.472,34.93,0.13170016,0.09291956,,,NGM,36.84,23.42,0.72,0,IBBQ,,2021-06-11,,,,
Healthcare,healthcare,51,RXL,ProShares Ultra Health Care,https://finance.yahoo.com/research-hub/screener/sec-ind_sec-top-etfs_healthcare/,2026-09-14T11:27:39+00:00,en-US,US,ETF,ETF,Delayed Quote,False,LOW,1.18,30.469226,-3.19276,47.8263,USD,300,,ProShares Ultra Health Care,56.431,-0.159,-0.280969,0.95,[],17.111,0.43517295,39.32 - 64.6,-8.168999,-0.1264551,37.265873,0.0,28.59776,0.0,16.82147,28.07073,28.07073,95596952.0,,2,PRE,1.9732665,,,57.532,-1.1010017,-0.019137206,51.4759,4.955101,,False,False,False,15,15991,24780,-14400000,56.59,True,58.66,0.0,57.2,America/New_York,,finmb_32431717,NYSEArca,EDT,1170340200000,56.4201 - 57.0,56.4201,ProShares Ultra Health Care,3940,-0.159,1789154299,200,us_market,56.431,57.0,0.0962606,-0.280969,,,PCX,64.6,39.32,1.18,0,RXL,,,,,,
Healthcare,healthcare,52,AGNG,Global X Aging Population ETF,https://finance.yahoo.com/research-hub/screener/sec-ind_sec-top-etfs_healthcare/,2026-09-14T11:27:39+00:00,en-US,US,ETF,ETF,Delayed Quote,False,LOW,0.86,25.510204,9.71289,3.62589,USD,2,,Global X Aging Population ETF,36.5894,-0.01499939,-0.040898133,0.5,[],4.1494026,0.12791008,32.44 - 39.48,-2.8905983,-0.07321677,9.449601,,24.550318,,6.59628,8.72092,8.72092,93916448.0,,2,PRE,1.490384,,,37.54038,-0.9509773,-0.02533212,36.45475,0.13465118,,False,False,False,15,12914,7570,-14400000,36.675,True,47.89,26.85,36.805,America/New_York,,finmb_329349475,NasdaqGM,EDT,1462887000000,36.53 - 36.805,36.53,Global X Aging Population ETF,8291,-0.08559799,1789156800,2,us_market,36.5894,36.805,0.0036936526,-0.23339602,,,NGM,39.48,32.44,0.86,0,AGNG,,,,,,
Healthcare,healthcare,53,GNOM,Global X Genomics & Biotechnology ETF,https://finance.yahoo.com/research-hub/screener/sec-ind_sec-top-etfs_healthcare/,2026-09-14T11:27:39+00:00,en-US,US,ETF,ETF,Delayed Quote,False,LOW,,,-8.60979,-15.99639,USD,3,,Global X Genomics & Biotechnolo,62.0,0.25999832,0.41955513,0.5,[],26.0938,0.7223197,36.125 - 68.0,-5.7812004,-0.08501765,71.354996,,,,41.79977,30.16653,30.16653,91900472.0,62.0,2,PRE,,,,59.36436,2.8544388,0.048083376,50.06847,12.15033,,False,False,False,15,33853,43400,-14400000,61.97,True,56.47,55.77,62.57,America/New_York,-0.22999954,finmb_605753422,NasdaqGM,EDT,1554903000000,62.2188 - 62.82,62.2188,Global X Genomics & Biotechnology ETF,17605,0.24879837,1789156800,3,us_market,62.2188,62.82,0.24267428,0.40148193,-0.36959592,1789383610.0,NGM,68.0,36.125,1.01,0,GNOM,,,,,,
Healthcare,healthcare,54,SURI,Simplify Propel Opportunities ETF,https://finance.yahoo.com/research-hub/screener/sec-ind_sec-top-etfs_healthcare/,2026-09-14T11:27:39+00:00,en-US,US,ETF,ETF,Delayed Quote,False,LOW,13.49,40.899796,,,USD,300,,Simplify Propel Opportunities E,19.21,-0.0695,-0.360486,2.56,[],4.3099995,0.28926173,14.9 - 21.31,-2.1000004,-0.098545305,22.278797,0.0,38.974598,0.0,30.28091,19.37075,19.37075,86884704.0,,2,PRE,0.4928851,,,18.86024,0.34975815,0.018544734,17.51481,1.6951885,,False,False,False,15,3309,3230,-14400000,19.2795,True,0.0,0.0,19.13,America/New_York,,finmb_1803860914,NYSEArca,EDT,1676039400000,19.11 - 19.3999,19.11,Simplify Propel Opportunities ETF,4495,-0.0695,1789156794,400,us_market,19.21,19.3999,0.09678601,-0.360486,,,PCX,21.31,14.9,13.49,0,SURI,,,,,,
Healthcare,healthcare,55,CNBS,Amplify Seymour Cannabis ETF,https://finance.yahoo.com/research-hub/screener/sec-ind_sec-top-etfs_healthcare/,2026-09-14T11:27:39+00:00,en-US,US,ETF,ETF,Delayed Quote,False,LOW,69.86,11.531365313653136,,,USD,4600,,Amplify Seymour Cannabis ETF,27.7926,-0.3575,-1.26998,0.76,[],9.3626,0.5080087,18.43 - 43.94,-16.147398,-0.36748746,8.876872,0.0,20.8695,0.0,1.243,-1.25839,-1.25839,81444264.0,,2,PRE,1.331733,,,26.8818,0.91080093,0.033881694,26.45831,1.3342915,,False,False,False,15,5312,6540,-14400000,28.1501,True,44.19,0.0,28.43,America/New_York,,finmb_612263392,NYSEArca,EDT,1563888600000,27.68 - 28.23,27.68,Amplify Seymour Cannabis ETF,16354,-0.3575,1789156491,100,us_market,27.7926,28.23,0.05042996,-1.26998,,,PCX,43.94,18.43,0.0,0,CNBS,,,,,,
Healthcare,healthcare,56,HTEC,Robo Global Healthcare Technology and Innovation ETF,https://finance.yahoo.com/research-hub/screener/sec-ind_sec-top-etfs_healthcare/,2026-09-14T11:27:39+00:00,en-US,US,ETF,ETF,Delayed Quote,False,LOW,0.82,27.578599,,,USD,100,,Robo Global Healthcare Technolo,40.734,0.314003,0.776851,0.68,[],10.984001,0.36921012,29.75 - 43.78,-3.0459976,-0.06957509,33.71631,0.0,26.445072,0.0,19.83075,21.7192,21.7192,76471336.0,,2,PRE,1.5403248,,,40.17468,0.55932236,0.013922261,36.277996,4.456005,,False,False,False,15,27433,18150,-14400000,40.42,True,0.0,0.0,41.03,America/New_York,,finmb_612287202,NYSEArca,EDT,1561469400000,40.65 - 40.79,40.65,Robo Global Healthcare Technology and Innovation ETF,40944,0.314003,1789156494,400,us_market,40.734,40.79,0.122829415,0.776851,,,PCX,43.78,29.75,0.82,0,HTEC,,,,,,
Healthcare,healthcare,57,OZEM,Roundhill Glp-1 & Weight Loss ETF,https://finance.yahoo.com/research-hub/screener/sec-ind_sec-top-etfs_healthcare/,2026-09-14T11:27:39+00:00,en-US,US,ETF,ETF,Delayed Quote,False,LOW,1.24,17.758835,,,USD,2,,Roundhill GLP-1 & Weight Loss E,30.88,-0.30999947,-0.98537666,0.59,[],5.3335,0.20672481,25.8 - 37.15,-6.0165024,-0.1619516,20.67442,0.0,16.818344,0.0,-3.40036,3.77518,3.77518,63573852.0,30.88,2,PRE,1.8511631,,,32.98638,-1.8528824,-0.05617113,32.835724,-1.7022247,,False,False,False,15,21782,19090,-14400000,31.46,True,41.71,23.33,31.38,America/New_York,-0.27000046,finmb_1876551011,NasdaqGM,EDT,1716298200000,31.1335 - 31.438,31.1335,Roundhill Glp-1 & Weight Loss ETF,8699,-0.32649994,1789156800,2,us_market,31.1335,31.438,-0.051840633,-1.0378256,-0.86677516,1789373214.0,NGM,37.15,25.8,1.24,0,OZEM,,2024-05-21,,,,
Healthcare,healthcare,58,PSIL,AdvisorShares Psychedelics ETF,https://finance.yahoo.com/research-hub/screener/sec-ind_sec-top-etfs_healthcare/,2026-09-14T11:27:39+00:00,en-US,US,ETF,ETF,Delayed Quote,False,LOW,,,,,USD,200,,AdvisorShares Psychedelics ETF,24.02,0.0681992,0.27611,1.0,[],9.1332,0.5841509,15.635 - 27.018,-2.2497997,-0.0832704,40.249146,0.0,,0.0,43.42791,14.7503,14.7503,55609064.0,24.02,2,PRE,,,,24.56652,0.20167923,0.008209515,20.044624,4.7235756,,False,False,False,15,43877,38390,-14400000,24.7,True,0.0,0.0,25.01,America/New_York,-0.74819946,finmb_1674017254,NYSEArca,EDT,1631799000000,24.73 - 25.065,24.73,AdvisorShares Psychedelics ETF,23865,0.0681992,1789155200,100,us_market,24.7682,25.065,0.23565298,0.27611,-3.0208068,1789383618.0,PCX,27.018,15.635,6.88,0,PSIL,,,,,,
Healthcare,healthcare,59,HRTS,Tema Heart & Health ETF,https://finance.yahoo.com/research-hub/screener/sec-ind_sec-top-etfs_healthcare/,2026-09-14T11:27:39+00:00,en-US,US,ETF,ETF,Delayed Quote,False,LOW,1.27,24.666996,,,USD,2,,Tema Heart & Health ETF,36.0269,-0.1324997,-0.36571717,0.75,[],6.4869003,0.21959716,29.54 - 38.865,-2.8381004,-0.07302458,19.492542,0.0,23.647879,0.0,5.63116,8.54714,8.54714,55606348.0,,2,PRE,1.5234729,,,37.13642,-1.10952,-0.029876867,35.331646,0.6952553,,False,False,False,15,5080,2870,-14400000,36.2301,True,47.47,26.28,36.44,America/New_York,,finmb_1859892661,NasdaqGM,EDT,1700577000000,36.0 - 36.44,36.0,Tema Heart & Health ETF,1094,-0.20319748,1789156800,1,us_market,36.0269,36.44,0.019677976,-0.5608527,,,NGM,38.865,29.54,1.27,0,HRTS,,2023-11-21,,,,
Healthcare,healthcare,60,FMED,Fidelity Disruptive Medicine ETF,https://finance.yahoo.com/research-hub/screener/sec-ind_sec-top-etfs_healthcare/,2026-09-14T11:27:39+00:00,en-US,US,ETF,ETF,Nasdaq Real Time Price,False,LOW,0.0,40.502228,,,USD,2,,Fidelity Disruptive Medicine ET,31.0,0.09499931,0.3073914,0.5,[],7.5200005,0.3202726,23.48 - 32.888,-1.8880005,-0.05740697,27.127338,0.0,43.935658,0.0,17.15243,25.78291,25.78291,51541304.0,,2,PRE,0.70557725,,,30.1467,0.8533001,0.028304925,27.081594,3.9184055,,False,False,False,15,6722,5720,-14400000,30.905,True,28.87,20.72,31.17,America/New_York,,finmb_647865790,NasdaqGM,EDT,1686576600000,30.99 - 31.18,30.99,Fidelity Disruptive Medicine ETF,4172,0.09499931,1789156801,1,us_market,31.0,31.18,0.14468887,0.3073914,,,NGM,32.888,23.48,0.0,0,FMED,,2023-06-12,,,,
Healthcare,healthcare,61,BBC,Virtus LifeSci Biotech Clinical Trials ETF,https://finance.yahoo.com/research-hub/screener/sec-ind_sec-top-etfs_healthcare/,2026-09-14T11:27:39+00:00,en-US,US,ETF,ETF,Delayed Quote,False,LOW,,,-1.63898,-22.34784,USD,300,,Virtus Biotech Clinical Trials ,49.3848,-0.5252,-1.05229,0.65,[],25.5748,1.0741202,23.81 - 56.18,-6.7952003,-0.12095408,105.77083,0.0,,0.0,36.9316,18.68737,18.68737,50319076.0,,2,PRE,,,,52.19602,-2.8112183,-0.053858865,44.643246,4.7415543,,False,False,False,15,22704,15810,-14400000,49.91,True,0.0,0.0,50.72,America/New_York,,finmb_274653436,NYSEArca,EDT,1418826600000,49.3 - 49.73,49.3,Virtus LifeSci Biotech Clinical Trials ETF,42750,-0.5252,1789156632,300,us_market,49.3848,49.73,0.10620989,-1.05229,,,PCX,56.18,23.81,1.24,0,BBC,1514332800.0,,,,,
Healthcare,healthcare,62,MEDI,Harbor Health Care ETF,https://finance.yahoo.com/research-hub/screener/sec-ind_sec-top-etfs_healthcare/,2026-09-14T11:27:39+00:00,en-US,US,ETF,ETF,Delayed Quote,False,LOW,0.04,29.647198,,,USD,100,,Harbor Health Care ETF,33.3782,-0.00310135,-0.00929068,0.8,[],5.8782005,0.21375275,27.5 - 35.605,-2.226799,-0.06254175,18.563509,0.0,29.182251,0.0,8.79067,10.52837,10.52837,43601392.0,,2,PRE,1.1437843,,,33.88616,-0.5079613,-0.014990227,31.667025,1.7111759,,False,False,False,15,4000,3730,-14400000,33.3813,True,52.08,0.0,33.89,America/New_York,,finmb_1797262633,NYSEArca,EDT,1668695400000,33.3782 - 33.89,33.3782,Harbor Health Care ETF,3921,-0.00310135,1789156200,3300,us_market,33.3782,33.89,0.054036524,-0.00929068,,,PCX,35.605,27.5,0.04,0,MEDI,,,,,,
Healthcare,healthcare,63,MUSE,TCW Multisector Credit Income ETF,https://finance.yahoo.com/research-hub/screener/sec-ind_sec-top-etfs_healthcare/,2026-09-14T11:27:39+00:00,en-US,US,ETF,ETF,Delayed Quote,False,LOW,,,,,USD,200,,TCW Multisector Credit Income E,49.55,-0.0499992,-0.100805,0.56,[],0.7799988,0.015993413,48.77 - 50.99,-1.4400024,-0.028240878,-2.6713789,0.0,,0.0,3.46298,1.14918,1.14918,38750112.0,,2,PRE,,,,49.55794,-0.0079422,-0.00016026088,49.819344,-0.26934433,,False,False,False,15,848,3930,-14400000,49.6,True,77.32,0.0,49.55,America/New_York,,finmb_1885828423,NYSE,EDT,1732026600000,49.55 - 49.55,49.55,TCW Multisector Credit Income ETF,1455,-0.0499992,1789155382,300,us_market,49.55,49.55,-0.0054064207,-0.100805,,,NYQ,50.99,48.77,7.77,0,MUSE,,,,,,
Healthcare,healthcare,64,YOLO,AdvisorShares Pure Cannabis ETF,https://finance.yahoo.com/research-hub/screener/sec-ind_sec-top-etfs_healthcare/,2026-09-14T11:27:39+00:00,en-US,US,ETF,ETF,Delayed Quote,False,LOW,,,,,USD,100,,AdvisorShares Pure Cannabis ETF,2.945,-0.0975001,-3.2046,0.51,[],0.5549998,0.23221749,2.39 - 4.526,-1.5810001,-0.34931508,-4.071659,0.0,,0.0,-5.7129,0.67202,0.67202,35694036.0,,4,PRE,,,,2.79866,0.1463399,0.05228927,2.957935,-0.012935162,,False,False,False,15,32922,34130,-14400000,3.0425,True,0.0,0.0,2.98,America/New_York,,finmb_607810843,NYSEArca,EDT,1555594200000,2.9 - 3.06,2.9,AdvisorShares Pure Cannabis ETF,118827,-0.0975001,1789154749,100,us_market,2.945,3.06,-0.0043730377,-3.2046,,,PCX,4.526,2.39,0.0,0,YOLO,,,,,,
Healthcare,healthcare,65,NVOX,Defiance Daily Target 2X Long NVO ETF,https://finance.yahoo.com/research-hub/screener/sec-ind_sec-top-etfs_healthcare/,2026-09-14T11:27:39+00:00,en-US,US,ETF,ETF,Delayed Quote,False,LOW,,,,,USD,11300,,Defiance Daily Target 2X Long N,12.657,0.2699995,2.180933,1.31,[],3.1600008,0.34236196,9.23 - 36.0,-23.61,-0.65583336,-56.979168,0.0,60.716614,0.0,-36.66289,-7.24135,-7.24135,35309956.0,12.657,2,PRE,0.20406277,,,15.4453,-3.0552998,-0.19781421,16.4161,-4.026099,,False,False,False,15,377179,307330,-14400000,12.98,True,12.51,0.0,12.48,America/New_York,0.26699924,finmb_1878723759,NYSEArca,EDT,1733236200000,12.195 - 12.61,12.195,Defiance Daily Target 2X Long NVO ETF,371643,-0.589999,1789156799,5100,us_market,12.39,12.61,-0.2452531,-4.54545,2.1549575,1789384153.0,PCX,36.0,9.23,0.0,0,NVOX,,,,,,
Healthcare,healthcare,66,FOPC,Frontier Asset Opportunistic Credit ETF,https://finance.yahoo.com/research-hub/screener/sec-ind_sec-top-etfs_healthcare/,2026-09-14T11:27:39+00:00,en-US,US,ETF,ETF,Delayed Quote,False,LOW,,,,,USD,3200,,Frontier Asset Opportunistic Cr,24.94,-0.039999,-0.160124,0.87,[],0.010000229,0.00040113233,24.93 - 26.2,-1.2600002,-0.04809161,-4.301447,0.0,31.713333,0.0,0.19766,-0.49162,-0.49162,33014240.0,,2,PRE,0.78642005,,,25.21352,-0.27351952,-0.010848129,25.5298,-0.5897999,,False,False,False,15,2200,2250,-14400000,24.98,True,0.0,0.0,25.0,America/New_York,,finmb_1900657966,NYSEArca,EDT,1734705000000,24.93 - 24.9799,24.93,Frontier Asset Opportunistic Credit ETF,4575,-0.039999,1789156800,100,us_market,24.94,24.9799,-0.023102408,-0.160124,,,PCX,26.2,24.93,4.23,0,FOPC,,,,,,
Healthcare,healthcare,67,TMED,T. Rowe Price Health Care ETF,https://finance.yahoo.com/research-hub/screener/sec-ind_sec-top-etfs_healthcare/,2026-09-14T11:27:39+00:00,en-US,US,ETF,ETF,Delayed Quote,False,LOW,0.46,32.425422,,,USD,2,,T. Rowe Price Health Care ETF,33.7986,-0.13000107,-0.38235608,0.44,[],8.208599,0.3207737,25.59 - 36.72,-2.921402,-0.07955887,31.79567,0.0,30.902365,0.0,19.30593,11.87994,11.87994,31871624.0,,2,PRE,1.0937221,,,34.97948,-1.1808815,-0.033759262,31.395205,2.4033947,,False,False,False,15,7991,8470,-14400000,34.0,True,44.19,24.92,33.9,America/New_York,,finmb_1931382524,NasdaqGM,EDT,1749735000000,33.7986 - 33.96,33.7986,T. Rowe Price Health Care ETF,18420,-0.20140076,1789156800,2,us_market,33.7986,33.96,0.07655292,-0.59235513,,,NGM,36.72,25.59,0.46,0,TMED,,2025-06-12,,,,
Healthcare,healthcare,68,HELX,Franklin Genomic Advancements ETF,https://finance.yahoo.com/research-hub/screener/sec-ind_sec-top-etfs_healthcare/,2026-09-14T11:27:39+00:00,en-US,US,ETF,ETF,Delayed Quote,False,LOW,0.43,28.184893,,,USD,600,,Franklin Genomic Advancements E,40.9874,-0.0439987,-0.107232,0.5,[],11.187401,0.37541613,29.8 - 43.509,-2.5215988,-0.057955798,35.37786,0.0,34.58759,0.0,15.91212,18.77462,18.77462,31542584.0,,2,PRE,1.185032,,,40.76216,0.2252388,0.0055256835,36.60493,4.382469,,False,False,False,15,2720,1280,-14400000,41.0314,True,0.0,0.0,41.11,America/New_York,,finmb_641524305,Cboe US,EDT,1582813800000,40.9874 - 41.11,40.9874,Franklin Genomic Advancements ETF,367,-0.0439987,1789155318,600,us_market,40.9874,41.11,0.11972347,-0.107232,,,BTS,43.509,29.8,0.34,0,HELX,,,,,,
Healthcare,healthcare,69,HEAL,Global X HealthTech ETF,https://finance.yahoo.com/research-hub/screener/sec-ind_sec-top-etfs_healthcare/,2026-09-14T11:27:39+00:00,en-US,US,ETF,ETF,Delayed Quote,False,LOW,0.24,28.034763,,,USD,2,,Global X HealthTech ETF,28.39,-0.10499954,-0.36887243,0.5,[],5.3899994,0.2343478,23.0 - 33.59,-5.200001,-0.154808,-12.173242,,26.762169,,1.57104,18.72255,18.72255,31219752.0,,2,PRE,1.0608258,,,28.53836,-0.1483612,-0.005198659,27.393215,0.9967842,,False,False,False,15,8419,3200,-14400000,28.465,True,35.85,19.93,28.395,America/New_York,,finmb_674482665,NasdaqGM,EDT,1596115800000,28.29 - 28.462,28.29,Global X HealthTech ETF,2746,-0.07500076,1789156800,2,us_market,28.39,28.462,0.036387995,-0.26348415,,,NGM,33.59,23.0,0.24,0,HEAL,,,,,,
Healthcare,healthcare,70,HYBX,TCW High Yield Bond ETF,https://finance.yahoo.com/research-hub/screener/sec-ind_sec-top-etfs_healthcare/,2026-09-14T11:27:39+00:00,en-US,US,ETF,ETF,Delayed Quote,False,LOW,,,,,USD,400,,TCW High Yield Bond ETF,29.39,0.0100002,0.0340375,0.5,[],0.13999939,0.0047863037,29.25 - 30.937,-1.5470009,-0.050004877,-4.0796337,0.0,,0.0,3.06968,1.05301,1.05301,28941182.0,,2,PRE,,,,29.58244,-0.19244003,-0.006505212,29.852665,-0.46266556,,False,False,False,15,2804,2670,-14400000,29.38,True,32.49,26.49,29.32,America/New_York,,finmb_33210848,NYSE,EDT,1732026600000,29.32 - 29.405,29.32,TCW High Yield Bond ETF,15049,0.0100002,1789156802,600,us_market,29.39,29.405,-0.0154983,0.0340375,,,NYQ,30.937,29.25,7.9,0,HYBX,,,,,,
Healthcare,healthcare,71,PILL,Direxion Daily Pharmaceutical & Medical Bull 3X Shares ETF,https://finance.yahoo.com/research-hub/screener/sec-ind_sec-top-etfs_healthcare/,2026-09-14T11:27:39+00:00,en-US,US,ETF,ETF,Delayed Quote,False,LOW,1.64,14.378145219266715,-12.66429,-37.17096,USD,400,,Direxion Daily Pharmaceutical &,18.05,-0.360001,-1.95546,0.98,[],10.99,1.5566572,7.06 - 24.15,-6.1000004,-0.252588,149.65422,0.0,50.344425,0.0,69.51692,66.91417,66.91417,22818264.0,,2,PRE,0.35853025,,,20.2534,-2.2034016,-0.10879169,14.2498,3.8001995,,False,False,False,15,68658,60220,-14400000,18.41,True,19.24,14.71,18.91,America/New_York,,finmb_429657323,NYSEArca,EDT,1510756200000,17.96 - 19.24,17.96,Direxion Daily Pharmaceutical & Medical Bull 3X Shares ETF,63389,-0.360001,1789156800,700,us_market,18.05,19.24,0.2666844,-1.95546,,,PCX,24.15,7.06,0.33,0,PILL,,,,,,
Healthcare,healthcare,72,QQQS,Invesco NASDAQ Future Gen 200 ETF,https://finance.yahoo.com/research-hub/screener/sec-ind_sec-top-etfs_healthcare/,2026-09-14T11:27:39+00:00,en-US,US,ETF,ETF,Delayed Quote,False,LOW,,,,,USD,2,,Invesco NASDAQ Future Gen 200 E,42.9955,0.35499954,0.8312833,0.2,[],11.825499,0.37938717,31.17 - 45.44,-2.4445,-0.053796217,35.296894,0.0,,0.0,29.75581,0.47835,0.47835,22543262.0,,2,PRE,,,,43.74286,-0.7473602,-0.017085308,39.005524,3.989975,,False,False,False,15,6683,4590,-14400000,42.705,True,56.03,31.68,42.975,America/New_York,,finmb_1788682475,NasdaqGM,EDT,1665667800000,42.975 - 43.1099,42.975,Invesco NASDAQ Future Gen 200 ETF,3265,0.29049683,1789156800,2,us_market,42.9955,43.1099,0.10229256,0.68024075,,,NGM,45.44,31.17,2.54,0,QQQS,,2022-10-13,,,,
Healthcare,healthcare,73,XLVI,State Street Health Care Select Sector SPDR Premium Income ETF,https://finance.yahoo.com/research-hub/screener/sec-ind_sec-top-etfs_healthcare/,2026-09-14T11:27:39+00:00,en-US,US,EQUITY,Equity,Delayed Quote,False,LOW,8.09,30.469226,,,USD,200,,State Street Health Care Select,25.71,-0.016901,-0.0656939,,[],1.5099983,0.062396623,24.2 - 27.35,-1.6400013,-0.059963483,2.552855,0.0,29.297998,0.0,,,,,,2,PRE,0.87753433,,,26.58734,-0.8773403,-0.032998424,26.013565,-0.30356598,,False,False,False,15,35017,91370,-14400000,25.7269,True,41.13,10.34,25.83,America/New_York,,finmb_1945105166,NYSEArca,EDT,1753882200000,25.64 - 25.852,25.64,State Street Health Care Select Sector SPDR Premium Income ETF,266918,-0.016901,1789156752,2400,us_market,25.71,25.852,-0.011669526,-0.0656939,,,PCX,27.35,24.2,,0,XLVI,,,,,2026-09-13,The Select Sector SPDR Trust - The Health Care Select Sector SPDR Premium Income Fund
Healthcare,healthcare,74,GDOC,Goldman Sachs Future Health Care Equity ETF,https://finance.yahoo.com/research-hub/screener/sec-ind_sec-top-etfs_healthcare/,2026-09-14T11:27:39+00:00,en-US,US,ETF,ETF,Delayed Quote,False,LOW,0.3,34.843206,,,USD,700,,Goldman Sachs Future Health Car,36.3168,-0.0291023,-0.0800704,0.75,[],4.997799,0.15957722,31.319 - 38.657,-2.3402023,-0.060537606,12.617838,0.0,33.800797,0.0,4.77126,11.33313,11.33313,19597192.0,,2,PRE,1.0744362,,,36.7829,-0.4661026,-0.012671719,34.780006,1.5367928,,False,False,False,15,1782,460,-14400000,36.3459,True,0.0,0.0,36.745,America/New_York,,finmb_713139156,NYSEArca,EDT,1636641000000,36.3168 - 36.3168,36.3168,Goldman Sachs Future Health Care Equity ETF,180,-0.0291023,1788966317,700,us_market,36.3168,36.3168,0.044186097,-0.0800704,,,PCX,38.657,31.319,0.3,0,GDOC,,,,,,
Healthcare,healthcare,75,ELIL,Direxion Daily LLY Bull 2X Shares,https://finance.yahoo.com/research-hub/screener/sec-ind_sec-top-etfs_healthcare/,2026-09-14T11:27:39+00:00,en-US,US,ETF,ETF,Nasdaq Real Time Price,False,LOW,1.32,38.75969,,,USD,2,,Direxion Daily LLY Bull 2X ETF,25.8887,-0.3899994,-1.4862782,1.07,[],11.308701,0.77563107,14.58 - 35.13,-9.241301,-0.26306006,58.730843,0.0,35.871662,0.0,-0.41044,4.24356,4.24356,17483222.0,,2,PRE,0.7217034,,,29.79672,-3.90802,-0.13115604,26.0447,-0.15600014,,False,False,False,15,99256,67740,-14400000,26.24,True,29.14,28.94,26.44,America/New_York,,finmb_1901305177,NasdaqGM,EDT,1743082200000,25.85 - 26.63,25.85,Direxion Daily LLY Bull 2X Shares,50492,-0.3512993,1789156800,2,us_market,25.8887,26.63,-0.0059897075,-1.338793,,,NGM,35.13,14.58,1.32,0,ELIL,,2025-03-26,,,,
Healthcare,healthcare,76,MEDX,Horizon Kinetics Medical ETF,https://finance.yahoo.com/research-hub/screener/sec-ind_sec-top-etfs_healthcare/,2026-09-14T11:27:39+00:00,en-US,US,ETF,ETF,Delayed Quote,False,LOW,1.12,31.289111,,,USD,2,,Horizon Kinetics Medical ETF,34.9572,-0.2650032,-0.7500798,0.85,[],6.0921993,0.21105835,28.865 - 37.9,-2.9428024,-0.0776465,20.271801,0.0,30.087826,0.0,9.359,6.02903,6.02903,17083904.0,,2,PRE,1.1618387,,,36.03256,-1.0753593,-0.029844102,34.25183,0.70536804,,False,False,False,15,2414,2430,-14400000,35.33,True,45.56,25.32,35.001,America/New_York,,finmb_34618475,NasdaqGM,EDT,1675175400000,34.9572 - 35.065,34.9572,Horizon Kinetics Medical ETF,1885,-0.37280273,1789156800,2,us_market,34.9572,35.065,0.020593587,-1.0552016,,,NGM,37.9,28.865,1.12,0,MEDX,,2023-01-30,,,,
Healthcare,healthcare,77,BMED,iShares Health Innovation Active ETF,https://finance.yahoo.com/research-hub/screener/sec-ind_sec-top-etfs_healthcare/,2026-09-14T11:27:39+00:00,en-US,US,ETF,ETF,Delayed Quote,False,LOW,0.24,34.199726,,,USD,100,,iShares Health Innovation Activ,32.965,0.1623,0.494777,0.55,[],7.1709995,0.27801037,25.794 - 34.86,-1.8950005,-0.05436031,25.868654,0.0,33.35482,0.0,11.91548,17.95913,17.95913,13520012.0,,2,PRE,0.9883129,,,32.2009,0.7640991,0.023729123,30.258856,2.7061443,,False,False,False,15,2083,1820,-14400000,32.8027,True,52.41,13.26,32.98,America/New_York,,finmb_672850732,NYSEArca,EDT,1601645400000,32.96 - 32.965,32.96,iShares Health Innovation Active ETF,1067,0.1623,1789151153,1000,us_market,32.965,32.965,0.08943313,0.494777,,,PCX,34.86,25.794,0.24,0,BMED,,,,,,
Healthcare,healthcare,78,JDOC,Jpmorgan Healthcare Leaders ETF,https://finance.yahoo.com/research-hub/screener/sec-ind_sec-top-etfs_healthcare/,2026-09-14T11:27:39+00:00,en-US,US,ETF,ETF,Nasdaq Real Time Price,False,LOW,0.82,29.019153,,,USD,2,,JPMorgan Healthcare Leaders ETF,60.7158,0.0,0.0,0.65,[],10.375801,0.20611444,50.34 - 64.69,-3.9742012,-0.06143455,18.241835,0.0,28.240395,0.0,7.85328,10.21934,10.21934,9358517.0,,2,PRE,2.149963,,,61.7897,-1.0738983,-0.017379893,58.404606,2.3111954,,False,False,False,15,348,290,-14400000,61.43,True,77.81,43.72,60.7158,America/New_York,,finmb_1837659648,NasdaqGM,EDT,1698931800000,60.7158 - 60.7158,60.7158,Jpmorgan Healthcare Leaders ETF,16,-0.71419907,1789156800,2,us_market,60.7158,60.7158,0.039572142,-1.1626226,,,NGM,64.69,50.34,0.82,0,JDOC,,2023-11-02,,,,
Healthcare,healthcare,79,WEED,Roundhill Cannabis ETF,https://finance.yahoo.com/research-hub/screener/sec-ind_sec-top-etfs_healthcare/,2026-09-14T11:27:39+00:00,en-US,US,ETF,ETF,Delayed Quote,False,LOW,,,,,USD,700,,Roundhill Cannabis ETF,21.4801,-0.4678,-2.13141,0.41,[],8.768101,0.6897499,12.712 - 31.047,-9.5669,-0.30814248,23.235798,0.0,,0.0,11.36911,1.99493,1.99493,9229707.0,,2,PRE,,,,20.4042,1.075901,0.05272939,19.32323,2.15687,,False,False,False,15,16195,18170,-14400000,21.9479,True,34.15,0.0,22.055,America/New_York,,finmb_1677880975,Cboe US,EDT,1650461400000,21.47 - 22.14,21.47,Roundhill Cannabis ETF,11338,-0.4678,1789156790,700,us_market,21.4801,22.14,0.11162056,-2.13141,,,BTS,31.047,12.712,0.0,0,WEED,,,,,,
Healthcare,healthcare,80,IBRN,iShares Neuroscience and Healthcare ETF,https://finance.yahoo.com/research-hub/screener/sec-ind_sec-top-etfs_healthcare/,2026-09-14T11:27:39+00:00,en-US,US,ETF,ETF,Delayed Quote,False,LOW,0.4,17.979144192736424,,,USD,200,,iShares Neuroscience and Health,37.4262,0.096199,0.257699,0.47,[],12.006201,0.47231317,25.42 - 43.01,-5.5837975,-0.12982556,47.23053,0.0,26.936827,0.0,20.4106,8.47591,8.47591,7781112.0,,2,PRE,1.3894064,,,38.64892,-1.2227173,-0.03163652,34.64628,2.7799225,,False,False,False,15,3304,2840,-14400000,37.33,True,0.0,0.0,37.455,America/New_York,,finmb_1775702912,NYSEArca,EDT,1661779800000,37.4262 - 37.5001,37.4262,iShares Neuroscience and Healthcare ETF,1774,0.096199,1789154151,100,us_market,37.4262,37.5001,0.08023726,0.257699,,,PCX,43.01,25.42,0.82,0,IBRN,,,,,,
Healthcare,healthcare,81,HLTH,Tema Healthcare AI ETF,https://finance.yahoo.com/research-hub/screener/sec-ind_sec-top-etfs_healthcare/,2026-09-14T11:27:39+00:00,en-US,US,ETF,ETF,Delayed Quote,False,LOW,,,,,USD,5,USD,TEMA HEALTHCARE AI ETF,27.6422,0.15999985,0.5811836,,[],2.7622013,0.11102096,24.88 - 31.22,-3.5777988,-0.11459958,9.205842,,,,,,,7661933.0,,2,PRE,,,,27.459211,0.18298912,0.006664034,27.459211,0.18298912,,False,False,False,15,10857,5880,-14400000,27.53,True,25.23,25.24,27.83,America/New_York,,finmb_1997619151,NasdaqGM,EDT,1784640600000,27.6422 - 27.83,27.6422,Tema Healthcare AI ETF,3048,0.11219978,1789156800,5,us_market,27.6422,27.83,0.006664034,0.40755457,,,NGM,31.22,24.88,,0,HLTH,,2026-07-21,,,,
Healthcare,healthcare,82,TBXU,Direxion Daily Biotech Top 5 Bull 2X ETF,https://finance.yahoo.com/research-hub/screener/sec-ind_sec-top-etfs_healthcare/,2026-09-14T11:27:39+00:00,en-US,US,ETF,ETF,Delayed Quote,False,LOW,,,,,USD,3700,,Direxion Daily Biotech Top 5 Bu,38.3601,-0.538601,-1.38462,0.98,[],12.650101,0.49203038,25.71 - 45.88,-7.5199013,-0.16390368,43.38579,0.0,24.418396,0.0,39.27006,46.77988,46.77988,5360895.0,,2,PRE,1.5709509,,,37.52522,0.8348808,0.022248527,33.06396,5.296139,,False,False,False,15,4391,8880,-14400000,38.8987,True,59.86,0.0,39.06,America/New_York,,finmb_1962765725,NYSEArca,EDT,1759411800000,38.3601 - 39.06,38.3601,Direxion Daily Biotech Top 5 Bull 2X ETF,7280,-0.538601,1789142379,3700,us_market,38.3601,39.06,0.16017859,-1.38462,,,PCX,45.88,25.71,,0,TBXU,,,,,,
Healthcare,healthcare,83,THNR,Amplify Weight Loss Drug & Treatment ETF,https://finance.yahoo.com/research-hub/screener/sec-ind_sec-top-etfs_healthcare/,2026-09-14T11:27:39+00:00,en-US,US,ETF,ETF,Nasdaq Real Time Price,False,LOW,1.55,21.720243,,,USD,100,,Amplify Weight Loss Drug & Trea,25.59,-0.113199,-0.440409,0.59,[],2.9610004,0.13084981,22.629 - 27.94,-2.3500004,-0.084108815,10.721707,0.0,20.82616,0.0,5.89569,7.01357,7.01357,5334218.0,,2,PRE,1.2287431,,,26.3302,-0.74020004,-0.028112207,25.422516,0.16748428,,False,False,False,15,2017,640,-14400000,25.7032,True,0.0,0.0,25.51,America/New_York,,finmb_1875824170,NYSEArca,EDT,1716298200000,25.51 - 25.59,25.51,Amplify Weight Loss Drug & Treatment ETF,1155,-0.113199,1789156800,3400,us_market,25.59,25.59,0.0065880297,-0.440409,,,PCX,27.94,22.629,1.55,0,THNR,,,,,,
Healthcare,healthcare,84,EKG,First Trust Nasdaq Lux Digital Health Solutions ETF,https://finance.yahoo.com/research-hub/screener/sec-ind_sec-top-etfs_healthcare/,2026-09-14T11:27:39+00:00,en-US,US,ETF,ETF,Nasdaq Real Time Price,False,LOW,0.0,25.13826,,,USD,2,,First Trust Nasdaq Lux Digital ,21.3482,-0.010000229,-0.04683948,0.65,[],5.6331997,0.35846004,15.715 - 22.62,-1.271801,-0.05622462,23.107088,0.0,24.283106,0.0,16.31579,27.74566,27.74566,4420651.0,,2,PRE,0.87913793,,,20.5535,0.7947006,0.038664978,18.523014,2.8251858,,False,False,False,15,1306,2790,-14400000,21.35,True,25.77,14.42,21.24,America/New_York,,finmb_1763782161,NasdaqGM,EDT,1648042200000,21.24 - 21.3482,21.24,First Trust Nasdaq Lux Digital Health Solutions ETF,841,-0.0018005371,1789156800,2,us_market,21.3482,21.3482,0.15252301,-0.008433429,,,NGM,22.62,15.715,0.0,0,EKG,,,,,,
Healthcare,healthcare,85,NVOH,Novo Nordisk A/S (B Shares) ADRhedged,https://finance.yahoo.com/research-hub/screener/sec-ind_sec-top-etfs_healthcare/,2026-09-14T11:27:39+00:00,en-US,US,ETF,ETF,Delayed Quote,False,LOW,4.01,11.074197,,,USD,100,,Novo Nordisk A/S B Shares,23.4261,-0.527901,-2.20381,0.19,[],4.4261,0.23295262,19.0 - 34.36,-10.933901,-0.31821597,-22.517693,0.0,10.550459,0.0,-14.13197,-25.39133,-25.39133,3934218.0,,2,PRE,2.2203867,,,25.7975,-2.3714008,-0.09192367,25.18999,-1.7638893,,False,False,False,15,1609,1670,-14400000,23.954,True,36.55,0.0,24.16,America/New_York,,finmb_1889428653,NYSEArca,EDT,1736260200000,23.4261 - 23.4261,23.4261,Novo Nordisk A/S (B Shares) ADRhedged,242,-0.527901,1789069039,100,us_market,23.4261,23.4261,-0.070023425,-2.20381,,,PCX,34.36,19.0,4.01,0,NVOH,,,,,,
Healthcare,healthcare,86,UNHU,Direxion Daily Unh Bull 2X ETF,https://finance.yahoo.com/research-hub/screener/sec-ind_sec-top-etfs_healthcare/,2026-09-14T11:27:39+00:00,en-US,US,EQUITY,Equity,Delayed Quote,False,LOW,,,,,USD,500,,Direxion Daily UNH Bull 2X ETF,44.73,0.5600014,1.267832,,[],22.390001,1.0108353,22.15 - 67.11,-22.57,-0.33631352,80.39693,0.0,23.536749,0.0,,,,,44.73,2,PRE,1.89236,,,52.883,-8.3429985,-0.15776333,47.659744,-3.1197433,,False,False,False,15,3162,1470,-14400000,46.68,True,0.0,44.48,44.67,America/New_York,0.18999863,finmb_1982510595,NYSEArca,EDT,1774445400000,44.17 - 44.7397,44.17,Direxion Daily Unh Bull 2X ETF,2441,-2.14,1789156800,500,us_market,44.54,44.7397,-0.06545867,-4.5844,0.42657974,1789382897.0,PCX,67.11,22.15,,0,UNHU,,,,,,
Healthcare,healthcare,87,WDNA,WisdomTree BioRevolution Fund,https://finance.yahoo.com/research-hub/screener/sec-ind_sec-top-etfs_healthcare/,2026-09-14T11:27:39+00:00,en-US,US,ETF,ETF,Nasdaq Real Time Price,False,LOW,0.61,21.186440677966104,,,USD,100,,WisdomTree BioRevolution Fund,22.139,0.0289993,0.131159,0.45,[],7.7390003,0.5374306,14.4 - 24.2,-2.0610008,-0.08516532,53.59373,0.0,26.914934,0.0,36.43943,25.77533,25.77533,3461359.0,,2,PRE,0.82255447,,,21.38498,0.7540207,0.03525936,18.743654,3.3953457,,False,False,False,15,2800,5710,-14400000,22.11,True,0.0,0.0,22.3,America/New_York,,finmb_712066275,Cboe US,EDT,1622727000000,22.139 - 22.139,22.139,WisdomTree BioRevolution Fund,326,0.0289993,1789139248,200,us_market,22.139,22.139,0.18114641,0.131159,,,BTS,24.2,14.4,3.34,0,WDNA,,,,,,
Healthcare,healthcare,88,REMC,Columbia Research Enhanced Mid Cap ETF,https://finance.yahoo.com/research-hub/screener/sec-ind_sec-top-etfs_healthcare/,2026-09-14T11:27:39+00:00,en-US,US,EQUITY,Equity,Delayed Quote,False,LOW,,,,,USD,1000,,Columbia Research Enhanced Mid ,23.0311,0.212399,0.930809,,[],3.3880997,0.17248382,19.643 - 23.804,-0.77290154,-0.032469396,13.052225,0.0,17.910213,0.0,,,,,,2,PRE,1.2859199,,,23.09546,-0.06436157,-0.0027867628,21.50677,1.5243301,,False,False,False,15,1588,110,-14400000,22.8187,True,35.94,0.0,22.82,America/New_York,,finmb_1960673872,NYSEArca,EDT,1765549800000,23.0311 - 23.0311,23.0311,Columbia Research Enhanced Mid Cap ETF,7,0.212399,1789063512,1100,us_market,23.0311,23.0311,0.07087676,0.930809,,,PCX,23.804,19.643,,0,REMC,,,,,,
Healthcare,healthcare,89,MDEV,First Trust Indxx Global Medical Devices ETF,https://finance.yahoo.com/research-hub/screener/sec-ind_sec-top-etfs_healthcare/,2026-09-14T11:27:39+00:00,en-US,US,ETF,ETF,Delayed Quote,False,LOW,0.0,31.084862,,,USD,900,,First Trust Indxx Medical Devic,20.0179,0.0351009,0.175656,0.7,[],2.1648998,0.12126252,17.853 - 21.82,-1.8020992,-0.082589336,-1.4668226,0.0,29.214062,0.0,1.47338,12.60549,12.60549,3202419.0,,2,PRE,0.6852146,,,20.51414,-0.4962387,-0.024190081,20.04183,-0.023929596,,False,False,False,15,3216,780,-14400000,19.9828,True,31.82,8.05,20.17,America/New_York,,finmb_716357142,Cboe US,EDT,1624541400000,20.0179 - 20.0179,20.0179,First Trust Indxx Global Medical Devices ETF,939,0.0351009,1789154640,100,us_market,20.0179,20.0179,-0.0011939825,0.175656,,,BTS,21.82,17.853,0.0,0,MDEV,,,,,,
Healthcare,healthcare,90,LGHT,Langar Global Healthtech ETF,https://finance.yahoo.com/research-hub/screener/sec-ind_sec-top-etfs_healthcare/,2026-09-14T11:27:39+00:00,en-US,US,ETF,ETF,Delayed Quote,False,LOW,0.0,27.114967,,,USD,100,,Langar Global HealthTech ETF,9.7424,0.0909004,0.941827,0.85,[],1.8044,0.22731166,7.938 - 11.01,-1.2676,-0.1151317,-4.2084575,0.0,25.849098,0.0,2.29025,24.86997,24.86997,2349541.0,,2,PRE,0.37689516,,,9.24994,0.49246025,0.053239293,9.18934,0.55306053,,False,False,False,15,2925,1080,-14400000,9.6515,True,15.49,3.93,9.77,America/New_York,,finmb_1857344788,Cboe US,EDT,1704897000000,9.7424 - 9.7424,9.7424,Langar Global Healthtech ETF,383,0.0909004,1789151333,800,us_market,9.7424,9.7424,0.060185015,0.941827,,,BTS,11.01,7.938,0.0,0,LGHT,,,,,,
Healthcare,healthcare,91,GNMX,Corgi Genomics & Precision Medicine ETF,https://finance.yahoo.com/research-hub/screener/sec-ind_sec-top-etfs_healthcare/,2026-09-14T11:27:39+00:00,en-US,US,ETF,ETF,Delayed Quote,False,LOW,,,,,USD,2300,,Corgi Genomics & Precision Medi,34.1467,0.245701,0.72476,0.35,[],10.266703,0.42992893,23.88 - 36.54,-2.393299,-0.06549806,32.827698,0.0,,0.0,,29.97216,29.97216,1928421.0,,2,PRE,,,,32.445,1.7017021,0.052448824,29.944382,4.20232,,False,False,False,15,1022,1140,-14400000,33.901,True,0.0,0.0,34.4,America/New_York,,finmb_1992790800,Cboe US,EDT,1778074200000,34.1467 - 34.1467,34.1467,Corgi Genomics & Precision Medicine ETF,89,0.245701,1788983986,100,us_market,34.1467,34.1467,0.14033751,0.72476,,,BTS,36.54,23.88,,0,GNMX,,,,,,
Healthcare,healthcare,92,ASD,Defiance Autism Impact ETF,https://finance.yahoo.com/research-hub/screener/sec-ind_sec-top-etfs_healthcare/,2026-09-14T11:27:39+00:00,en-US,US,ETF,ETF,Nasdaq Real Time Price,False,LOW,,,,,USD,2,,Defiance Autism Impact ETF,27.0409,0.0,0.0,0.79,[],2.4508991,0.09967056,24.59 - 28.52,-1.4791012,-0.051861893,9.829402,0.0,20.573465,0.0,,,,1378890.0,,2,PRE,1.314358,,,27.4754,-0.43450165,-0.015814206,26.864788,0.17611122,,False,False,False,15,516,140,-14400000,26.955,True,34.96,19.62,27.0409,America/New_York,,finmb_1996251455,NasdaqGM,EDT,1780407000000,27.0409 - 27.0409,27.0409,Defiance Autism Impact ETF,52,0.08589935,1789156800,2,us_market,27.0409,27.0409,0.0065554664,0.3186769,,,NGM,28.52,24.59,,0,ASD,,,,,,
Healthcare,healthcare,93,GSKH,GSK plc ADRhedged,https://finance.yahoo.com/research-hub/screener/sec-ind_sec-top-etfs_healthcare/,2026-09-14T11:27:39+00:00,en-US,US,ETF,ETF,Delayed Quote,False,LOW,1.59,15.748031,,,USD,1000,,GSK plc,66.9705,0.5718994,0.8527145,0.19,[],11.217499,0.20119992,55.753 - 85.03,-18.059502,-0.21238977,19.082844,0.0,15.120913,0.0,6.3256,3.06831,3.06831,697550.0,,2,PRE,4.4289985,,,71.3692,-4.3987045,-0.06163309,73.14828,-6.17778,,False,False,False,15,388,300,-14400000,67.0681,True,0.0,0.0,66.84,America/New_York,,finmb_1889418526,NYSEArca,EDT,1736260200000,66.965 - 66.9705,66.965,GSK plc ADRhedged,215,-0.0976028,1789156577,500,us_market,66.9705,66.9705,-0.08445558,-0.145528,,,PCX,85.03,55.753,1.59,0,GSKH,,,,,,
Healthcare,healthcare,94,TRUH,Vaneck Healthcare TruSector ETF,https://finance.yahoo.com/research-hub/screener/sec-ind_sec-top-etfs_healthcare/,2026-09-14T11:27:39+00:00,en-US,US,ETF,ETF,Nasdaq Real Time Price,False,LOW,,,,,USD,2,,VanEck Healthcare TruSector ETF,28.8659,0.0,0.0,0.1,[],4.0858994,0.16488698,24.78 - 30.68,-1.8141003,-0.059129734,12.817502,,27.885326,,,14.12126,14.12126,594727.0,,2,PRE,1.0351645,,,28.9902,-0.1243,-0.004287656,27.328928,1.536972,,False,False,False,15,958,620,-14400000,28.8801,True,36.5,20.5,28.8,America/New_York,,finmb_1989624019,NasdaqGM,EDT,1775136600000,28.8659 - 28.8659,28.8659,Vaneck Healthcare TruSector ETF,256,-0.014200211,1789156800,2,us_market,28.8659,28.8659,0.05623975,-0.049169537,,,NGM,30.68,24.78,,0,TRUH,,2026-04-02,,,2026-09-11,Vaneck Etf Trust - Vaneck Healthcare Trisector Etf
