sector,yahoo_sector_key,rank,ticker,etf_name,source_url,retrieved_at_utc,screen_language,screen_region,screen_quote_type,screen_type_disp,screen_quote_source_name,screen_triggerable,screen_custom_price_alert_confidence,screen_yield_ttm,screen_pe_ttm,screen_annual_return_nav_y3,screen_annual_return_nav_y5,screen_currency,screen_net_expense_ratio,screen_ask,screen_bid,screen_short_name,screen_fullday_price,screen_fullday_change,screen_fullday_change_percent,screen_has_pre_post_market_data,screen_first_trade_date_milliseconds,screen_price_hint,screen_pre_market_change,screen_pre_market_change_percent,screen_pre_market_time,screen_pre_market_price,screen_regular_market_change,screen_regular_market_time,screen_regular_market_price,screen_regular_market_day_high,screen_regular_market_day_range,screen_regular_market_day_low,screen_regular_market_volume,screen_regular_market_previous_close,screen_bid_size,screen_ask_size,screen_market,screen_message_board_id,screen_full_exchange_name,screen_long_name,screen_regular_market_open,screen_average_daily_volume3_month,screen_average_daily_volume10_day,screen_corporate_actions,screen_fifty_two_week_low_change,screen_fifty_two_week_low_change_percent,screen_fifty_two_week_range,screen_fifty_two_week_high_change,screen_fifty_two_week_high_change_percent,screen_fifty_two_week_change_percent,screen_trailing_annual_dividend_rate,screen_trailing_pe,screen_trailing_annual_dividend_yield,screen_ytd_return,screen_trailing_three_month_returns,screen_trailing_three_month_nav_returns,screen_net_assets,screen_market_state,screen_eps_trailing_twelve_months,screen_shares_outstanding,screen_book_value,screen_fifty_day_average,screen_fifty_day_average_change,screen_fifty_day_average_change_percent,screen_two_hundred_day_average,screen_two_hundred_day_average_change,screen_two_hundred_day_average_change_percent,screen_price_to_book,screen_source_interval,screen_exchange_data_delayed_by,screen_exchange_timezone_name,screen_exchange_timezone_short_name,screen_gmt_off_set_milliseconds,screen_financial_currency,screen_exchange,screen_regular_market_change_percent,screen_fifty_two_week_high,screen_fifty_two_week_low,screen_dividend_yield,screen_esg_populated,screen_tradeable,screen_crypto_tradeable,screen_symbol,screen_dividend_date,screen_earnings_timestamp_start,screen_earnings_timestamp_end,screen_eps_forward,screen_forward_pe,screen_ipo_expected_date,screen_display_name,screen_prev_name,screen_name_change_date,screen_earnings_call_timestamp_start,screen_earnings_call_timestamp_end,screen_is_earnings_date_estimate
Industrials,industrials,1,XLI,State Street Industrial Select Sector SPDR ETF,https://finance.yahoo.com/research-hub/screener/sec-ind_sec-top-etfs_industrials/,2026-09-28T12:36:45+00:00,en-US,US,ETF,ETF,Delayed Quote,False,LOW,1.18,28.433324,18.0251,20.95729,USD,0.08,173.83,167.0,State Street Industrial Select ,169.93,-0.42999268,-0.2523135,True,914337000000,2,-0.5,-0.29337558,1790595392.0,169.93,1.59999,1790366400,170.43,171.02,169.03 - 171.02,169.03,7280606,168.83,500.0,400.0,us_market,finmb_8795505,NYSEArca,State Street Industrial Select Sector SPDR ETF,169.53,6805549,7922600,[],23.289993,0.15828457,147.14 - 188.19,-17.76001,-0.09437276,11.35577,1.24,27.670252,0.0073446664,13.5179,1.39439,1.39439,31947403300.0,PRE,6.1593223,136626000.0,98.382,177.911,-7.481003,-0.042049132,172.0293,-1.5993042,-0.009296697,1.7323289,15,0,America/New_York,EDT,-14400000,USD,PCX,0.947693,188.19,147.14,1.18,False,False,False,XLI,,,,,,,,,,,,
Industrials,industrials,2,FBND,Fidelity Total Bond ETF,https://finance.yahoo.com/research-hub/screener/sec-ind_sec-top-etfs_industrials/,2026-09-28T12:36:45+00:00,en-US,US,ETF,ETF,Delayed Quote,False,LOW,3.89,7.1301247771836,6.84211,-0.34811,USD,0.36,43.72,43.56,Fidelity Total Bond ETF,43.58,-0.2349968,-0.5363387,True,1412861400000,2,-0.23999786,-0.5476903,1790596277.0,43.58,0.0999985,1790366400,43.82,43.835,43.6336 - 43.835,43.6336,6149687,43.72,10300.0,11600.0,us_market,finmb_270037181,NYSEArca,Fidelity Total Bond ETF,43.75,3447874,4476840,[],0.18640137,0.0042719687,43.6336 - 46.86,-3.040001,-0.06487411,-5.274534,0.0,8.679884,0.0,0.09864,-0.56936,-0.56936,28155535400.0,PRE,5.0484543,,,44.7426,-0.9225998,-0.020620165,45.5845,-1.7644997,-0.038708325,,15,0,America/New_York,EDT,-14400000,,PCX,0.228725,46.86,43.6336,4.73,False,False,False,FBND,,,,,,,,,,,,
Industrials,industrials,3,ITA,iShares U.S. Aerospace & Defense ETF,https://finance.yahoo.com/research-hub/screener/sec-ind_sec-top-etfs_industrials/,2026-09-28T12:36:45+00:00,en-US,US,ETF,ETF,Nasdaq Real Time Price,False,LOW,0.47,34.662045,14.27192,9.35039,USD,0.37,0.0,211.98,iShares U.S. Aerospace & Defens,213.81,0.039993286,0.018708559,True,1146835800000,2,0.039993286,0.018708559,1790597072.0,213.81,1.05,1790366400,213.81,215.13,212.155 - 215.13,212.155,600235,212.76,100.0,200.0,us_market,finmb_32993612,Cboe US,iShares U.S. Aerospace & Defense ETF,213.29,690320,940320,[],18.09999,0.09248373,195.71 - 256.6,-42.79001,-0.16675763,4.07418,,32.454967,,6.51836,-3.00107,-3.00107,13628640300.0,PRE,6.587898,,,233.1702,-19.360199,-0.083030336,230.42744,-16.617447,-0.07211574,,15,0,America/New_York,EDT,-14400000,,BTS,0.493515,256.6,195.71,0.47,False,False,False,ITA,,,,,,,,,,,,
Industrials,industrials,4,PAVE,Global X U.S. Infrastructure Development ETF,https://finance.yahoo.com/research-hub/screener/sec-ind_sec-top-etfs_industrials/,2026-09-28T12:36:45+00:00,en-US,US,ETF,ETF,Delayed Quote,False,LOW,0.79,28.129395,30.88295,36.26288,USD,0.47,0.0,0.0,Global X U.S. Infrastructure De,53.2,0.022003174,0.041146655,True,1488983400000,2,-0.27000046,-0.5049569,1790593413.0,53.2,0.400002,1790366400,53.47,53.6399,53.0375 - 53.6399,53.0375,1556687,53.07,800.0,3000.0,us_market,finmb_415556335,Cboe US,Global X U.S. Infrastructure Development ETF,53.33,1728673,1395410,[],8.030003,0.17671661,45.44 - 60.43,-6.959999,-0.11517457,13.16402,,27.49687,,14.68662,-2.7068,-2.7068,13504796700.0,PRE,1.944585,,,55.8172,-2.3471985,-0.042051528,54.264126,-0.7941246,-0.014634431,,15,0,America/New_York,EDT,-14400000,,BTS,0.753724,60.43,45.44,0.79,False,False,False,PAVE,,,,,,,,,,,,
Industrials,industrials,5,GRID,First Trust NASDAQ Clean Edge Smart Grid Infrastructure Index Fund,https://finance.yahoo.com/research-hub/screener/sec-ind_sec-top-etfs_industrials/,2026-09-28T12:36:45+00:00,en-US,US,ETF,ETF,Delayed Quote,False,LOW,0.8,29.19708,21.36002,28.35459,USD,0.56,188.6,186.41,First Trust NASDAQ Clean Edge S,181.0,1.3100128,0.73488885,True,1258468200000,2,1.4299927,0.79634273,1790598598.0,181.0,1.3100128,1790366401,179.57,180.08,178.25 - 180.08,178.25,227446,178.26,2.0,2.0,us_market,finmb_79682012,NasdaqGM,First Trust NASDAQ Clean Edge Smart Grid Infrastructure Index Fund,178.96,578147,523720,[],34.950012,0.24166791,144.62 - 199.99,-20.419998,-0.102105096,19.985294,,29.390211,,17.02654,-7.15269,-7.15269,11838994400.0,PRE,6.1098576,,,180.1978,-0.62779236,-0.0034839069,176.34555,3.2244568,0.018284878,,15,0,America/New_York,EDT,-14400000,,NGM,0.73488885,199.99,144.62,0.8,False,False,False,GRID,1483056000.0,,,,,,,,,,,
Industrials,industrials,6,AIRR,First Trust RBA American Industrial RenaissanceTM ETF,https://finance.yahoo.com/research-hub/screener/sec-ind_sec-top-etfs_industrials/,2026-09-28T12:36:45+00:00,en-US,US,ETF,ETF,Delayed Quote,False,LOW,0.1,26.469031,31.64293,33.16576,USD,0.69,123.89,123.36,First Trust RBA American Indust,105.804,0.62999725,0.60344565,True,1394544600000,2,0.7740021,0.7369343,1790598757.0,105.804,0.62999725,1790366401,105.03,105.54,104.01 - 105.54,104.01,609758,104.4,2.0,2.0,us_market,finmb_256655888,NasdaqGM,First Trust RBA American Industrial RenaissanceTM ETF,104.59,725741,818730,[],14.519997,0.16042422,90.51 - 135.05,-30.020004,-0.22228807,9.841037,,25.688805,,10.16208,-16.19025,-16.19025,9450259500.0,PRE,4.0885515,,,114.2292,-9.1992035,-0.08053285,117.04175,-12.011749,-0.1026279,,15,0,America/New_York,EDT,-14400000,,NGM,0.60344565,135.05,90.51,0.1,False,False,False,AIRR,1490918400.0,,,,,,,,,,,
Industrials,industrials,7,VIS,Vanguard Industrials Index Fund ETF Shares,https://finance.yahoo.com/research-hub/screener/sec-ind_sec-top-etfs_industrials/,2026-09-28T12:36:45+00:00,en-US,US,ETF,ETF,Delayed Quote,False,LOW,0.92,28.153153,22.37282,20.70322,USD,0.09,0.0,322.68,Vanguard Industrials ETF,327.06,2.57001,0.792014,True,1096464600000,2,,,,,2.57001,1790366400,327.06,328.51,325.095 - 328.51,325.095,185716,324.49,40.0,120.0,us_market,finmb_22939114,NYSEArca,Vanguard Industrials Index Fund ETF Shares,326.13,111807,216900,[],45.03,0.15966386,282.03 - 362.21,-35.149994,-0.097043134,11.385071,2.202,27.424484,0.0067860335,12.99317,-1.26051,-1.26051,8561797600.0,PRE,11.925839,24431600.0,187.867,341.6672,-14.607208,-0.042752735,332.88724,-5.82724,-0.017505147,1.7409124,15,0,America/New_York,EDT,-14400000,USD,PCX,0.792014,362.21,282.03,0.92,False,False,False,VIS,,,,,,,,,,,,
Industrials,industrials,8,PPA,Invesco Aerospace & Defense ETF,https://finance.yahoo.com/research-hub/screener/sec-ind_sec-top-etfs_industrials/,2026-09-28T12:36:45+00:00,en-US,US,ETF,ETF,Delayed Quote,False,LOW,0.38,32.938076,18.38341,7.17891,USD,0.58,160.0,157.88,Invesco Aerospace & Defense ETF,158.87,0.230011,0.144579,True,1130333400000,2,-0.4500122,-0.28245807,1790585329.0,158.87,0.230011,1790366400,159.32,160.33,158.6667 - 160.33,158.6667,231440,159.09,100.0,200.0,us_market,finmb_25304304,NYSEArca,Invesco Aerospace & Defense ETF,159.57,189707,228550,[],15.030014,0.10416532,144.29 - 186.3,-26.979996,-0.14482015,4.383147,0.44,30.866974,0.00276573,6.98471,-5.75027,-5.75027,8030932000.0,PRE,5.161504,15150000.0,75.015,171.0424,-11.722397,-0.06853503,171.2902,-11.9702,-0.06988257,2.123842,15,0,America/New_York,EDT,-14400000,USD,PCX,0.144579,186.3,144.29,0.38,False,False,False,PPA,,,,,,,,,,,,
Industrials,industrials,9,SHLD,Global X Defense Tech ETF,https://finance.yahoo.com/research-hub/screener/sec-ind_sec-top-etfs_industrials/,2026-09-28T12:36:45+00:00,en-US,US,ETF,ETF,Delayed Quote,False,LOW,0.65,28.977108,,,USD,0.5,61.8,0.0,Global X Defense Tech ETF,61.64,0.13999939,0.22723484,True,1694698200000,2,0.1800003,0.29287392,1790587581.0,61.64,-0.150002,1790366400,61.46,61.92,61.27 - 61.92,61.27,981671,61.61,500.0,500.0,us_market,finmb_1838113289,NYSEArca,Global X Defense Tech ETF,61.72,1196860,2471900,[],3.5699997,0.06166868,57.89 - 78.493,-17.032997,-0.21700022,-10.940445,,27.198122,,1.21469,-2.9153,-2.9153,7239792100.0,PRE,2.2597148,,,64.709,-3.2490005,-0.050209407,68.12655,-6.6665497,-0.09785538,,15,0,America/New_York,EDT,-14400000,,PCX,-0.243469,78.493,57.89,0.65,False,False,False,SHLD,,1527760807.0,1527760807.0,-9.78,-6.2842536,,,,,,,
Industrials,industrials,10,XAR,State Street SPDR S&P Aerospace & Defense ETF,https://finance.yahoo.com/research-hub/screener/sec-ind_sec-top-etfs_industrials/,2026-09-28T12:36:45+00:00,en-US,US,ETF,ETF,Nasdaq Real Time Price,False,LOW,0.31,33.806626,23.65133,2.38029,USD,0.35,239.59,233.0,State Street SPDR S&P Aerospace,239.49,-0.05999756,-0.025045944,True,1317303000000,2,-0.05999756,-0.025045944,1790598235.0,239.49,0.0,1790366400,239.46,241.9758,238.3301 - 241.9758,238.3301,226907,239.46,40.0,280.0,us_market,finmb_141049103,NYSEArca,State Street SPDR S&P Aerospace & Defense ETF,240.31,238658,409500,[],24.440002,0.11366385,215.02 - 297.79,-58.33,-0.19587629,3.6802888,0.0,31.5583,0.0,6.56556,-10.89977,-10.89977,5850784800.0,PRE,7.5878615,,,263.8804,-24.420395,-0.09254342,267.592,-28.132004,-0.10513021,,15,0,America/New_York,EDT,-14400000,,PCX,0.0,297.79,215.02,0.31,False,False,False,XAR,,,,,,,,,,,,
Industrials,industrials,11,IDEF,iShares Defense Industrials Active ETF,https://finance.yahoo.com/research-hub/screener/sec-ind_sec-top-etfs_industrials/,2026-09-28T12:36:45+00:00,en-US,US,ETF,ETF,Nasdaq Real Time Price,False,LOW,0.32,33.222591,,,USD,0.55,34.64,34.19,iShares Defense Industrials and,32.03,-0.020000458,-0.06295391,True,1747834200000,2,0.27999878,0.88188595,1790582421.0,32.03,-0.020000458,1790366401,31.75,31.9499,31.585 - 31.9499,31.585,720757,31.77,1.0,2.0,us_market,finmb_1935637303,NasdaqGM,iShares Defense Industrials Active ETF,31.75,1072133,4110430,[],3.209999,0.11247369,28.54 - 36.88,-5.130001,-0.1390998,1.1468649,0.0,32.124187,0.0,6.77117,-3.80868,-3.80868,4416389100.0,PRE,0.9883519,,,32.89234,-1.1423416,-0.034729715,33.31762,-1.5676193,-0.04705076,,15,0,America/New_York,EDT,-14400000,,NGM,-0.06295391,36.88,28.54,0.32,False,False,False,IDEF,,,,,,,,,,,,
Industrials,industrials,12,GSY,Invesco Ultra Short Duration ETF,https://finance.yahoo.com/research-hub/screener/sec-ind_sec-top-etfs_industrials/,2026-09-28T12:36:45+00:00,en-US,US,ETF,ETF,Delayed Quote,False,LOW,5.29,32.89473684210526,5.98607,0.04504,USD,0.22,49.95,49.92,Invesco Ultra Short Duration ET,49.9368,0.0017967224,0.0035981224,True,1202826600000,2,0.0067977905,0.0136146415,1790596844.0,49.9368,0.0200005,1790366400,49.93,49.94,49.92 - 49.94,49.92,1480857,49.91,7900.0,8000.0,us_market,finmb_41075875,NYSEArca,Invesco Ultra Short Duration ETF,49.94,944342,1922700,[],0.02999878,0.0006011779,49.9 - 50.39,-0.45999908,-0.009128777,-0.5774617,,,,2.5201,0.97218,0.97218,3902469120.0,PRE,,,,50.1284,-0.19839859,-0.003957808,50.19335,-0.26335144,-0.0052467394,,15,0,America/New_York,EDT,-14400000,,PCX,0.040073,50.39,49.9,4.22,False,False,False,GSY,,,,,,,,,,,,
Industrials,industrials,13,FIDU,Fidelity MSCI Industrials Index ETF,https://finance.yahoo.com/research-hub/screener/sec-ind_sec-top-etfs_industrials/,2026-09-28T12:36:45+00:00,en-US,US,ETF,ETF,Delayed Quote,False,LOW,0.97,28.579594,22.55211,21.13433,USD,0.084,95.55,85.25,Fidelity MSCI Industrials Index,90.395,0.764999,0.853508,True,1382621400000,2,,,,,0.764999,1790366387,90.395,90.74,89.8835 - 90.74,89.8835,200133,89.63,1800.0,700.0,us_market,finmb_243638579,NYSEArca,Fidelity MSCI Industrials Index ETF,90.1,131898,334790,[],12.125,0.15491249,78.27 - 100.0,-9.605003,-0.09605003,11.371195,0.0,27.832928,0.0,13.20059,-1.20785,-1.20785,2283852030.0,PRE,3.2477717,,,94.4534,-4.058403,-0.042967252,92.1155,-1.7205048,-0.01867769,,15,0,America/New_York,EDT,-14400000,,PCX,0.853508,100.0,78.27,0.97,False,False,False,FIDU,,,,,,,,,,,,
Industrials,industrials,14,IYT,iShares Transportation Average ETF,https://finance.yahoo.com/research-hub/screener/sec-ind_sec-top-etfs_industrials/,2026-09-28T12:36:45+00:00,en-US,US,ETF,ETF,Delayed Quote,False,LOW,0.92,20.279862,24.52928,26.34938,USD,0.37,80.74,77.05,iShares U.S. Transportation ETF,78.63,0.43,0.544856,True,1073053800000,2,-0.7200012,-0.90737396,1790592370.0,78.63,0.43,1790366400,79.35,79.61,78.83 - 79.61,78.83,863501,78.92,700.0,300.0,us_market,finmb_8781443,Cboe US,iShares Transportation Average ETF,79.12,665023,1235760,[],11.25,0.16519824,68.1 - 90.06,-10.709999,-0.11892071,9.720683,,18.900719,,14.85239,1.72365,1.72365,2204334590.0,PRE,4.198253,,,84.9906,-5.640602,-0.066367365,81.1827,-1.8327026,-0.02257504,,15,0,America/New_York,EDT,-14400000,,BTS,0.544856,90.06,68.1,0.92,False,False,False,IYT,,,,,,,,,,,,
Industrials,industrials,15,PHO,Invesco Water Resources ETF,https://finance.yahoo.com/research-hub/screener/sec-ind_sec-top-etfs_industrials/,2026-09-28T12:36:45+00:00,en-US,US,ETF,ETF,Delayed Quote,False,LOW,0.57,25.265285,18.91888,31.25654,USD,0.59,75.49,70.7,Invesco Water Resources ETF,68.64,0.5499954,0.80786633,True,1133879400000,2,0.010002136,0.014574001,1790593200.0,68.64,0.5499954,1790366400,68.63,68.73,67.863 - 68.73,67.863,70931,68.08,1.0,1.0,us_market,finmb_25875309,NasdaqGM,Invesco Water Resources ETF,68.08,77928,71680,[],5.0899963,0.08010696,63.54 - 74.93,-6.300003,-0.08407851,-3.879553,,24.298717,,1.75234,8.45131,8.45131,2025786620.0,PRE,2.8244288,,,70.3436,-1.7136002,-0.024360428,69.73225,-1.1022491,-0.015806878,,15,0,America/New_York,EDT,-14400000,,NGM,0.80786633,74.93,63.54,0.57,False,False,False,PHO,1514505600.0,,,0.09,762.5555,,,,,,,
Industrials,industrials,16,IYJ,iShares U.S. Industrials ETF,https://finance.yahoo.com/research-hub/screener/sec-ind_sec-top-etfs_industrials/,2026-09-28T12:36:45+00:00,en-US,US,ETF,ETF,Delayed Quote,False,LOW,0.73,27.233115,19.87006,16.92784,USD,0.37,156.72,153.74,iShares U.S. Industrials ETF,156.72,1.27,0.816986,True,963581400000,2,,,,,1.27,1790366400,156.72,157.08,155.67 - 157.08,155.67,41873,155.45,500.0,500.0,us_market,finmb_8796449,Cboe US,iShares U.S. Industrials ETF,155.86,126007,166900,[],17.820007,0.1282938,138.9 - 171.25,-14.529999,-0.084846705,7.948756,,26.476265,,9.14073,2.22558,2.22558,1926198140.0,PRE,5.919264,,,162.5952,-5.8751984,-0.036133897,157.5926,-0.87260437,-0.0055370894,,15,0,America/New_York,EDT,-14400000,,BTS,0.816986,171.25,138.9,0.73,False,False,False,IYJ,,,,,,,,,,,,
Industrials,industrials,17,FIW,First Trust Water ETF,https://finance.yahoo.com/research-hub/screener/sec-ind_sec-top-etfs_industrials/,2026-09-28T12:36:45+00:00,en-US,US,ETF,ETF,Delayed Quote,False,LOW,0.71,24.527839,20.39505,31.89349,USD,0.5,0.0,0.0,First Trust Water ETF,105.16,0.910004,0.872905,True,1178890200000,2,,,,,0.910004,1790366400,105.16,105.32,103.9232 - 105.32,103.9232,50282,104.25,300.0,100.0,us_market,finmb_34335512,NYSEArca,First Trust Water ETF,104.36,52026,55900,[],6.640007,0.06739756,98.52 - 116.3,-11.139999,-0.09578675,-5.3635716,,23.538486,,1.18101,5.78386,5.78386,1878429820.0,PRE,4.467577,,,108.8646,-3.7045975,-0.034029406,108.40315,-3.2431488,-0.029917477,,15,0,America/New_York,EDT,-14400000,,PCX,0.872905,116.3,98.52,0.71,False,False,False,FIW,,,,,,,,,,,,
Industrials,industrials,18,HYDB,iShares High Yield Systematic Bond ETF,https://finance.yahoo.com/research-hub/screener/sec-ind_sec-top-etfs_industrials/,2026-09-28T12:36:45+00:00,en-US,US,ETF,ETF,Delayed Quote,False,LOW,,,14.78308,5.2711,USD,0.35,45.5,43.47,iShares High Yield Systematic B,45.42,-0.0300026,-0.0660123,True,1500039000000,2,,,,,-0.0300026,1790366401,45.42,45.475,45.3101 - 45.475,45.3101,132941,45.45,1500.0,600.0,us_market,finmb_428736116,Cboe US,iShares High Yield Systematic Bond ETF,45.47,152600,108100,[],0.109996796,0.0024276495,45.31 - 47.89,-2.4700012,-0.051576555,-5.1576557,,,,2.3359,0.91526,0.91526,1609073020.0,PRE,,,,46.2545,-0.8345032,-0.018041557,46.819077,-1.3990784,-0.029882656,,15,0,America/New_York,EDT,-14400000,,BTS,-0.0660123,47.89,45.31,6.96,False,False,False,HYDB,,,,,,,,,,,,
Industrials,industrials,19,PWRD,TCW Transform Systems ETF,https://finance.yahoo.com/research-hub/screener/sec-ind_sec-top-etfs_industrials/,2026-09-28T12:36:45+00:00,en-US,US,ETF,ETF,Delayed Quote,False,LOW,0.06,32.020493,,,USD,0.75,123.09,104.5,TCW Transform Systems ETF,106.46,0.8800049,0.8319986,True,1643898600000,2,,,,,0.69000244,1790366400,106.46,106.87,105.87 - 106.87,105.87,32497,105.77,2.0,2.0,us_market,finmb_713673640,NasdaqGM,TCW Transform Systems ETF,106.01,77879,66180,[],15.879997,0.1753146,90.58 - 123.23,-16.770004,-0.13608703,10.550367,0.0,32.404007,0.0,9.71791,-6.43909,-6.43909,1456380670.0,PRE,3.285396,,,108.36198,-1.9019775,-0.017552076,106.807365,-0.34736633,-0.0032522695,,15,0,America/New_York,EDT,-14400000,,NGM,0.6523612,123.23,90.58,0.06,False,False,False,PWRD,,,,,,2025-06-27,,,,,,
Industrials,industrials,20,EXI,iShares Global Industrials ETF,https://finance.yahoo.com/research-hub/screener/sec-ind_sec-top-etfs_industrials/,2026-09-28T12:36:45+00:00,en-US,US,ETF,ETF,Delayed Quote,False,LOW,1.07,25.900026,21.67382,17.51284,USD,0.38,204.56,0.0,iShares Global Industrials ETF,192.2,2.08,1.08679,True,1159363800000,2,-1.2700043,-0.6564347,1790585169.0,192.2,2.08,1790366400,193.47,193.97,191.99 - 193.97,191.99,59221,191.39,100.0,100.0,us_market,finmb_29103200,NYSEArca,iShares Global Industrials ETF,193.0,42530,76270,[],27.770004,0.16759206,165.7 - 207.79,-14.319992,-0.068915695,12.489092,,25.333054,,13.6608,1.76975,1.76975,1431256960.0,PRE,7.637058,,,198.2314,-4.7613983,-0.024019396,192.2685,1.2015076,0.006249113,,15,0,America/New_York,EDT,-14400000,,PCX,1.08679,207.79,165.7,1.07,False,False,False,EXI,,,,,,,,,,,,
Industrials,industrials,21,EUAD,Select STOXX Europe Aerospace & Defense ETF,https://finance.yahoo.com/research-hub/screener/sec-ind_sec-top-etfs_industrials/,2026-09-28T12:36:45+00:00,en-US,US,ETF,ETF,Nasdaq Real Time Price,False,LOW,0.38,29.420418,,,USD,0.5,44.25,41.88,Select STOXX Europe Aerospace &,42.79,0.0200005,0.0467628,True,1729603800000,2,,,,,0.0200005,1790366400,42.79,42.845,42.43 - 42.845,42.43,69045,42.77,300.0,300.0,us_market,finmb_1892901693,Cboe US,Select STOXX Europe Aerospace & Defense ETF,42.62,146677,158520,[],5.170002,0.13742696,37.62 - 48.44,-5.6499977,-0.1166391,-7.879442,0.0,28.372768,0.0,5.65232,4.31648,4.31648,1142662270.0,PRE,1.5081363,,,44.5477,-1.757698,-0.03945654,43.409576,-0.6195755,-0.014272784,,15,0,America/New_York,EDT,-14400000,,BTS,0.0467628,48.44,37.62,0.38,False,False,False,EUAD,,,,,,,,,,,,
Industrials,industrials,22,RSPN,Invesco S&P 500 Equal Weight Industrials ETF,https://finance.yahoo.com/research-hub/screener/sec-ind_sec-top-etfs_industrials/,2026-09-28T12:36:45+00:00,en-US,US,ETF,ETF,Nasdaq Real Time Price,False,LOW,0.85,25.819778,22.13942,26.07755,USD,0.4,0.0,0.0,Invesco S&P 500 Equal Weight In,58.97,-0.0099983215,-0.016952055,True,1162909800000,2,-0.0099983215,-0.016952055,1790597091.0,58.97,0.5,1790366400,58.97,59.255,58.71 - 59.255,58.71,298660,58.47,2100.0,300.0,us_market,finmb_30119204,NYSEArca,Invesco S&P 500 Equal Weight Industrials ETF,58.75,195715,340840,[],5.5,0.10286141,53.47 - 65.49,-6.5199966,-0.09955714,5.718899,,24.741508,,9.12867,1.66881,1.66881,1042707580.0,PRE,2.383444,,,62.1384,-3.1683998,-0.0509894,60.9106,-1.9405975,-0.031859767,,15,0,America/New_York,EDT,-14400000,,PCX,0.855139,65.49,53.47,0.85,False,False,False,RSPN,,,,,,,,,,,,
Industrials,industrials,23,FTXR,First Trust Nasdaq Transportation ETF,https://finance.yahoo.com/research-hub/screener/sec-ind_sec-top-etfs_industrials/,2026-09-28T12:36:45+00:00,en-US,US,ETF,ETF,Delayed Quote,False,LOW,1.0,22.512382,20.6545,24.22383,USD,0.6,45.66,45.52,First Trust Nasdaq Transportati,41.79,0.47000122,1.1374667,True,1474551000000,2,,,,,0.47000122,1790366401,41.79,41.895,41.3052 - 41.895,41.3052,3193719,41.32,10.0,3.0,us_market,finmb_374035393,NasdaqGM,First Trust Nasdaq Transportation ETF,41.44,165612,390410,[],8.173,0.24312104,33.617 - 46.17,-4.3799973,-0.09486674,18.721592,0.0,21.509483,0.0,13.2133,-2.182,-2.182,1027303230.0,PRE,1.9428641,,,43.99946,-2.2094574,-0.050215557,42.019707,-0.22970581,-0.005466621,,15,0,America/New_York,EDT,-14400000,,NGM,1.1374667,46.17,33.617,1.0,False,False,False,FTXR,1490918400.0,,,,,,,,,,,
Industrials,industrials,24,ARKX,ARK Space & Defense Innovation ETF,https://finance.yahoo.com/research-hub/screener/sec-ind_sec-top-etfs_industrials/,2026-09-28T12:36:45+00:00,en-US,US,ETF,ETF,Nasdaq Real Time Price,False,LOW,0.0,31.595577,,,USD,0.75,32.7,32.1,ARK Space & Defense Innovation ,32.4881,-0.20690155,-0.6328232,True,1617111000000,2,-0.20690155,-0.6328232,1790598791.0,32.4881,-0.0750008,1790366396,32.695,33.03,32.58 - 33.03,32.58,432651,32.77,600.0,800.0,us_market,finmb_701246380,Cboe US,ARK Space & Defense Innovation ETF,32.96,594923,382770,[],7.5249996,0.298967,25.17 - 37.89,-5.1949997,-0.13710742,16.186916,0.0,31.902945,0.0,11.95716,-13.32049,-13.32049,768021440.0,PRE,1.024827,,,32.3326,0.36240005,0.0112085035,32.373573,0.3214264,0.009928666,,15,0,America/New_York,EDT,-14400000,,BTS,-0.22887,37.89,25.17,0.0,False,False,False,ARKX,,,,,,2021-03-30,,,,,,
Industrials,industrials,25,JETS,U.S. Global Jets ETF,https://finance.yahoo.com/research-hub/screener/sec-ind_sec-top-etfs_industrials/,2026-09-28T12:36:45+00:00,en-US,US,ETF,ETF,Nasdaq Real Time Price,False,LOW,0.82,14.382281,11.50847,-5.04491,USD,0.6,30.14,0.0,U.S. Global Jets ETF,28.4703,-0.49969864,-1.7248832,True,1430400600000,2,-0.49969864,-1.7248832,1790598345.0,28.4703,0.52,1790366400,28.98,29.13,28.27 - 29.13,28.27,4094926,28.46,3900.0,1700.0,us_market,finmb_281809878,NYSEArca,U.S. Global Jets ETF,28.71,3166649,5423410,[],5.449999,0.23161915,23.53 - 34.06,-5.080002,-0.14914861,15.6886215,0.0,14.624508,0.0,1.4563,-2.79533,-2.79533,765059520.0,PRE,1.981605,,,29.9412,-0.9612007,-0.032102946,28.5467,0.43330002,0.015178638,,15,0,America/New_York,EDT,-14400000,,PCX,1.82713,34.06,23.53,0.82,False,False,False,JETS,,,,,,,,,,,,
Industrials,industrials,26,MISL,First Trust Indxx Aerospace & Defense ETF,https://finance.yahoo.com/research-hub/screener/sec-ind_sec-top-etfs_industrials/,2026-09-28T12:36:45+00:00,en-US,US,ETF,ETF,Delayed Quote,False,LOW,0.31,32.722513,,,USD,0.6,42.85,41.55,First Trust Indxx Aerospace & D,42.64,0.0400009,0.0938989,True,1666791000000,2,,,,,0.0400009,1790366400,42.64,42.9596,42.47 - 42.9596,42.47,113164,42.6,100.0,700.0,us_market,finmb_1793304002,NYSEArca,First Trust Indxx Aerospace & Defense ETF,42.63,88582,74350,[],3.7999992,0.09783726,38.84 - 51.1,-8.459999,-0.16555771,4.869652,0.0,31.610512,0.0,3.24494,-9.7546,-9.7546,728223360.0,PRE,1.3489183,,,44.2578,-1.6178017,-0.036554046,45.80942,-3.1694221,-0.06918713,,15,0,America/New_York,EDT,-14400000,,PCX,0.0938989,51.1,38.84,0.31,False,False,False,MISL,,,,,,,,,,,,
Industrials,industrials,27,FXR,First Trust Industrials/Producer Durables AlphaDEX Fund,https://finance.yahoo.com/research-hub/screener/sec-ind_sec-top-etfs_industrials/,2026-09-28T12:36:45+00:00,en-US,US,ETF,ETF,Delayed Quote,False,LOW,0.67,20.140987,26.8154,25.26969,USD,0.6,0.0,78.4,First Trust Industrials AlphaDE,83.1857,0.862396,1.04757,True,1178803800000,2,,,,,0.862396,1790365000,83.1857,83.4513,82.5351 - 83.4513,82.5351,10264,82.3233,200.0,100.0,us_market,finmb_34336549,NYSEArca,First Trust Industrials/Producer Durables AlphaDEX Fund,82.5351,31674,23140,[],10.105698,0.13828267,73.08 - 92.78,-9.594299,-0.103409134,7.0105433,,19.329052,,8.7278,-0.51259,-0.51259,727687100.0,PRE,4.303662,,,87.7368,-4.5511017,-0.05187221,86.44415,-3.2584534,-0.037694316,,15,0,America/New_York,EDT,-14400000,,PCX,1.04757,92.78,73.08,0.67,False,False,False,FXR,,,,,,,,,,,,
Industrials,industrials,28,VOLT,Tema Electrification ETF,https://finance.yahoo.com/research-hub/screener/sec-ind_sec-top-etfs_industrials/,2026-09-28T12:36:45+00:00,en-US,US,ETF,ETF,Delayed Quote,False,LOW,0.25,29.481132,,,USD,0.75,38.49,38.32,Tema Electrification ETF,35.89,0.34000015,0.955325,True,1733409000000,2,-0.040000916,-0.11133013,1790587341.0,35.89,0.34000015,1790366400,35.93,35.995,35.6 - 35.995,35.6,131090,35.59,5.0,5.0,us_market,finmb_1899385920,NasdaqGM,Tema Electrification ETF,35.72,250004,169910,[],7.880001,0.28092697,28.05 - 42.16,-6.2299995,-0.14777039,26.114428,0.0,29.721016,0.0,23.082,-8.79026,-8.79026,722507520.0,PRE,1.2089089,,,36.7866,-0.8565979,-0.023285598,35.986015,-0.056015015,-0.0015565773,,15,0,America/New_York,EDT,-14400000,,NGM,0.955325,42.16,28.05,0.25,False,False,False,VOLT,,,,,,2024-12-04,Volt Information Sciences,,,,,
Industrials,industrials,29,EMHY,iShares J.P. Morgan EM High Yield Bond ETF,https://finance.yahoo.com/research-hub/screener/sec-ind_sec-top-etfs_industrials/,2026-09-28T12:36:45+00:00,en-US,US,ETF,ETF,Delayed Quote,False,LOW,,,11.42688,-2.53964,USD,0.5,40.67,38.5,iShares J.P. Morgan EM High Yie,39.26,-0.0300026,-0.0763619,True,1333459800000,2,,,,,-0.0300026,1790366400,39.26,39.295,39.115 - 39.295,39.115,113427,39.29,700.0,400.0,us_market,finmb_183653985,Cboe US,iShares J.P. Morgan EM High Yield Bond ETF,39.29,115096,113090,[],0.3599968,0.0092544155,38.9 - 40.99,-1.7300034,-0.042205498,-1.3071895,0.0,,0.0,3.86854,1.01582,1.01582,645979460.0,PRE,,,,40.081,-0.82100296,-0.020483594,40.27935,-1.019352,-0.025307061,,15,0,America/New_York,EDT,-14400000,,BTS,-0.0763619,40.99,38.9,6.49,False,False,False,EMHY,,,,,,,,,,,,
Industrials,industrials,30,FISR,State Street Fixed Income Sector Rotation ETF,https://finance.yahoo.com/research-hub/screener/sec-ind_sec-top-etfs_industrials/,2026-09-28T12:36:45+00:00,en-US,US,ETF,ETF,Delayed Quote,False,LOW,4.25,20.618557,5.2203,-1.80929,USD,0.5,25.6,21.57,State Street Fixed Income Secto,24.6,0.0300007,0.122103,True,1554298200000,2,,,,,0.0300007,1790366391,24.6,24.62,24.5262 - 24.62,24.5262,91725,24.57,1900.0,1000.0,us_market,finmb_601827540,NYSEArca,State Street Fixed Income Sector Rotation ETF,24.5991,226831,88210,[],0.07400131,0.0030172598,24.526 - 26.38,-1.7799988,-0.06747532,-5.620563,0.0,20.111677,0.0,-0.19179,-0.64165,-0.64165,630891460.0,PRE,1.22317,,,25.13076,-0.5307598,-0.021119926,25.60105,-1.001049,-0.039101876,,15,0,America/New_York,EDT,-14400000,,PCX,0.122103,26.38,24.526,4.25,False,False,False,FISR,,,,,,,,,,,,
Industrials,industrials,31,HYEM,VanEck Emerging Markets High Yield Bond ETF,https://finance.yahoo.com/research-hub/screener/sec-ind_sec-top-etfs_industrials/,2026-09-28T12:36:45+00:00,en-US,US,ETF,ETF,Delayed Quote,False,LOW,6.62,59.988002,8.11524,-1.42163,USD,0.4,19.66,19.45,VanEck Emerging Markets High Yi,19.66,0.0200005,0.101835,True,1337002200000,2,,,,,0.0200005,1790366400,19.66,19.66,19.6 - 19.66,19.6,66174,19.64,2600.0,500.0,us_market,finmb_206637445,NYSEArca,VanEck Emerging Markets High Yield Bond ETF,19.65,125106,164620,[],0.20999908,0.010796867,19.45 - 20.36,-0.70000076,-0.034381177,-2.140367,0.0,58.645657,0.0,4.75078,1.36348,1.36348,520773440.0,PRE,0.3352337,,,19.9562,-0.2961998,-0.014842495,20.01545,-0.35544968,-0.017758766,,15,0,America/New_York,EDT,-14400000,,PCX,0.101835,20.36,19.45,6.76,False,False,False,HYEM,,,,,,,,,,,,
Industrials,industrials,32,CEMB,iShares J.P. Morgan EM Corporate Bond ETF,https://finance.yahoo.com/research-hub/screener/sec-ind_sec-top-etfs_industrials/,2026-09-28T12:36:45+00:00,en-US,US,ETF,ETF,Delayed Quote,False,LOW,,,8.06672,-0.44435,USD,0.5,46.31,42.33,iShares J.P. Morgan EM Corporat,44.31,-0.00999832,-0.0225594,True,1334842200000,2,,,,,-0.00999832,1790366400,44.31,44.365,44.25 - 44.365,44.25,128995,44.32,600.0,700.0,us_market,finmb_201032157,Cboe US,iShares J.P. Morgan EM Corporate Bond ETF,44.34,58547,69450,[],0.060001373,0.0013559633,44.25 - 46.5,-2.1899986,-0.047096744,-4.1116657,0.0,,0.0,1.72368,0.27161,0.27161,433650912.0,PRE,,,,45.0894,-0.7793999,-0.017285656,45.5794,-1.2693977,-0.027850252,,15,0,America/New_York,EDT,-14400000,,BTS,-0.0225594,46.5,44.25,5.22,False,False,False,CEMB,,,,,,,,,,,,
Industrials,industrials,33,PRN,Invesco Dorsey Wright Industrials Momentum ETF,https://finance.yahoo.com/research-hub/screener/sec-ind_sec-top-etfs_industrials/,2026-09-28T12:36:45+00:00,en-US,US,ETF,ETF,Delayed Quote,False,LOW,0.11,33.046927,37.15169,25.55719,USD,0.6,223.94,222.82,Invesco Dorsey Wright Industria,201.3575,1.9600067,0.98241025,True,1160659800000,2,,,,,1.8475037,1790366400,201.3575,202.655,200.1 - 202.655,200.1,24597,199.51,1.0,1.0,us_market,finmb_29596967,NasdaqGM,Invesco Dorsey Wright Industrials Momentum ETF,201.74,41565,19790,[],45.3575,0.2907532,156.0 - 262.73,-61.372513,-0.23359537,18.058157,,33.656597,,13.23597,-19.51557,-19.51557,369715136.0,PRE,5.982705,,,209.7412,-8.3836975,-0.03997163,212.49565,-11.138153,-0.05241591,,15,0,America/New_York,EDT,-14400000,,NGM,0.9260206,262.73,156.0,0.11,False,False,False,PRN,,,,,,,,,,,,
Industrials,industrials,34,XTN,State Street SPDR S&P Transportation ETF,https://finance.yahoo.com/research-hub/screener/sec-ind_sec-top-etfs_industrials/,2026-09-28T12:36:45+00:00,en-US,US,ETF,ETF,Delayed Quote,False,LOW,0.7,17.593244,25.29278,33.88697,USD,0.35,0.0,93.51,State Street SPDR S&P Transport,98.94,0.389999,0.395738,True,1296138600000,2,,,,,0.389999,1790366400,98.94,99.445,98.475 - 99.445,98.475,48808,98.55,100.0,200.0,us_market,finmb_118789341,NYSEArca,State Street SPDR S&P Transportation ETF,99.01,70187,229220,[],19.760002,0.249558,79.18 - 120.9,-21.96,-0.1816377,17.15808,,16.478989,,16.11048,-5.15582,-5.15582,360320544.0,PRE,6.0040092,,,107.5236,-8.583595,-0.07982987,103.7366,-4.7966003,-0.046238262,,15,0,America/New_York,EDT,-14400000,,PCX,0.395738,120.9,79.18,0.7,False,False,False,XTN,,,,,,,,,,,,
Industrials,industrials,35,PKB,Invesco Building & Construction ETF,https://finance.yahoo.com/research-hub/screener/sec-ind_sec-top-etfs_industrials/,2026-09-28T12:36:45+00:00,en-US,US,ETF,ETF,Delayed Quote,False,LOW,0.2,24.032684,54.78778,32.90815,USD,0.57,0.0,87.41,Invesco Building & Construction,92.6091,1.3391,1.46719,True,1130333400000,2,,,,,1.3391,1790366151,92.6091,92.64,91.4436 - 92.64,91.4436,7616,91.27,600.0,1900.0,us_market,finmb_25304387,NYSEArca,Invesco Building & Construction ETF,91.71,34549,23120,[],3.729103,0.041956607,88.88 - 115.81,-23.200897,-0.20033588,-1.937741,,22.947163,,4.7493,-7.15664,-7.15664,337537664.0,PRE,4.0357537,,,98.9664,-6.3573,-0.064236954,101.80305,-9.193947,-0.09031112,,15,0,America/New_York,EDT,-14400000,,PCX,1.46719,115.81,88.88,0.2,False,False,False,PKB,,,,,,,,,,,,
Industrials,industrials,36,DFEN,Direxion Daily Aerospace & Defense Bull 3X Shares,https://finance.yahoo.com/research-hub/screener/sec-ind_sec-top-etfs_industrials/,2026-09-28T12:36:45+00:00,en-US,US,ETF,ETF,Nasdaq Real Time Price,False,LOW,0.16,34.650035,24.26105,12.74799,USD,0.96,51.65,0.0,Direxion Daily Aerospace & Defe,51.35,-0.6500015,-1.250003,True,1493818200000,2,-0.6500015,-1.250003,1790598466.0,51.35,0.790001,1790366400,51.99,52.93,50.835 - 52.93,50.835,344208,51.2,300.0,100.0,us_market,finmb_427185794,NYSEArca,Direxion Daily Aerospace & Defense Bull 3X Shares,51.46,209990,321430,[],1.7100029,0.034009606,50.28 - 97.75,-45.76,-0.46813297,-20.064575,0.0,28.196201,0.0,0.00823,-14.89774,-14.89774,335238784.0,PRE,1.8438655,,,69.395,-17.404995,-0.2508105,72.4323,-20.442295,-0.28222623,,15,0,America/New_York,EDT,-14400000,,PCX,1.54297,97.75,50.28,0.16,False,False,False,DFEN,,,,,,,,,,,,
Industrials,industrials,37,OPPJ,WisdomTree Japan Opportunities Fund,https://finance.yahoo.com/research-hub/screener/sec-ind_sec-top-etfs_industrials/,2026-09-28T12:36:45+00:00,en-US,US,ETF,ETF,Delayed Quote,False,LOW,1.11,16.305234,36.7,11.97926,USD,0.58,62.59,52.98,WisdomTree Japan Opportunities ,59.93,0.89500046,1.5160506,True,1372426200000,2,,,,,0.89500046,1790366400,59.93,60.28,59.4701 - 60.28,59.4701,27197,59.035,2.0,2.0,us_market,finmb_206612698,NasdaqGM,WisdomTree Japan Opportunities Fund,60.04,50339,28830,[],18.830002,0.45815092,41.1 - 61.45,-1.5200005,-0.024735564,42.28395,0.0,16.8029,0.0,26.77073,-1.08719,-1.08719,284960192.0,PRE,3.5666463,,,58.1884,1.7416,0.029930364,55.51105,4.418949,0.07960486,,15,0,America/New_York,EDT,-14400000,,NGM,1.5160506,61.45,41.1,1.11,False,False,False,OPPJ,,,,,,,,,,,,
Industrials,industrials,38,WELD,Tema U.S. Manufacturing & Reshoring ETF,https://finance.yahoo.com/research-hub/screener/sec-ind_sec-top-etfs_industrials/,2026-09-28T12:36:45+00:00,en-US,US,EQUITY,Equity,Delayed Quote,False,LOW,0.21,40.883074,,,USD,,0.0,0.0,Tema U.S. Manufacturing & Resho,53.8159,0.450897,0.844931,True,1683811800000,2,,,,,0.450897,1790366230,53.8159,53.92,53.35 - 53.92,53.35,41762,53.365,400.0,200.0,us_market,finmb_1815862737,NYSEArca,Tema U.S. Manufacturing & Reshoring ETF,53.61,39317,38240,[],12.475899,0.30178759,41.34 - 67.0,-13.184101,-0.19677763,26.121403,0.0,32.171688,0.0,,,,,PRE,1.672772,,,55.70324,-1.8873405,-0.03388206,53.837646,-0.02174759,-0.00040394763,,15,0,America/New_York,EDT,-14400000,,PCX,0.844931,67.0,41.34,,False,False,False,WELD,,,,,,,,Tema ETF Trust  - Tema American Industrial Revolution ETF,2026-09-28,,,
Industrials,industrials,39,PIO,Invesco Global Water ETF,https://finance.yahoo.com/research-hub/screener/sec-ind_sec-top-etfs_industrials/,2026-09-28T12:36:45+00:00,en-US,US,ETF,ETF,Delayed Quote,False,LOW,0.9,21.762786,21.13131,25.85905,USD,0.75,47.14,46.18,Invesco Global Water ETF,43.19,0.24899673,0.57985777,True,1181741400000,2,,,,,0.24899673,1790366400,43.19,43.265,42.94 - 43.265,42.94,10134,42.941,1.0,1.0,us_market,finmb_34951151,NasdaqGM,Invesco Global Water ETF,42.95,6714,5990,[],1.0999985,0.026134437,42.09 - 48.63,-5.4400024,-0.11186515,-2.3513436,0.0,21.041746,0.0,1.95681,1.85066,1.85066,272474048.0,PRE,2.0525863,,,44.4426,-1.2526016,-0.028184706,45.06065,-1.8706512,-0.041514076,,15,0,America/New_York,EDT,-14400000,,NGM,0.57985777,48.63,42.09,0.9,False,False,False,PIO,1514505600.0,,,,,,,,,,,
Industrials,industrials,40,JEDI,Defiance Drone and Modern Warfare ETF,https://finance.yahoo.com/research-hub/screener/sec-ind_sec-top-etfs_industrials/,2026-09-28T12:36:45+00:00,en-US,US,ETF,ETF,Delayed Quote,False,LOW,,,,,USD,0.99,26.1,0.0,Defiance Drone and Modern Warfa,26.15,-0.36499977,-1.3791791,True,1758893400000,2,-0.38000107,-1.4323448,1790597361.0,26.15,0.110001,1790366400,26.53,26.995,26.38 - 26.995,26.38,156772,26.42,300.0,1800.0,us_market,finmb_1958728556,NYSEArca,Defiance Drone and Modern Warfare ETF,26.67,206452,94830,[],4.620001,0.21086267,21.91 - 42.99,-16.460001,-0.38287973,3.1092167,0.0,35.868267,0.0,8.61502,-37.32,-37.32,195602416.0,PRE,0.739651,,,26.5234,0.0066013336,0.00024888717,27.810635,-1.2806339,-0.046048354,,15,0,America/New_York,EDT,-14400000,,PCX,0.416354,42.99,21.91,,False,False,False,JEDI,,,,,,,,,,,,
Industrials,industrials,41,ROKT,State Street SPDR S&P Kensho Final Frontiers ETF,https://finance.yahoo.com/research-hub/screener/sec-ind_sec-top-etfs_industrials/,2026-09-28T12:36:45+00:00,en-US,US,ETF,ETF,Nasdaq Real Time Price,False,LOW,0.28,26.007802,14.45714,4.71499,USD,0.45,113.31,0.0,State Street SPDR S&P Kensho Fi,107.149,0.160004,0.149552,True,1540301400000,2,,,,,0.160004,1790366243,107.149,108.219,106.88 - 108.219,106.88,10026,106.989,500.0,500.0,us_market,finmb_578353013,NYSEArca,State Street SPDR S&P Kensho Final Frontiers ETF,107.45,21953,11620,[],34.509003,0.47506887,72.64 - 137.63,-30.481003,-0.22147062,42.676437,0.0,25.316336,0.0,29.63428,-18.03496,-18.03496,193732992.0,PRE,4.2324057,,,111.7176,-4.568596,-0.040894147,107.6994,-0.5503998,-0.0051105185,,15,0,America/New_York,EDT,-14400000,,PCX,0.149552,137.63,72.64,0.28,False,False,False,ROKT,,,,,,,,,,,,
Industrials,industrials,42,GRNB,VanEck Green Bond ETF,https://finance.yahoo.com/research-hub/screener/sec-ind_sec-top-etfs_industrials/,2026-09-28T12:36:45+00:00,en-US,US,ETF,ETF,Delayed Quote,False,LOW,4.42,23.866348,6.95086,-2.00035,USD,0.2,24.37,22.37,VanEck Green Bond ETF,23.3729,0.0128994,0.05522,True,1488897000000,2,,,,,0.0128994,1790366182,23.3729,23.39,23.32 - 23.39,23.32,52652,23.36,100.0,200.0,us_market,finmb_418665898,NYSEArca,VanEck Green Bond ETF,23.38,32588,50530,[],0.052900314,0.0022684527,23.32 - 24.67,-1.2971001,-0.052578032,-4.443991,0.0,23.418379,0.0,0.46758,-0.11552,-0.11552,186739424.0,PRE,0.998058,,,23.7352,-0.36230087,-0.015264285,24.06449,-0.69158936,-0.028739,,15,0,America/New_York,EDT,-14400000,,PCX,0.05522,24.67,23.32,4.42,False,False,False,GRNB,1493942400.0,,,,,,,,,,,
Industrials,industrials,43,PSCI,Invesco S&P SmallCap Industrials ETF,https://finance.yahoo.com/research-hub/screener/sec-ind_sec-top-etfs_industrials/,2026-09-28T12:36:45+00:00,en-US,US,ETF,ETF,Delayed Quote,False,LOW,0.48,19.650226,31.47969,25.55186,USD,0.29,236.94,133.87,Invesco S&P SmallCap Industrial,163.4566,1.2751007,0.7852814,True,1270647000000,2,,,,,1.081604,1790366400,163.4566,163.96,162.51 - 163.96,162.51,17021,162.375,2.0,2.0,us_market,finmb_100588929,NasdaqGM,Invesco S&P SmallCap Industrials ETF,162.95,18250,87490,[],24.566605,0.17687814,138.89 - 187.05,-23.5934,-0.12613419,10.163093,0.0,18.71335,0.0,14.5982,0.50654,0.50654,183660064.0,PRE,8.734759,,,174.4992,-11.042603,-0.06328168,168.5466,-5.0899963,-0.030199341,,15,0,America/New_York,EDT,-14400000,,NGM,0.66611487,187.05,138.89,0.48,False,False,False,PSCI,1498780800.0,,,,,,,,,,,
Industrials,industrials,44,RKLX,Defiance Daily Target 2X Long RKLB ETF,https://finance.yahoo.com/research-hub/screener/sec-ind_sec-top-etfs_industrials/,2026-09-28T12:36:45+00:00,en-US,US,ETF,ETF,Delayed Quote,False,LOW,,,,,USD,1.63,26.39,16.46,Defiance Daily Target 2X Long R,19.14,-0.29999924,-1.5511853,True,1741872600000,2,-0.20000076,-1.0341301,1790598975.0,19.14,0.15999985,1790366400,19.34,20.05,18.7407 - 20.05,18.7407,2686947,19.18,2.0,2.0,us_market,finmb_1916074834,NasdaqGM,Defiance Daily Target 2X Long RKLB ETF,19.5,2817607,3189880,[],6.049,0.45511997,13.291 - 114.83,-95.490005,-0.8315771,-28.801077,0.0,,0.0,-62.24965,-85.4373,-85.4373,155135264.0,PRE,,,,18.3102,1.0298004,0.0562419,39.159176,-19.819176,-0.5061183,,15,0,America/New_York,EDT,-14400000,,NGM,0.83420146,114.83,13.291,39.52,False,False,False,RKLX,,,,,,2025-03-13,,,,,,
Industrials,industrials,45,GINC,Goldman Sachs Income ETF,https://finance.yahoo.com/research-hub/screener/sec-ind_sec-top-etfs_industrials/,2026-09-28T12:36:45+00:00,en-US,US,ETF,ETF,Delayed Quote,False,LOW,5.56,26.143791,,,USD,0.4,0.0,0.0,Goldman Sachs Income ETF,48.9341,0.0191002,0.0390477,True,1786368600000,2,,,,,0.0191002,1790346265,48.9341,48.9341,48.8599 - 48.9341,48.8599,643,48.915,200.0,100.0,us_market,finmb_637562851,NYSEArca,Goldman Sachs Income ETF,48.92,85752,268810,[],0.07419968,0.0015186211,48.8599 - 50.25,-1.3158989,-0.026187042,-2.1986783,0.0,25.573671,0.0,1.09902,0.16386,0.16386,152215072.0,PRE,1.9134562,,,49.68147,-0.74736786,-0.015043192,49.68147,-0.74736786,-0.015043192,,15,0,America/New_York,EDT,-14400000,,PCX,0.0390477,50.25,48.8599,5.56,False,False,False,GINC,,,,,,,,,,,,
Industrials,industrials,46,ERTH,Invesco MSCI Sustainable Future ETF,https://finance.yahoo.com/research-hub/screener/sec-ind_sec-top-etfs_industrials/,2026-09-28T12:36:45+00:00,en-US,US,ETF,ETF,Delayed Quote,False,LOW,1.97,20.341741,-0.23778,2.18936,USD,0.65,0.0,0.0,Invesco MSCI Sustainable Future,43.1516,0.074398,0.172709,True,1161696600000,2,,,,,0.074398,1790361316,43.1516,43.28,43.015 - 43.28,43.015,3113,43.0772,200.0,100.0,us_market,finmb_29855207,NYSEArca,Invesco MSCI Sustainable Future ETF,43.34,4117,7650,[],0.18159866,0.0042261733,42.97 - 51.45,-8.298401,-0.16129059,-8.793068,,19.082146,,-1.6458,-9.83234,-9.83234,133412392.0,PRE,2.26136,,,45.7778,-2.6262016,-0.057368454,47.67505,-4.523449,-0.09488085,,15,0,America/New_York,EDT,-14400000,,PCX,0.172709,51.45,42.97,1.97,False,False,False,ERTH,,,,,,,,,,,,
Industrials,industrials,47,DRNZ,REX Drone ETF,https://finance.yahoo.com/research-hub/screener/sec-ind_sec-top-etfs_industrials/,2026-09-28T12:36:45+00:00,en-US,US,ETF,ETF,Delayed Quote,False,LOW,,,,,USD,0.65,23.23,22.68,REX Drone ETF,20.5,-0.19000053,-0.9161067,True,1761744600000,2,-0.049999237,-0.2433053,1790598518.0,20.5,-0.19249916,1790366400,20.5475,20.95,20.5 - 20.95,20.5,55661,20.74,1.0,1.0,us_market,finmb_1960080577,NasdaqGM,REX Drone ETF,20.78,132996,82290,[],2.5475006,0.14152782,18.0 - 30.12,-9.5725,-0.3178121,-15.900623,0.0,47.433826,0.0,-3.24865,-27.99483,-27.99483,115467816.0,PRE,0.43318245,,,21.5226,-0.97509956,-0.045305844,24.008896,-3.4613953,-0.14417136,,15,0,America/New_York,EDT,-14400000,,NGM,-0.9281541,30.12,18.0,,False,False,False,DRNZ,,,,,,2025-10-29,,,,,,
Industrials,industrials,48,KDEF,PLUS Korea Defense Industry Index ETF,https://finance.yahoo.com/research-hub/screener/sec-ind_sec-top-etfs_industrials/,2026-09-28T12:36:45+00:00,en-US,US,ETF,ETF,Delayed Quote,False,LOW,1.65,18.066847,,,USD,0.65,0.0,42.0,PLUS Korea Defense Industry Ind,42.51,0.65999985,1.5892123,True,1738852200000,2,0.98740005,2.3779824,1790583605.0,42.51,1.5126,1790366307,41.5226,41.56,40.895 - 41.56,40.895,135870,40.01,300.0,200.0,us_market,finmb_1911562524,NYSEArca,PLUS Korea Defense Industry Index ETF,40.93,53453,41380,[],8.3526,0.2518119,33.17 - 67.41,-25.887405,-0.38402912,-13.709474,0.0,17.705511,0.0,-1.70037,-14.57668,-14.57668,112938248.0,PRE,2.3451793,,,41.47662,0.045978546,0.0011085413,50.108253,-8.585655,-0.17134213,,15,0,America/New_York,EDT,-14400000,,PCX,3.78056,67.41,33.17,1.65,False,False,False,KDEF,,,,,,,,,,,,
Industrials,industrials,49,HYDR,Global X Hydrogen ETF,https://finance.yahoo.com/research-hub/screener/sec-ind_sec-top-etfs_industrials/,2026-09-28T12:36:45+00:00,en-US,US,ETF,ETF,Delayed Quote,False,LOW,,,,,USD,0.5,52.63,34.4,Global X Hydrogen ETF,44.695,1.1399994,2.621291,True,1626269400000,2,0.06499863,0.14563887,1790593200.0,44.695,1.1377983,1790366400,44.6278,44.95,43.77 - 44.95,43.77,11183,43.49,2.0,2.0,us_market,finmb_712165665,NasdaqGM,Global X Hydrogen ETF,43.77,48200,22500,[],12.937799,0.40826127,31.69 - 74.8,-30.172203,-0.4033717,34.85224,,,,35.5043,-38.10916,-38.10916,103197304.0,PRE,,,,43.37354,1.254261,0.028917655,45.07208,-0.44427872,-0.009857072,,15,0,America/New_York,EDT,-14400000,,NGM,2.6162295,74.8,31.69,3.05,False,False,False,HYDR,,,,,,,,,,,,
Industrials,industrials,50,NATO,Themes Transatlantic Defense ETF,https://finance.yahoo.com/research-hub/screener/sec-ind_sec-top-etfs_industrials/,2026-09-28T12:36:45+00:00,en-US,US,ETF,ETF,Delayed Quote,False,LOW,0.43,29.682398,,,USD,0.35,44.14,42.86,THEMES TRANSATLANTIC DEFENSE ET,37.835,-0.069999695,-0.18528241,True,1728653400000,2,,,,,0.055000305,1790366400,37.835,37.915,37.5501 - 37.915,37.5501,11452,37.78,1.0,1.0,us_market,finmb_1881887176,NasdaqGM,Themes Transatlantic Defense ETF,37.82,22142,15290,[],2.834999,0.08099997,35.0 - 44.39,-6.5550003,-0.1476684,-1.6506374,0.0,28.116322,0.0,5.2656,-2.71737,-2.71737,99856040.0,PRE,1.3456596,,,40.52394,-2.688942,-0.0663544,40.40382,-2.568821,-0.063578665,,15,0,America/New_York,EDT,-14400000,,NGM,0.14558049,44.39,35.0,0.43,False,False,False,NATO,,,,,,,,,,,,
Industrials,industrials,51,EVX,VanEck Environmental Services ETF,https://finance.yahoo.com/research-hub/screener/sec-ind_sec-top-etfs_industrials/,2026-09-28T12:36:45+00:00,en-US,US,ETF,ETF,Delayed Quote,False,LOW,0.18,27.995521,13.14221,27.73453,USD,0.55,0.0,38.75,VanEck Environmental Services E,39.3287,0.2449,0.626602,True,1161005400000,2,,,,,0.2449,1790361756,39.3287,39.36,38.98 - 39.36,38.98,4816,39.0838,1000.0,1000.0,us_market,finmb_29729919,NYSEArca,VanEck Environmental Services ETF,39.25,6565,4990,[],2.8887024,0.079272844,36.44 - 42.44,-3.1112976,-0.0733105,1.8648028,,27.065573,,6.15344,4.51147,4.51147,99529968.0,PRE,1.4530896,,,40.6186,-1.2898979,-0.031756338,40.1144,-0.78569794,-0.01958643,,15,0,America/New_York,EDT,-14400000,,PCX,0.626602,42.44,36.44,0.18,False,False,False,EVX,,,,,,,,,,,,
Industrials,industrials,52,WDEF,WisdomTree Trust,https://finance.yahoo.com/research-hub/screener/sec-ind_sec-top-etfs_industrials/,2026-09-28T12:36:45+00:00,en-US,US,EQUITY,Equity,Delayed Quote,False,LOW,0.07,30.854674,,,USD,,0.0,28.5,WisdomTree Europe Defense Fund,28.5,-0.00740051,-0.0257374,True,1752759000000,2,-0.24650002,-0.8574957,1790595900.0,28.5,-0.00740051,1790366063,28.7465,28.815,28.5 - 28.815,28.5,26255,28.7539,100.0,200.0,us_market,finmb_1941702066,NYSEArca,WisdomTree Trust,29.0,30961,11000,[],2.4965,0.09510476,26.25 - 34.74,-5.9935017,-0.17252451,-13.853759,0.0,,0.0,,,,,PRE,,,,30.32194,-1.5754395,-0.051957082,30.75396,-2.0074596,-0.065274835,,15,0,America/New_York,EDT,-14400000,,PCX,-0.0257374,34.74,26.25,,False,False,False,WDEF,,,,,,,,,,,,
Industrials,industrials,53,BOAT,SonicShares Global Shipping ETF,https://finance.yahoo.com/research-hub/screener/sec-ind_sec-top-etfs_industrials/,2026-09-28T12:36:45+00:00,en-US,US,ETF,ETF,Nasdaq Real Time Price,False,LOW,5.72,6.608949,,,USD,0.69,0.0,0.0,SonicShares Global Shipping ETF,51.59,1.4415092,2.874482,True,1628083800000,2,1.4415092,2.874482,1790593213.0,51.59,-0.380001,1790366400,50.92,51.42,50.75 - 51.42,50.75,31310,51.3,100.0,100.0,us_market,finmb_1674688220,NYSEArca,SonicShares Global Shipping ETF,51.34,48917,115940,[],21.799997,0.74862623,29.12 - 53.99,-3.0700035,-0.056862444,62.636936,0.0,6.872203,0.0,61.40621,24.34971,24.34971,97938848.0,PRE,7.4095597,,,47.57768,3.3423195,0.07024974,40.93595,9.984047,0.24389434,,15,0,America/New_York,EDT,-14400000,,PCX,-0.740743,53.99,29.12,5.72,False,False,False,BOAT,,,,,,,,,,,,
Industrials,industrials,54,BOTT,Themes Humanoid Robotics ETF,https://finance.yahoo.com/research-hub/screener/sec-ind_sec-top-etfs_industrials/,2026-09-28T12:36:45+00:00,en-US,US,ETF,ETF,Delayed Quote,False,LOW,0.0,33.222591,,,USD,0.35,58.52,32.72,Themes Humanoid Robotics ETF,42.6159,0.18999863,0.4470556,True,1713792600000,2,,,,,0.11589813,1790366400,42.6159,42.6999,42.38 - 42.6999,42.38,10936,42.5,2.0,2.0,us_market,finmb_1857168236,NasdaqGM,Themes Humanoid Robotics ETF,42.43,21325,13150,[],8.095898,0.23452774,34.52 - 70.07,-27.454102,-0.39180964,8.253109,0.0,33.10854,0.0,0.90135,-19.62306,-19.62306,62433488.0,PRE,1.2871573,,,42.72478,-0.108882904,-0.0025484718,48.92898,-6.3130836,-0.12902544,,15,0,America/New_York,EDT,-14400000,,NGM,0.2727015,70.07,34.52,0.0,False,False,False,BOTT,,,,,,2024-04-22,,,,,,
Industrials,industrials,55,MADE,iShares U.S. Manufacturing ETF,https://finance.yahoo.com/research-hub/screener/sec-ind_sec-top-etfs_industrials/,2026-09-28T12:36:45+00:00,en-US,US,ETF,ETF,Nasdaq Real Time Price,False,LOW,0.67,29.7442,,,USD,0.4,37.05,0.0,iShares U.S. Manufacturing ETF,35.5074,0.457401,1.305,True,1721309400000,2,,,,,0.457401,1790361820,35.5074,35.5074,35.28 - 35.5074,35.28,7653,35.05,300.0,200.0,us_market,finmb_1880486593,NYSEArca,iShares U.S. Manufacturing ETF,35.32,16173,8840,[],7.107401,0.2502606,28.4 - 39.68,-4.1726,-0.10515624,22.324038,0.0,29.686394,0.0,14.35517,-5.3692,-5.3692,59768584.0,PRE,1.1960833,,,36.48126,-0.9738579,-0.026694745,35.72899,-0.22158813,-0.0062019145,,15,0,America/New_York,EDT,-14400000,,PCX,1.305,39.68,28.4,0.67,False,False,False,MADE,,,,,,,,,,,,
Industrials,industrials,56,POW,VistaShares Electrification Supercycle ETF,https://finance.yahoo.com/research-hub/screener/sec-ind_sec-top-etfs_industrials/,2026-09-28T12:36:45+00:00,en-US,US,EQUITY,Equity,Delayed Quote,False,LOW,,,,,USD,,26.76,0.0,VistaShares Electrification Sup,26.29,0.220001,0.843887,True,1761658200000,2,,,,,0.220001,1790366400,26.29,26.38,26.1201 - 26.38,26.1201,37678,26.07,700.0,400.0,us_market,finmb_1889507223,NYSEArca,VistaShares Electrification Supercycle ETF,26.05,48800,30360,[],7.5700016,0.40438044,18.72 - 35.55,-9.259998,-0.26047817,29.718256,0.0,33.053215,0.0,,,,,PRE,0.79538405,,,26.35014,-0.060138702,-0.0022822917,26.109936,0.18006516,0.0068964227,,15,0,America/New_York,EDT,-14400000,,PCX,0.843887,35.55,18.72,,False,False,False,POW,,,,,,,,,,,,
Industrials,industrials,57,TBLU,Tortoise Global Water Fund,https://finance.yahoo.com/research-hub/screener/sec-ind_sec-top-etfs_industrials/,2026-09-28T12:36:45+00:00,en-US,US,ETF,ETF,Delayed Quote,False,LOW,3.49,22.76867,20.14715,29.49159,USD,0.4,0.0,0.0,Tortoise Global Water ETF,49.285,0.3353,0.68499,True,1487169000000,2,,,,,0.3353,1790364601,49.285,49.285,48.9875 - 49.285,48.9875,1849,48.9497,100.0,800.0,us_market,finmb_419484269,NYSE,Tortoise Global Water Fund,48.96,1758,3040,[],0.34500122,0.0070494735,48.94 - 56.9,-7.6150017,-0.1338313,-6.5492334,0.0,21.978325,0.0,1.17467,3.37189,3.37189,56660384.0,PRE,2.2424366,,,51.03182,-1.7468185,-0.034229986,51.86406,-2.5790596,-0.0497273,,15,0,America/New_York,EDT,-14400000,,NYQ,0.68499,56.9,48.94,3.49,False,False,False,TBLU,,,,,,,,,,,,
Industrials,industrials,58,RSBA,Return Stacked Bonds & Merger Arbitrage ETF,https://finance.yahoo.com/research-hub/screener/sec-ind_sec-top-etfs_industrials/,2026-09-28T12:36:45+00:00,en-US,US,ETF,ETF,Delayed Quote,False,LOW,2.89,12.478163,,,USD,1.01,0.0,0.0,Return Stacked Bonds & Merger A,19.98,0.0299988,0.15037,True,1734532200000,2,,,,,0.0299988,1790366401,19.98,19.98,19.92 - 19.98,19.92,1435,19.95,600.0,500.0,us_market,finmb_1905791102,Cboe US,Return Stacked Bonds & Merger Arbitrage ETF,19.91,13480,9520,[],0.069999695,0.0035158058,19.91 - 21.75,-1.7700005,-0.08137933,-6.307149,0.0,12.18542,0.0,-2.11236,-1.76864,-1.76864,52147560.0,PRE,1.6396644,,,20.52322,-0.5432205,-0.02646858,20.837975,-0.857975,-0.04117363,,15,0,America/New_York,EDT,-14400000,,BTS,0.15037,21.75,19.91,2.89,False,False,False,RSBA,,,,,,,,,,,,
Industrials,industrials,59,DUSL,Direxion Daily Industrials Bull 3X Shares,https://finance.yahoo.com/research-hub/screener/sec-ind_sec-top-etfs_industrials/,2026-09-28T12:36:45+00:00,en-US,US,ETF,ETF,Delayed Quote,False,LOW,0.36,28.433324,36.79296,60.76354,USD,0.97,79.0,0.0,Direxion Daily Industrials Bull,78.98,2.0722,2.6944,True,1493818200000,2,,,,,2.0722,1790366400,78.98,79.47,77.553 - 79.47,77.553,17683,76.9078,500.0,500.0,us_market,finmb_424861532,NYSEArca,Direxion Daily Industrials Bull 3X Shares,77.553,12701,14160,[],14.037003,0.21614343,64.943 - 106.88,-27.899994,-0.26104036,6.8163395,0.0,26.060917,0.0,27.64989,-0.9682,-0.9682,47246432.0,PRE,3.030592,,,90.9017,-11.9217,-0.13114935,86.67922,-7.6992188,-0.08882427,,15,0,America/New_York,EDT,-14400000,,PCX,2.6944,106.88,64.943,0.36,False,False,False,DUSL,,,,,,,,,,,,
Industrials,industrials,60,MARS,Roundhill Space & Technology ETF,https://finance.yahoo.com/research-hub/screener/sec-ind_sec-top-etfs_industrials/,2026-09-28T12:36:45+00:00,en-US,US,ETF,ETF,Delayed Quote,False,LOW,,,,,USD,0.75,28.0,0.0,Roundhill Space & Technology ET,26.06,0.16,0.61776,True,1772721000000,2,,,,,0.16,1790366400,26.06,26.405,26.01 - 26.405,26.01,9181,25.9,3000.0,3000.0,us_market,finmb_1977587227,Cboe US,Roundhill Space & Technology ETF,25.97,34323,18740,[],3.7699986,0.16913407,22.29 - 45.92,-19.859999,-0.43249127,5.1654577,0.0,,0.0,,-41.69625,-41.69625,46766408.0,PRE,,,,25.586,0.47399902,0.018525718,29.276197,-3.216198,-0.1098571,,15,0,America/New_York,EDT,-14400000,,BTS,0.61776,45.92,22.29,,False,False,False,MARS,,,,,,,,,,,,
Industrials,industrials,61,GCAD,Gabelli Commercial Aerospace & Defense ETF,https://finance.yahoo.com/research-hub/screener/sec-ind_sec-top-etfs_industrials/,2026-09-28T12:36:45+00:00,en-US,US,ETF,ETF,Delayed Quote,False,LOW,1.87,34.013605,,,USD,0.1,0.0,0.0,Gabelli Commercial Aerospace an,49.5969,0.1269,0.256519,True,1672842600000,2,,,,,0.1269,1790366141,49.5969,49.7901,49.3701 - 49.7901,49.3701,2785,49.47,2400.0,200.0,us_market,finmb_1818180866,NYSEArca,Gabelli Commercial Aerospace & Defense ETF,49.8,7041,4900,[],5.596901,0.12720229,44.0 - 59.11,-9.5131,-0.16093892,10.885799,0.0,,0.0,10.4306,-6.82406,-6.82406,44534164.0,PRE,,,,53.31058,-3.7136803,-0.06966122,52.520535,-2.9236336,-0.055666484,,15,0,America/New_York,EDT,-14400000,,PCX,0.256519,59.11,44.0,1.87,False,False,False,GCAD,,,,,,,,,,,,
Industrials,industrials,62,SPAX,T-REX 2X Long SPCX Daily Target ETF,https://finance.yahoo.com/research-hub/screener/sec-ind_sec-top-etfs_industrials/,2026-09-28T12:36:45+00:00,en-US,US,ETF,ETF,Nasdaq Real Time Price,False,LOW,7.89,44.091710758377424,,,USD,1.5,0.0,10.0,T-REX 2X Long SPCX Daily Target,10.02,0.07500076,0.7541555,True,1781530200000,2,0.07500076,0.7541555,1790598948.0,10.02,0.0699997,1790366400,9.95,10.07,9.59 - 10.07,9.59,1788268,9.88,7200.0,28900.0,us_market,finmb_2000316489,NYSEArca,T-REX 2X Long SPCX Daily Target ETF,9.91,2283603,1744670,[],4.5899997,0.8563432,5.36 - 28.05,-18.099998,-0.64527625,-52.50597,0.0,16.659012,0.0,,,,42816712.0,PRE,0.5972743,,,8.7668,1.1831999,0.13496372,10.273611,-0.32361126,-0.03149927,,15,0,America/New_York,EDT,-14400000,,PCX,0.708499,28.05,5.36,,False,False,False,SPAX,,,,,,,,,,,,
Industrials,industrials,63,ORBX,Global X Space Tech ETF,https://finance.yahoo.com/research-hub/screener/sec-ind_sec-top-etfs_industrials/,2026-09-28T12:36:45+00:00,en-US,US,ETF,ETF,Delayed Quote,False,LOW,,,,,USD,0.5,43.73,34.58,Global X Space Tech ETF,44.2648,0.32999802,0.76036406,True,1776259800000,2,0.5348015,1.2229625,1790598076.0,44.2648,0.32999802,1790366400,43.73,43.995,43.37 - 43.995,43.37,13963,43.4,2.0,1.0,us_market,finmb_1978567763,NasdaqGM,Global X Space Tech ETF,43.83,28931,16260,[],5.8499985,0.15443501,37.88 - 79.72,-35.99,-0.45145512,-16.641253,0.0,,0.0,,-44.10864,-44.10864,40721256.0,PRE,,,,43.0404,0.6895981,0.01602211,50.643246,-6.913246,-0.13650875,,15,0,America/New_York,EDT,-14400000,,NGM,0.76036406,79.72,37.88,,False,False,False,ORBX,,,,,,2026-04-15,,,,,,
Industrials,industrials,64,DRES,GMO Domestic Resilience ETF,https://finance.yahoo.com/research-hub/screener/sec-ind_sec-top-etfs_industrials/,2026-09-28T12:36:45+00:00,en-US,US,EQUITY,Equity,Delayed Quote,False,LOW,,,,,USD,,0.0,0.0,GMO Domestic Resilience ETF,28.6513,0.161301,0.566166,True,1759325400000,2,,,,,0.161301,1790345155,28.6513,28.6513,28.6513 - 28.6513,28.6513,219,28.49,2200.0,500.0,us_market,finmb_1953382749,NYSEArca,GMO Domestic Resilience ETF,28.5,2463,4150,[],4.761301,0.199301,23.89 - 31.997,-3.3456993,-0.10456291,14.7738695,0.0,20.836006,0.0,,,,,PRE,1.375086,,,30.48818,-1.8368797,-0.060248915,29.30893,-0.657629,-0.022437839,,15,0,America/New_York,EDT,-14400000,,PCX,0.566166,31.997,23.89,,False,False,False,DRES,,,,,,,,,,,,
Industrials,industrials,65,WARP,VanEck Space ETF,https://finance.yahoo.com/research-hub/screener/sec-ind_sec-top-etfs_industrials/,2026-09-28T12:36:45+00:00,en-US,US,ETF,ETF,Delayed Quote,False,LOW,,,,,USD,0.5,20.44,20.05,VanEck Space ETF,20.9642,0.1989994,0.9558089,True,1778160600000,2,,,,,0.14419937,1790366400,20.9642,21.22,20.82 - 21.22,20.82,39905,20.82,2.0,2.0,us_market,finmb_1989624077,NasdaqGM,VanEck Space ETF,21.01,43590,29220,[],3.124199,0.17512326,17.84 - 41.77,-20.805801,-0.49810392,-17.08861,0.0,,0.0,,-45.09481,-45.09481,35572244.0,PRE,,,,20.479,0.48519897,0.023692513,24.00153,-3.0373306,-0.12654738,,15,0,America/New_York,EDT,-14400000,,NGM,0.69260025,41.77,17.84,,False,False,False,WARP,,,,,,2026-05-07,,,,,,
Industrials,industrials,66,UXI,ProShares Ultra Industrials,https://finance.yahoo.com/research-hub/screener/sec-ind_sec-top-etfs_industrials/,2026-09-28T12:36:45+00:00,en-US,US,ETF,ETF,Delayed Quote,False,LOW,0.54,28.433324,27.21668,34.54241,USD,0.95,53.88,50.65,ProShares Ultra Industrials,52.9626,0.916203,1.76036,True,1170426600000,2,,,,,0.916203,1790364704,52.9626,52.9626,52.71 - 52.9626,52.71,767,52.0464,100.0,500.0,us_market,finmb_32431804,NYSEArca,ProShares Ultra Industrials,53.25,4039,2120,[],11.2425995,0.26947746,41.72 - 64.95,-11.987396,-0.18456346,15.810192,,26.8844,,21.17579,0.44311,0.44311,29127268.0,PRE,1.9700124,,,58.0244,-5.061798,-0.08723568,55.47895,-2.5163498,-0.04535684,,15,0,America/New_York,EDT,-14400000,,PCX,1.76036,64.95,41.72,0.54,False,False,False,UXI,,,,,,,,,,,,
Industrials,industrials,67,FUSD,Federated Hermes Ultrashort Bond ETF,https://finance.yahoo.com/research-hub/screener/sec-ind_sec-top-etfs_industrials/,2026-09-28T12:36:45+00:00,en-US,US,ETF,ETF,Delayed Quote,False,LOW,,,,,USD,0.18,28.0,22.0,Federated Hermes Ultrashort Bon,24.995,-0.00999832,-0.0399853,True,1782307800000,2,,,,,-0.00999832,1790179443,24.995,24.995,24.995 - 24.995,24.995,13,25.005,900.0,900.0,us_market,finmb_1958482745,Cboe US,Federated Hermes Ultrashort Bond ETF,24.99,2220,2490,[],1.2550011,0.05286441,23.74 - 25.83,-0.8349991,-0.032326717,-0.07993579,,23.752316,,,,,25493432.0,PRE,1.0523185,,,25.0648,-0.06979942,-0.0027847588,25.064394,-0.06939316,-0.002768595,,15,0,America/New_York,EDT,-14400000,,BTS,-0.0399853,25.83,23.74,,False,False,False,FUSD,,,,,,,,,,,,
Industrials,industrials,68,CTEC,Global X ClimateTech ETF,https://finance.yahoo.com/research-hub/screener/sec-ind_sec-top-etfs_industrials/,2026-09-28T12:36:45+00:00,en-US,US,ETF,ETF,Delayed Quote,False,LOW,0.62,22.15821,,,USD,0.5,74.26,41.45,Global X ClimateTech ETF,56.5872,0.0,0.0,True,1603978200000,2,,,,,1.0071983,1790366400,56.5872,56.5872,56.5872 - 56.5872,56.5872,255,55.58,2.0,2.0,us_market,finmb_687578004,NasdaqGM,Global X ClimateTech ETF,56.5872,2093,1380,[],7.2672005,0.14734794,49.32 - 83.01,-26.422802,-0.31830865,13.448548,,21.882566,,7.67289,-25.36024,-25.36024,25207324.0,PRE,2.585949,,,56.97962,-0.39242172,-0.0068870536,60.877754,-4.290554,-0.07047819,,15,0,America/New_York,EDT,-14400000,,NGM,1.8121597,83.01,49.32,0.62,False,False,False,CTEC,,,,,,,Global X CleanTech ETF,,,,,
Industrials,industrials,69,BOEU,Direxion Daily BA Bull 2X Shares,https://finance.yahoo.com/research-hub/screener/sec-ind_sec-top-etfs_industrials/,2026-09-28T12:36:45+00:00,en-US,US,ETF,ETF,Delayed Quote,False,LOW,2.14,59.988002,,,USD,1.06,51.2,28.29,Direxion Daily BA Bull 2X ETF,25.51,0.27499962,1.0350004,True,1745415000000,2,-1.3349991,-4.97299,1790599001.0,25.51,0.22520065,1790366400,26.7952,27.705,26.49 - 27.705,26.49,78244,26.57,2.0,2.0,us_market,finmb_1901291987,NasdaqGM,Direxion Daily BA Bull 2X Shares,26.76,38834,97750,[],0.8952007,0.034563735,25.9 - 51.88,-25.0848,-0.4835158,-34.470528,0.0,53.32267,0.0,-20.72039,-23.76245,-23.76245,20294048.0,PRE,0.5025105,,,32.29504,-5.49984,-0.17029983,37.060837,-10.265636,-0.2769942,,15,0,America/New_York,EDT,-14400000,,NGM,0.8475749,51.88,25.9,2.14,False,False,False,BOEU,,,,,,2025-04-23,,,,,,
Industrials,industrials,70,WDAF,WisdomTree Asia Defense Fund,https://finance.yahoo.com/research-hub/screener/sec-ind_sec-top-etfs_industrials/,2026-09-28T12:36:45+00:00,en-US,US,ETF,ETF,Nasdaq Real Time Price,False,LOW,,,,,USD,0.45,39.94,22.33,WisdomTree Asia Defense Fund,30.3772,0.39999962,1.3377914,True,1757683800000,2,,,,,0.47719955,1790366400,30.3772,30.3772,30.07 - 30.3772,30.07,3642,29.9,2.0,2.0,us_market,finmb_1941702064,NasdaqGM,WisdomTree Asia Defense Fund,30.245,8709,3890,[],3.707199,0.13900259,26.67 - 38.62,-8.2428,-0.21343346,-1.9622386,0.0,,0.0,9.19355,-8.23585,-8.23585,20242108.0,PRE,,,,30.62722,-0.25002098,-0.008163359,32.426384,-2.0491848,-0.06319498,,15,0,America/New_York,EDT,-14400000,,NGM,1.5959852,38.62,26.67,,False,False,False,WDAF,,,,,,2025-09-12,,,,,,
Industrials,industrials,71,TPOR,Direxion Daily Transportation Bull 3X Shares,https://finance.yahoo.com/research-hub/screener/sec-ind_sec-top-etfs_industrials/,2026-09-28T12:36:45+00:00,en-US,US,ETF,ETF,Delayed Quote,False,LOW,0.58,20.279862,54.47794,105.3995,USD,0.99,31.47,29.83,Direxion Daily Transportation B,31.11,0.43,1.40157,True,1493818200000,2,,,,,0.43,1790366400,31.11,31.29,30.6001 - 31.29,30.6001,16604,30.68,400.0,400.0,us_market,finmb_427185795,NYSEArca,Direxion Daily Transportation Bull 3X Shares,30.6001,15995,14930,[],7.8100014,0.33519322,23.3 - 46.82,-15.709999,-0.33554035,8.586383,0.0,16.273062,0.0,29.92518,0.24379,0.24379,17448232.0,PRE,1.9117485,,,38.97704,-7.8670387,-0.20183778,36.101925,-4.9919243,-0.13827308,,15,0,America/New_York,EDT,-14400000,,PCX,1.40157,46.82,23.3,0.58,False,False,False,TPOR,,,,,,,,,,,,
Industrials,industrials,72,SEA,U.S. Global Sea to Sky Cargo ETF,https://finance.yahoo.com/research-hub/screener/sec-ind_sec-top-etfs_industrials/,2026-09-28T12:36:45+00:00,en-US,US,ETF,ETF,Delayed Quote,False,LOW,4.85,8.921402,,,USD,0.6,0.0,0.0,U.S. Global Sea to Sky Cargo ET,19.8959,0.0640011,0.322718,True,1642689000000,2,,,,,0.0640011,1790365588,19.8959,19.93,19.76 - 19.93,19.76,5844,19.8319,500.0,100.0,us_market,finmb_718684272,NYSEArca,U.S. Global Sea to Sky Cargo ETF,19.86,20338,49440,[],6.525901,0.4881003,13.37 - 20.88,-0.98409843,-0.047131155,39.572083,0.0,9.010165,0.0,38.82871,16.58963,16.58963,16830828.0,PRE,2.2081616,,,19.28906,0.60684013,0.031460326,17.176325,2.719576,0.15833281,,15,0,America/New_York,EDT,-14400000,,PCX,0.322718,20.88,13.37,4.85,False,False,False,SEA,,,,-0.13,-153.0454,,,,,,,
Industrials,industrials,73,JOBX,Tradr 2X Long JOBY Daily ETF,https://finance.yahoo.com/research-hub/screener/sec-ind_sec-top-etfs_industrials/,2026-09-28T12:36:45+00:00,en-US,US,ETF,ETF,Delayed Quote,False,LOW,,,,,USD,1.3,7.9,7.76,Tradr 2X Long JOBY Daily ETF,7.81,-0.23000002,-2.8606968,True,1757424600000,2,-0.23000002,-2.8606968,1790596446.0,7.81,0.0900002,1790366327,8.04,8.06,7.88 - 8.06,7.88,14124,7.95,1900.0,14900.0,us_market,finmb_1956137384,Cboe US,Tradr 2X Long JOBY Daily ETF,7.88,78306,82810,[],0.90499973,0.12683949,7.135 - 150.225,-142.18501,-0.94648033,-91.83424,0.0,,0.0,-82.63435,-72.04922,-72.04922,16827780.0,PRE,,,,10.81496,-2.7749596,-0.2565853,27.903025,-19.863026,-0.7118592,,15,0,America/New_York,EDT,-14400000,,BTS,1.13208,150.225,7.135,,False,False,False,JOBX,,,,,,,,,,,,
Industrials,industrials,74,FOWF,Pacer Solactive Whitney Future of Warfare ETF,https://finance.yahoo.com/research-hub/screener/sec-ind_sec-top-etfs_industrials/,2026-09-28T12:36:45+00:00,en-US,US,ETF,ETF,Delayed Quote,False,LOW,0.72,23.331778,,,USD,0.49,0.0,0.0,Pacer Solactive Whitney Future ,34.1864,0.0230026,0.0673312,True,1734532200000,2,,,,,0.0230026,1790344988,34.1864,34.1864,34.1864 - 34.1864,34.1864,375,34.1634,1000.0,100.0,us_market,finmb_1904639378,Cboe US,Pacer Solactive Whitney Future of Warfare ETF,34.27,1536,970,[],4.706402,0.15964729,29.48 - 37.409,-3.222599,-0.08614502,10.170805,0.0,22.414892,0.0,15.23331,2.59676,2.59676,16022364.0,PRE,1.5251646,,,35.23682,-1.0504189,-0.029810263,33.752266,0.43413544,0.0128624085,,15,0,America/New_York,EDT,-14400000,,BTS,0.0673312,37.409,29.48,0.72,False,False,False,FOWF,,,,,,,,,,,,
Industrials,industrials,75,WABF,Western Asset Bond ETF,https://finance.yahoo.com/research-hub/screener/sec-ind_sec-top-etfs_industrials/,2026-09-28T12:36:45+00:00,en-US,US,ETF,ETF,Nasdaq Real Time Price,False,LOW,,,,,USD,0.35,31.47,17.67,Western Asset Bond ETF,23.83,0.010000229,0.04198249,True,1695303000000,2,,,,,0.010000229,1790366400,23.83,23.83,23.8 - 23.83,23.8,2032,23.82,2.0,2.0,us_market,finmb_1838408637,NasdaqGM,Western Asset Bond ETF,23.8,4642,11160,[],0.34000015,0.014474251,23.49 - 25.79,-1.960001,-0.075998485,-6.567341,0.0,,0.0,-0.36767,-0.75561,-0.75561,15919522.0,PRE,,,,24.4038,-0.57379913,-0.023512697,25.005264,-1.1752644,-0.047000676,,15,0,America/New_York,EDT,-14400000,,NGM,0.04198249,25.79,23.49,5.27,False,False,False,WABF,,,,,,2023-09-21,,,,,,
Industrials,industrials,76,LOPP,Gabelli Love Our Planet & People ETF,https://finance.yahoo.com/research-hub/screener/sec-ind_sec-top-etfs_industrials/,2026-09-28T12:36:45+00:00,en-US,US,ETF,ETF,Delayed Quote,False,LOW,0.74,27.855153,,,USD,0.9,55.94,0.0,Gabelli Love Our Planet & Peopl,35.8498,0.1348,0.377432,True,1612449000000,2,,,,,0.1348,1790364057,35.8498,35.8498,35.775 - 35.8498,35.775,202,35.715,400.0,3400.0,us_market,finmb_692500560,NYSEArca,Gabelli Love Our Planet & People ETF,35.775,265,150,[],4.1338005,0.13033801,31.716 - 40.0,-4.1502,-0.103755,11.449623,0.0,,0.0,11.87714,-2.13307,-2.13307,15143137.0,PRE,,,,37.36194,-1.5121384,-0.040472697,36.541714,-0.6919136,-0.018934898,,15,0,America/New_York,EDT,-14400000,,PCX,0.377432,40.0,31.716,0.74,False,False,False,LOPP,,,,,,,,,,,,
Industrials,industrials,77,HVAC,AdvisorShares HVAC and Industrials ETF,https://finance.yahoo.com/research-hub/screener/sec-ind_sec-top-etfs_industrials/,2026-09-28T12:36:45+00:00,en-US,US,ETF,ETF,Delayed Quote,False,LOW,0.18,34.328871,,,USD,1.0,0.0,0.0,AdvisorShares HVAC and Industri,34.5968,0.547203,1.60708,True,1738679400000,2,,,,,0.547203,1790364490,34.5968,34.73,34.37 - 34.73,34.37,5020,34.0496,700.0,700.0,us_market,finmb_1914779975,NYSEArca,AdvisorShares HVAC and Industrials ETF,34.52,8500,6510,[],4.976801,0.16802163,29.62 - 43.41,-8.813198,-0.2030223,14.521683,0.0,36.055527,0.0,6.19189,-18.27578,-18.27578,13486357.0,PRE,0.9595423,,,34.81308,-0.21627808,-0.006212552,36.27353,-1.6767273,-0.046224542,,15,0,America/New_York,EDT,-14400000,,PCX,1.60708,43.41,29.62,0.18,False,False,False,HVAC,,,,,,,,,,,,
Industrials,industrials,78,SUPP,TCW Transform Supply Chain ETF,https://finance.yahoo.com/research-hub/screener/sec-ind_sec-top-etfs_industrials/,2026-09-28T12:36:45+00:00,en-US,US,ETF,ETF,Nasdaq Real Time Price,False,LOW,0.31,33.715442,,,USD,0.75,108.13,60.61,TCW Transform Supply Chain ETF,78.7175,0.0,0.0,True,1676471400000,2,,,,,0.1875,1790366400,78.7175,78.7175,78.7175 - 78.7175,78.7175,19,78.53,2.0,2.0,us_market,finmb_1797827730,NasdaqGM,TCW Transform Supply Chain ETF,78.7175,234,300,[],11.376495,0.1689386,67.341 - 88.627,-9.9095,-0.1118113,12.558805,0.0,33.674175,0.0,12.64681,-5.00996,-5.00996,11822095.0,PRE,2.3376222,,,79.77674,-1.0592422,-0.013277582,77.699776,1.0177231,0.013098147,,15,0,America/New_York,EDT,-14400000,,NGM,0.23876226,88.627,67.341,0.31,False,False,False,SUPP,,,,,,2025-06-27,,,,,,
Industrials,industrials,79,XLII,State Street Industrial Select Sector SPDR Premium Income ETF,https://finance.yahoo.com/research-hub/screener/sec-ind_sec-top-etfs_industrials/,2026-09-28T12:36:45+00:00,en-US,US,EQUITY,Equity,Delayed Quote,False,LOW,9.56,29.7442,,,USD,,25.98,24.49,State Street Industrial Select ,24.4786,0.1633,0.671592,True,1753882200000,2,,,,,0.1633,1790365258,24.4786,24.525,24.3 - 24.525,24.3,7727,24.3153,100.0,200.0,us_market,finmb_1945101988,NYSEArca,State Street Industrial Select Sector SPDR Premium Income ETF,24.47,15822,12510,[],1.2686005,0.054657497,23.21 - 26.665,-2.1864014,-0.081995174,-1.0589719,0.0,27.628706,0.0,,,,,PRE,0.8859843,,,25.49492,-1.0163212,-0.039863672,25.31074,-0.83213997,-0.032876953,,15,0,America/New_York,EDT,-14400000,,PCX,0.671592,26.665,23.21,,False,False,False,XLII,,,,,,,,The Select Sector SPDR Trust - The Industrial Select Sector SPDR Premium Income Fund,2026-09-28,,,
Industrials,industrials,80,GASZ,Corgi Natural Gas Power & Turbines ETF,https://finance.yahoo.com/research-hub/screener/sec-ind_sec-top-etfs_industrials/,2026-09-28T12:36:45+00:00,en-US,US,ETF,ETF,Delayed Quote,False,LOW,,,,,USD,0.35,0.0,0.0,Corgi Natural Gas Power & Turbi,21.8553,0.0411015,0.188416,True,1778074200000,2,,,,,0.0411015,1790272762,21.8553,21.8553,21.8553 - 21.8553,21.8553,141,21.8142,1800.0,3600.0,us_market,finmb_1992147141,Cboe US,Corgi Natural Gas Power & Turbines ETF,21.725,1968,2330,[],0.27530098,0.012757228,21.58 - 29.05,-7.1946983,-0.24766605,-14.004719,0.0,25.792057,0.0,,-5.14043,-5.14043,9315503.0,PRE,0.84736556,,,22.9592,-1.103899,-0.0480809,23.725252,-1.8699512,-0.07881692,,15,0,America/New_York,EDT,-14400000,,BTS,0.188416,29.05,21.58,,False,False,False,GASZ,,,,,,,,,,,,
Industrials,industrials,81,JOUL,Corgi High Voltage Grid Equipme,https://finance.yahoo.com/research-hub/screener/sec-ind_sec-top-etfs_industrials/,2026-09-28T12:36:45+00:00,en-US,US,ETF,ETF,Delayed Quote,False,LOW,,,,,USD,0.35,0.0,0.0,Corgi High Voltage Grid Equipme,22.5,-0.17560005,-0.7744009,True,1778074200000,2,-0.15819931,-0.698199,1790587775.0,22.5,-0.0174007,1790353590,22.6582,22.845,22.6582 - 22.845,22.6582,1600,22.6756,6600.0,6600.0,us_market,finmb_1992791035,Cboe US,,22.845,4776,4820,[],1.3481998,0.06326607,21.31 - 27.74,-5.0818005,-0.18319397,-14.134139,,30.745499,,,-13.79879,-13.79879,9172084.0,PRE,0.7369599,,,23.0736,-0.41540146,-0.018003322,24.177374,-1.5191746,-0.06283455,,15,0,America/New_York,EDT,-14400000,,BTS,-0.0767377,27.74,21.31,,False,False,False,JOUL,,,,,,,,,,,,
Industrials,industrials,82,ARCX,Tradr 2X Long ACHR Daily ETF,https://finance.yahoo.com/research-hub/screener/sec-ind_sec-top-etfs_industrials/,2026-09-28T12:36:45+00:00,en-US,US,ETF,ETF,Delayed Quote,False,LOW,,,,,USD,1.3,12.66,12.36,Tradr 2X Long ACHR Daily ETF,12.55,-0.48950005,-3.891252,True,1749562200000,2,-0.029500008,-0.23450859,1790597594.0,12.55,-0.4505,1790366386,12.5795,13.42,12.5795 - 13.42,12.5795,7705,13.03,700.0,500.0,us_market,finmb_1943657320,Cboe US,Tradr 2X Long ACHR Daily ETF,13.15,42822,24950,[],4.0395,0.4730094,8.54 - 156.25,-143.6705,-0.91949123,-82.9308,0.0,,0.0,-61.77617,-42.40772,-42.40772,7730256.0,PRE,,,,13.29526,-0.71576023,-0.053835742,22.226654,-9.647154,-0.43403536,,15,0,America/New_York,EDT,-14400000,,BTS,-3.4574,156.25,8.54,0.0,False,False,False,ARCX,,,,1.09,11.540826,,,,,,,
Industrials,industrials,83,ARMY,Tema International Defense Innovation ETF,https://finance.yahoo.com/research-hub/screener/sec-ind_sec-top-etfs_industrials/,2026-09-28T12:36:45+00:00,en-US,US,ETF,ETF,Delayed Quote,False,LOW,,,,,USD,0.68,35.11,19.65,Tema International Defense ETF,23.74,-0.04560089,-0.19168091,True,1758807000000,2,,,,,-0.050001144,1790366400,23.74,23.81,23.5927 - 23.81,23.5927,4314,23.79,2.0,2.0,us_market,finmb_1954808142,NasdaqGM,Tema International Defense Innovation ETF,23.81,2941,4880,[],2.5949993,0.12272401,21.145 - 28.96,-5.2199993,-0.1802486,-9.420431,,30.905252,,6.15167,-5.74954,-5.74954,7347119.0,PRE,0.7681542,,,25.21018,-1.4701805,-0.05831694,25.569185,-1.8291855,-0.07153867,,15,0,America/New_York,EDT,-14400000,,NGM,-0.21017715,28.96,21.145,,False,False,False,ARMY,,,,,,,,,,,,
Industrials,industrials,84,FLYT,Tradr 2X Long FLY Daily ETF,https://finance.yahoo.com/research-hub/screener/sec-ind_sec-top-etfs_industrials/,2026-09-28T12:36:45+00:00,en-US,US,ETF,ETF,Nasdaq Real Time Price,False,LOW,,,,,USD,1.3,0.0,5.9,Tradr 2X Long FLY Daily ETF,5.92,-0.19000006,-3.1096573,True,1761226200000,2,-0.19000006,-3.1096573,1790597239.0,5.92,0.61,1790366400,6.1,6.6499,5.68 - 6.6499,5.68,254947,5.49,3100.0,2500.0,us_market,finmb_1960496710,Cboe US,Tradr 2X Long FLY Daily ETF,5.59,202996,154780,[],2.494,0.69162506,3.606 - 58.515,-52.415,-0.89575326,-75.17197,0.0,37.103874,0.0,-64.07052,-84.90044,-84.90044,7093801.0,PRE,0.16440332,,,5.5435,0.55649996,0.100387834,14.379485,-8.279486,-0.57578456,,15,0,America/New_York,EDT,-14400000,,BTS,11.1111,58.515,3.606,,False,False,False,FLYT,,,,,,,,,,,,
Industrials,industrials,85,FLDZ,TrueShares Patriot Defense ETF,https://finance.yahoo.com/research-hub/screener/sec-ind_sec-top-etfs_industrials/,2026-09-28T12:36:45+00:00,en-US,US,ETF,ETF,Delayed Quote,False,LOW,1.49,34.118048,,,USD,0.4,0.0,0.0,TrueShares Patriot Defense ETF,28.7155,-0.0352993,-0.122777,True,1641220200000,2,,,,,-0.0352993,1790184179,28.7155,28.7155,28.7155 - 28.7155,28.7155,20,28.7508,500.0,500.0,us_market,finmb_1760998746,Cboe US,TrueShares Patriot Defense ETF,28.7,1769,200,[],0.5874996,0.020886647,28.128 - 34.15,-5.4345016,-0.1591362,-3.452915,0.0,32.75177,0.0,3.52216,-1.43746,-1.43746,6579975.0,PRE,0.87676173,,,30.45232,-1.7368202,-0.057034086,30.08083,-1.3653297,-0.0453887,,15,0,America/New_York,EDT,-14400000,,BTS,-0.122777,34.15,28.128,1.49,False,False,False,FLDZ,,,,,,,,,,,,
Industrials,industrials,86,LMTL,Direxion Daily LMT Bull 2X ETF,https://finance.yahoo.com/research-hub/screener/sec-ind_sec-top-etfs_industrials/,2026-09-28T12:36:45+00:00,en-US,US,ETF,ETF,Delayed Quote,False,LOW,1.94,20.703934,,,USD,1.07,40.18,39.77,Direxion Daily LMT Bull 2X ETF,30.5,-0.6210003,-2.0032268,True,1754487000000,2,0.12100029,0.3983024,1790594765.0,30.5,-0.6448002,1790366400,30.3552,31.19,30.1 - 31.19,30.1,17219,31.0,1.0,1.0,us_market,finmb_1949726324,NasdaqGM,Direxion Daily LMT Bull 2X ETF,31.19,20811,15940,[],4.6462,0.18072271,25.709 - 59.71,-29.3548,-0.49162284,-7.0205507,0.0,17.532753,0.0,20.489,7.33606,7.33606,6258482.0,PRE,1.7313424,,,35.6704,-5.315199,-0.14900868,38.611423,-8.256224,-0.21382852,,15,0,America/New_York,EDT,-14400000,,NGM,-2.0800006,59.71,25.709,1.94,False,False,False,LMTL,,,,,,2025-08-06,,,,,,
Industrials,industrials,87,EFRA,iShares Environmental Infrastructure and Industrials ETF,https://finance.yahoo.com/research-hub/screener/sec-ind_sec-top-etfs_industrials/,2026-09-28T12:36:45+00:00,en-US,US,ETF,ETF,Delayed Quote,False,LOW,1.59,21.244954,,,USD,0.47,36.69,36.23,iShares Environmental Infrastru,34.6913,-0.010002136,-0.028841224,True,1667482200000,2,,,,,0.011299133,1790366400,34.6913,34.6913,34.46 - 34.6913,34.46,844,34.68,5.0,5.0,us_market,finmb_1802093055,NasdaqGM,iShares Environmental Infrastructure and Industrials ETF,34.46,926,280,[],2.2793007,0.070322745,32.412 - 37.455,-2.7637024,-0.07378727,2.1916509,0.0,20.532299,0.0,8.16158,3.65299,3.65299,5693314.0,PRE,1.6895964,,,35.62728,-0.93598175,-0.02627149,35.22856,-0.53726196,-0.01525075,,15,0,America/New_York,EDT,-14400000,,NGM,0.03258112,37.455,32.412,1.59,False,False,False,EFRA,,,,,,2022-11-03,,,,,,
Industrials,industrials,88,WDGF,WisdomTree Global Defense Fund,https://finance.yahoo.com/research-hub/screener/sec-ind_sec-top-etfs_industrials/,2026-09-28T12:36:45+00:00,en-US,US,ETF,ETF,Nasdaq Real Time Price,False,LOW,,,,,USD,0.45,43.13,24.16,WisdomTree Global Defense Fund,30.465,0.0,0.0,True,1757683800000,2,,,,,-0.5949993,1790366400,30.465,30.465,30.465 - 30.465,30.465,13,31.06,2.0,2.0,us_market,finmb_1941702065,NasdaqGM,WisdomTree Global Defense Fund,30.465,882,260,[],2.0349998,0.071579315,28.43 - 36.19,-5.7249985,-0.15819283,-4.119718,0.0,,0.0,5.05186,-4.2668,-4.2668,5618719.0,PRE,,,,31.9233,-1.4582996,-0.045681357,32.728924,-2.2639236,-0.06917196,,15,0,America/New_York,EDT,-14400000,,NGM,-1.915645,36.19,28.43,,False,False,False,WDGF,,,,,,2025-09-12,,,,,,
Industrials,industrials,89,JETD,MAX Airlines -3X Inverse Leveraged ETN,https://finance.yahoo.com/research-hub/screener/sec-ind_sec-top-etfs_industrials/,2026-09-28T12:36:45+00:00,en-US,US,ETF,ETF,Delayed Quote,False,LOW,0.0,19.409938,,,USD,0.95,0.0,0.0,MAX Airlines -3X Inverse Levera,3.2202,-0.1909,-5.59643,True,1687354200000,4,,,,,-0.1909,1790366271,3.2202,3.39,3.2 - 3.39,3.2,51846,3.4111,1400.0,1500.0,us_market,finmb_1846635423,NYSEArca,MAX Airlines -3X Inverse Leveraged ETN,3.35,90480,77910,[],1.2902001,0.6684975,1.93 - 7.888,-4.6678,-0.5917596,-56.19048,,20.456255,,-37.04788,3.4286,3.4286,4583238.0,PRE,0.15741885,,,2.77322,0.44698,0.16117726,3.6149,-0.39470005,-0.109186985,,15,0,America/New_York,EDT,-14400000,,PCX,-5.59643,7.888,1.93,0.0,False,False,False,JETD,,1756125000.0,1756470600.0,,,,,,,1748433600.0,1748433600.0,False
Industrials,industrials,90,XDEF,Xtrackers Europe Defense Technologies ETF,https://finance.yahoo.com/research-hub/screener/sec-ind_sec-top-etfs_industrials/,2026-09-28T12:36:45+00:00,en-US,US,ETF,ETF,Delayed Quote,False,LOW,,,,,USD,0.35,30.66,17.36,Xtrackers Europe Defense Techno,21.6799,0.0,0.0,True,1770906600000,2,,,,,-0.1101017,1790366400,21.6799,21.6799,21.6799 - 21.6799,21.6799,22,21.79,2.0,2.0,us_market,finmb_1973691735,NasdaqGM,Xtrackers Europe Defense Technologies ETF,21.6799,866,610,[],1.4699001,0.07273133,20.21 - 2905.0,-2883.32,-0.992537,-99.19821,0.0,30.743158,0.0,,-0.9925,-0.9925,4568880.0,PRE,0.7051943,,,22.7298,-1.0499,-0.046190467,112.04974,-90.36984,-0.8065154,,15,0,America/New_York,EDT,-14400000,,NGM,-0.50528544,2905.0,20.21,,False,False,False,XDEF,,,,,,2026-02-19,,,,,,
Industrials,industrials,91,JETU,MAX Airlines 3X Leveraged ETN,https://finance.yahoo.com/research-hub/screener/sec-ind_sec-top-etfs_industrials/,2026-09-28T12:36:45+00:00,en-US,US,ETF,ETF,Delayed Quote,False,LOW,0.0,19.409938,,,USD,0.95,24.82,22.18,MAX Airlines 3X Leveraged ETNs,24.6936,1.2256,5.22243,True,1720791000000,2,,,,,1.2256,1790364672,24.6936,24.99,23.62 - 24.99,23.62,8555,23.468,600.0,1000.0,us_market,finmb_1846639205,NYSEArca,MAX Airlines 3X Leveraged ETN,24.0,4639,12340,[],4.493599,0.22245538,20.2 - 43.4,-18.706402,-0.43102306,11.621391,,17.850782,,-9.57699,-21.37673,-21.37673,4296069.0,PRE,1.3833343,,,31.05532,-6.361721,-0.20485124,31.42034,-6.72674,-0.21408871,,15,0,America/New_York,EDT,-14400000,,PCX,5.22243,43.4,20.2,0.0,False,False,False,JETU,,1756125000.0,1756470600.0,,,,,,,1748433600.0,1748433600.0,False
Industrials,industrials,92,RTOO,VistaShares Robotics Supercycle ETF,https://finance.yahoo.com/research-hub/screener/sec-ind_sec-top-etfs_industrials/,2026-09-28T12:36:45+00:00,en-US,US,ETF,ETF,Delayed Quote,False,LOW,,,,,USD,0.75,37.83,0.0,VISTASHARES ROBOTICS SUPERCYCLE,24.2482,0.2985,1.24636,True,1784208600000,2,,,,,0.2985,1790347241,24.2482,24.2482,24.06 - 24.2482,24.06,4974,23.9497,100.0,500.0,us_market,finmb_2000238544,NYSEArca,VistaShares Robotics Supercycle ETF,24.05,7607,2730,[],2.2381992,0.101690106,22.01 - 27.58,-3.3318005,-0.12080495,-3.3479452,0.0,33.312046,0.0,,,,4169308.0,PRE,0.7279109,,,24.4306,-0.18239975,-0.007466037,24.44353,-0.19532967,-0.007991059,,15,0,America/New_York,EDT,-14400000,,PCX,1.24636,27.58,22.01,,False,False,False,RTOO,,,,,,,,,,,,
Industrials,industrials,93,DGLO,First Trust RBA Deglobalization ETF,https://finance.yahoo.com/research-hub/screener/sec-ind_sec-top-etfs_industrials/,2026-09-28T12:36:45+00:00,en-US,US,ETF,ETF,Nasdaq Real Time Price,False,LOW,0.58,20.20202,,,USD,0.7,31.8,17.73,First Trust RBA Deglobalization,22.6449,-0.1400013,-0.61552554,True,1754573400000,2,,,,,-0.10010147,1790366400,22.6449,22.6449,22.605 - 22.6449,22.605,165,22.745,2.0,2.0,us_market,finmb_1953098426,NasdaqGM,First Trust RBA Deglobalization ETF,22.605,966,1910,[],3.3659,0.17458893,19.279 - 24.99,-2.3451004,-0.09384155,10.490358,0.0,19.178835,0.0,17.49196,2.28664,2.28664,3577024.0,PRE,1.1807234,,,23.93158,-1.2866802,-0.05376495,22.928295,-0.28339577,-0.0123600885,,15,0,America/New_York,EDT,-14400000,,NGM,-0.44010317,24.99,19.279,0.58,False,False,False,DGLO,,,,,,2025-08-07,,,,,,
Industrials,industrials,94,BZZ,Corgi Drones & Urban Air Mobility ETF,https://finance.yahoo.com/research-hub/screener/sec-ind_sec-top-etfs_industrials/,2026-09-28T12:36:45+00:00,en-US,US,ETF,ETF,Delayed Quote,False,LOW,,,,,USD,0.35,0.0,0.0,Corgi Drones & Urban Air Mobili,23.0973,0.0410004,0.177827,True,1778074200000,2,,,,,0.0410004,1790346499,23.0973,23.0973,23.0099 - 23.0973,23.0099,871,23.0563,3400.0,600.0,us_market,finmb_1992147889,Cboe US,Corgi Drones & Urban Air Mobility ETF,23.01,2874,3490,[],1.2472992,0.05708463,21.85 - 29.94,-6.842701,-0.22854713,-9.765625,0.0,27.111473,0.0,,-18.86112,-18.86112,3564627.0,PRE,0.8519382,,,24.323,-1.2257004,-0.050392646,24.85788,-1.7605801,-0.07082584,,15,0,America/New_York,EDT,-14400000,,BTS,0.177827,29.94,21.85,,False,False,False,BZZ,,,,,,,,,,,,
Industrials,industrials,95,UFOD,Tuttle Capital UFO Disclosure ETF,https://finance.yahoo.com/research-hub/screener/sec-ind_sec-top-etfs_industrials/,2026-09-28T12:36:45+00:00,en-US,US,ETF,ETF,Delayed Quote,False,LOW,,,,,USD,0.99,38.41,9.66,Tuttle Capital UFO Disclosure E,24.0079,0.155701,0.652773,True,1770301800000,2,,,,,0.155701,1790352080,24.0079,24.0079,23.91 - 24.0079,23.91,431,23.8522,300.0,200.0,us_market,finmb_1974366119,Cboe US,Tuttle Capital UFO Disclosure ETF,23.91,1425,670,[],2.2378998,0.10279742,21.77 - 27.84,-3.8321,-0.13764727,-2.5172532,0.0,30.944319,0.0,,-13.51335,-13.51335,2842721.0,PRE,0.77584195,,,24.0592,-0.05130005,-0.0021322425,24.944782,-0.936882,-0.037558235,,15,0,America/New_York,EDT,-14400000,,BTS,0.652773,27.84,21.77,,False,False,False,UFOD,,,,,,,,,,,,
Industrials,industrials,96,TEUP,T-Rex 2X Long TE Daily Target ETF,https://finance.yahoo.com/research-hub/screener/sec-ind_sec-top-etfs_industrials/,2026-09-28T12:36:45+00:00,en-US,US,ETF,ETF,Delayed Quote,False,LOW,,,,,USD,1.5,17.58,16.52,T-REX 2X Long TE Daily Target E,17.0,-0.70000076,-3.9548063,True,1780061400000,2,-0.70000076,-3.9548063,1790587901.0,17.0,-0.309999,1790366322,17.7,18.67,17.4905 - 18.67,17.4905,31070,18.01,5400.0,3900.0,us_market,finmb_1979312498,Cboe US,T-Rex 2X Long TE Daily Target ETF,19.1,21516,17340,[],0.21000099,0.012006918,17.49 - 320.6,-302.9,-0.94479096,-92.603424,,,,,-89.18839,-89.18839,2673321.0,PRE,,,,31.7256,-14.025599,-0.4420909,77.36482,-59.66482,-0.7712138,,15,0,America/New_York,EDT,-14400000,,BTS,-1.72126,320.6,17.49,,False,False,False,TEUP,,,,,,,,,,,,
Industrials,industrials,97,GALX,VistaShares Space Supercycle ETF,https://finance.yahoo.com/research-hub/screener/sec-ind_sec-top-etfs_industrials/,2026-09-28T12:36:45+00:00,en-US,US,ETF,ETF,Nasdaq Real Time Price,False,LOW,,,,,USD,0.75,37.47,0.0,VistaShares Space Supercycle ET,23.5693,0.2381,1.02052,True,1784208600000,2,,,,,0.2381,1790256698,23.5693,23.5693,23.5693 - 23.5693,23.5693,44,23.3312,100.0,3600.0,us_market,finmb_2000288262,NYSEArca,VistaShares Space Supercycle ETF,23.086,3778,660,[],2.4792995,0.11755806,21.09 - 27.06,-3.4906998,-0.12899852,0.64047575,,38.261906,,,,,2526470.0,PRE,0.6159991,,,23.8464,-0.2770996,-0.011620186,23.83804,-0.2687397,-0.011273566,,15,0,America/New_York,EDT,-14400000,,PCX,1.02052,27.06,21.09,,False,False,False,GALX,,,,,,,,,,,,
Industrials,industrials,98,SHPP,Pacer Industrials and Logistics ETF,https://finance.yahoo.com/research-hub/screener/sec-ind_sec-top-etfs_industrials/,2026-09-28T12:36:45+00:00,en-US,US,ETF,ETF,Delayed Quote,False,LOW,1.45,21.213407,,,USD,0.6,52.17,0.0,Pacer Industrials and Logistics,33.4349,0.1273,0.382196,True,1654867800000,2,,,,,0.1273,1790106034,33.4349,33.4349,33.4349 - 33.4349,33.4349,31,33.3076,400.0,400.0,us_market,finmb_1783427788,NYSEArca,Pacer Industrials and Logistics ETF,33.97,214,310,[],5.994898,0.21847294,27.44 - 36.116,-2.6811028,-0.07423587,18.282806,0.0,19.8985,0.0,21.73011,4.6434,4.6434,2138655.0,PRE,1.6802722,,,34.74396,-1.309063,-0.037677422,32.66832,0.7665787,0.023465507,,15,0,America/New_York,EDT,-14400000,,PCX,0.382196,36.116,27.44,1.45,False,False,False,SHPP,,,,,,,,,,,,
Industrials,industrials,99,FSPC,First Trust Bloomberg Space Economy ETF,https://finance.yahoo.com/research-hub/screener/sec-ind_sec-top-etfs_industrials/,2026-09-28T12:36:45+00:00,en-US,US,ETF,ETF,Nasdaq Real Time Price,False,LOW,,,,,USD,0.65,0.0,0.0,FIRST TRUST BLOOMBERG SPACE ECO,18.985,0.0300007,0.158273,True,1783603800000,2,,,,,0.0300007,1790107200,18.985,18.985,18.985 - 18.985,18.985,279,18.955,100.0,2000.0,us_market,finmb_1996250175,NYSEArca,First Trust Bloomberg Space Economy ETF,19.07,1589,150,[],0.9549999,0.05296727,18.03 - 21.17,-2.1849995,-0.103212066,-2.6153862,0.0,27.88935,0.0,,,,1901674.0,PRE,0.6807258,,,19.2802,-0.29519844,-0.015310965,19.242144,-0.25714302,-0.013363533,,15,0,America/New_York,EDT,-14400000,,PCX,0.158273,21.17,18.03,,False,False,False,FSPC,,,,,,,,,,,,
Industrials,industrials,100,AMMO,VistaShares Defense Supercycle ETF,https://finance.yahoo.com/research-hub/screener/sec-ind_sec-top-etfs_industrials/,2026-09-28T12:36:45+00:00,en-US,US,ETF,ETF,Delayed Quote,False,LOW,,,,,USD,0.75,0.0,0.0,VISTASHARES DEFENSE SUPERCYCLE ,24.6754,0.119999,0.488687,True,1784208600000,2,,,,,0.119999,1790350396,24.6754,24.6754,24.575 - 24.6754,24.575,331,24.5554,100.0,400.0,us_market,finmb_2000242859,NYSEArca,VistaShares Defense Supercycle ETF,24.575,3515,1090,[],0.6453991,0.026858056,24.03 - 28.66,-3.9846,-0.13903001,0.98199844,,35.590305,,,,,1533325.0,PRE,0.693318,,,25.8048,-1.1294003,-0.04376706,25.77804,-1.1026402,-0.042774398,,15,0,America/New_York,EDT,-14400000,,PCX,0.488687,28.66,24.03,,False,False,False,AMMO,,,,,,,,,,,,
Industrials,industrials,101,DIPR,Corgi Space & Satellite Communi,https://finance.yahoo.com/research-hub/screener/sec-ind_sec-top-etfs_industrials/,2026-09-28T12:36:45+00:00,en-US,US,ETF,ETF,Delayed Quote,False,LOW,,,,,USD,0.35,36.8,9.31,Corgi Space & Satellite Communi,23.1508,0.0775013,0.335892,True,1778074200000,2,,,,,0.0775013,1790352072,23.1508,23.39,23.1508 - 23.39,23.1508,703,23.0733,3400.0,3400.0,us_market,finmb_1996054418,Cboe US,,23.245,1203,940,[],2.8408012,0.13987204,20.31 - 34.32,-11.169199,-0.32544285,-10.927278,,,,,-33.42291,-33.42291,1439630.0,PRE,,,,22.8012,0.34959984,0.015332519,25.022425,-1.871624,-0.07479787,,15,0,America/New_York,EDT,-14400000,,BTS,0.335892,34.32,20.31,,False,False,False,DIPR,,,,,,,,,,,,
Industrials,industrials,102,WSPC,WisdomTree Space Economy Fund,https://finance.yahoo.com/research-hub/screener/sec-ind_sec-top-etfs_industrials/,2026-09-28T12:36:45+00:00,en-US,US,ETF,ETF,Delayed Quote,False,LOW,,,,,USD,0.75,,,WISDOMTREE SPACE ECONOMY FUND,27.5,0.3199997,1.1790704,True,1783603800000,2,0.040000916,0.14566976,1790596560.0,27.5,0.27300072,1790366400,27.413,27.5,27.413 - 27.5,27.413,819,27.14,,,us_market,finmb_1996250253,NasdaqGM,WisdomTree Space Economy Fund,27.5,1078,1260,[],3.1329994,0.12903622,24.28 - 31.33,-3.9169998,-0.12502393,-6.895381,,,,,,,1346529.0,PRE,,,,27.4374,-0.024400711,-0.00088932295,27.496786,-0.08378601,-0.00304712,,15,0,America/New_York,EDT,-14400000,,NGM,1.005898,31.33,24.28,,False,False,False,WSPC,,,,,,2026-07-09,,,,,,
Industrials,industrials,103,ROBX,Amplify Top 10 Robotics ETF,https://finance.yahoo.com/research-hub/screener/sec-ind_sec-top-etfs_industrials/,2026-09-28T12:36:45+00:00,en-US,US,EQUITY,Equity,Delayed Quote,False,LOW,,,,,USD,,36.06,0.0,Amplify Top 10 Robotics ETF,23.1121,0.329901,1.44806,True,1787146200000,2,,,,,0.329901,1790364106,23.1121,23.1121,22.925 - 23.1121,22.925,6821,22.7822,300.0,200.0,us_market,finmb_2007263035,NYSEArca,Amplify Top 10 Robotics ETF,22.89,2192,2000,[],1.1821003,0.05390334,21.93 - 23.96,-0.8478985,-0.035388086,-2.4070919,0.0,37.805622,0.0,,,,,PRE,0.6113403,,,22.877777,0.2343235,0.010242407,22.877777,0.2343235,0.010242407,,15,0,America/New_York,EDT,-14400000,,PCX,1.44806,23.96,21.93,,False,False,False,ROBX,,,,,,,,,,,,
Industrials,industrials,104,XSPC,VegaShares SpaceX & Beyond Earth ETF,https://finance.yahoo.com/research-hub/screener/sec-ind_sec-top-etfs_industrials/,2026-09-28T12:36:45+00:00,en-US,US,ETF,ETF,Nasdaq Real Time Price,False,LOW,,,,,USD,0.75,21.26,21.19,VegaShares SpaceX & Beyond Eart,21.245,0.14999962,0.70621294,True,1781616600000,2,,,,,0.005001068,1790366400,21.245,21.39,21.15 - 21.39,21.15,953,21.24,5.0,5.0,us_market,finmb_2002390984,NasdaqGM,VegaShares SpaceX & Beyond Earth ETF,21.21,2622,3250,[],3.835001,0.22027576,17.41 - 25.99,-4.744999,-0.18257017,-15.574098,,,,,,,1047686.0,PRE,,,,21.0134,0.23160172,0.011021621,21.534225,-0.28922462,-0.013430928,,15,0,America/New_York,EDT,-14400000,,NGM,0.023545519,25.99,17.41,,False,False,False,XSPC,,,,,,2026-06-16,,Tidal Trust Iv - Vegashares Spacex & Beyond Earth Etf,2026-09-23,,,
Industrials,industrials,105,DOCK,"Corgi Ports, Rail & Freight ETF",https://finance.yahoo.com/research-hub/screener/sec-ind_sec-top-etfs_industrials/,2026-09-28T12:36:45+00:00,en-US,US,ETF,ETF,Delayed Quote,False,LOW,,,,,USD,0.35,0.0,0.0,"Corgi Ports, Rail & Freight ETF",25.0811,0.00740051,0.029515,True,1778074200000,2,,,,,0.00740051,1790173431,25.0811,25.0811,25.0811 - 25.0811,25.0811,14,25.0737,100.0,3100.0,us_market,finmb_1992147873,Cboe US,"Corgi Ports, Rail & Freight ETF",25.29,668,720,[],0.011100769,0.00044279094,25.07 - 28.52,-3.4389,-0.12057854,-3.3898294,,22.984774,,,2.29765,2.29765,810623.0,PRE,1.091205,,,26.9428,-1.8617,-0.06909824,26.838686,-1.7575855,-0.06548702,,15,0,America/New_York,EDT,-14400000,,BTS,0.029515,28.52,25.07,,False,False,False,DOCK,,,,,,,,,,,,
Industrials,industrials,106,AV,Corgi Aerospace & Commercial Aviation ETF,https://finance.yahoo.com/research-hub/screener/sec-ind_sec-top-etfs_industrials/,2026-09-28T12:36:45+00:00,en-US,US,ETF,ETF,Delayed Quote,False,LOW,,,,,USD,0.35,0.0,0.0,Corgi Aerospace & Commercial Av,25.8886,0.2915,1.1388,True,1778074200000,2,,,,,0.2915,1790357081,25.8886,25.8886,25.8886 - 25.8886,25.8886,462,25.5971,3000.0,100.0,us_market,finmb_1992148746,Cboe US,Corgi Aerospace & Commercial Aviation ETF,25.85,952,520,[],0.8485985,0.033889715,25.04 - 29.72,-3.8314,-0.12891656,-2.0801842,0.0,22.438887,0.0,,-0.94753,-0.94753,808176.0,PRE,1.1537381,,,27.6446,-1.7560005,-0.06352056,27.5099,-1.6212997,-0.05893514,,15,0,America/New_York,EDT,-14400000,,BTS,1.1388,29.72,25.04,,False,False,False,AV,,,,,,,,,,,,
Industrials,industrials,107,TRUI,Vaneck Industrials TruSector ETF,https://finance.yahoo.com/research-hub/screener/sec-ind_sec-top-etfs_industrials/,2026-09-28T12:36:45+00:00,en-US,US,ETF,ETF,Nasdaq Real Time Price,False,LOW,,,,,USD,0.1,34.2,19.21,VanEck Industrials TruSector ET,24.4494,0.0,0.0,True,1780493400000,2,,,,,0.06940079,1790366400,24.4494,24.4494,24.4494 - 24.4494,24.4494,12,24.38,2.0,2.0,us_market,finmb_1989624094,NasdaqGM,Vaneck Industrials TruSector ETF,24.4494,311,480,[],0.30940056,0.012816925,24.14 - 26.74,-2.2905998,-0.085661925,-1.7677784,,28.457254,,,,,250647.0,PRE,0.8591623,,,25.4668,-1.0174007,-0.03995008,25.546625,-1.0972252,-0.042949907,,15,0,America/New_York,EDT,-14400000,,NGM,0.28466278,26.74,24.14,,False,False,False,TRUI,,,,,,2026-06-03,,Vaneck Etf Trust - Vaneck Indls Trisector Etf,2026-09-23,,,
Industrials,industrials,108,ENRG,Ninepoint North American Energy Independence ETF,https://finance.yahoo.com/research-hub/screener/sec-ind_sec-top-etfs_industrials/,2026-09-28T12:36:45+00:00,en-US,US,EQUITY,Equity,Delayed Quote,False,LOW,1.12,18.935807612194658,,,USD,,0.0,0.0,Ninepoint North American Energy,19.3504,-0.170799,-0.874942,True,1790083800000,2,,,,,-0.170799,1790363081,19.3504,19.3504,19.32 - 19.3504,19.32,478686,19.5212,1000.0,1000.0,us_market,finmb_1892557430,NYSEArca,Ninepoint North American Energy Independence ETF,19.295,350650,350650,[],0.050401688,0.0026114865,19.3 - 19.82,-0.46959877,-0.023693178,-2.0253181,0.0,,0.0,,,,,PRE,,,,19.555,-0.20459938,-0.010462766,19.555,-0.20459938,-0.010462766,,15,0,America/New_York,EDT,-14400000,,PCX,-0.874942,19.82,19.3,,False,False,False,ENRG,,,,,,,,,,,,
