sector,yahoo_sector_key,rank,ticker,etf_name,source_url,retrieved_at_utc,screen_language,screen_region,screen_quote_type,screen_type_disp,screen_quote_source_name,screen_triggerable,screen_custom_price_alert_confidence,screen_yield_ttm,screen_pe_ttm,screen_annual_return_nav_y3,screen_annual_return_nav_y5,screen_currency,screen_net_expense_ratio,screen_ask,screen_bid,screen_regular_market_volume,screen_regular_market_previous_close,screen_bid_size,screen_ask_size,screen_market,screen_message_board_id,screen_full_exchange_name,screen_long_name,screen_regular_market_open,screen_average_daily_volume3_month,screen_average_daily_volume10_day,screen_corporate_actions,screen_fifty_two_week_low_change,screen_fifty_two_week_low_change_percent,screen_fifty_two_week_range,screen_fifty_two_week_high_change,screen_fifty_two_week_high_change_percent,screen_fifty_two_week_change_percent,screen_trailing_annual_dividend_rate,screen_trailing_pe,screen_trailing_annual_dividend_yield,screen_ytd_return,screen_trailing_three_month_returns,screen_trailing_three_month_nav_returns,screen_net_assets,screen_market_state,screen_eps_trailing_twelve_months,screen_fifty_day_average,screen_fifty_day_average_change,screen_fifty_day_average_change_percent,screen_two_hundred_day_average,screen_two_hundred_day_average_change,screen_two_hundred_day_average_change_percent,screen_source_interval,screen_exchange_data_delayed_by,screen_exchange_timezone_name,screen_exchange_timezone_short_name,screen_gmt_off_set_milliseconds,screen_regular_market_change_percent,screen_exchange,screen_fifty_two_week_high,screen_fifty_two_week_low,screen_dividend_yield,screen_esg_populated,screen_tradeable,screen_crypto_tradeable,screen_has_pre_post_market_data,screen_first_trade_date_milliseconds,screen_price_hint,screen_pre_market_change,screen_pre_market_change_percent,screen_pre_market_time,screen_pre_market_price,screen_regular_market_change,screen_regular_market_time,screen_regular_market_price,screen_regular_market_day_high,screen_regular_market_day_range,screen_regular_market_day_low,screen_short_name,screen_fullday_price,screen_fullday_change,screen_fullday_change_percent,screen_symbol,screen_shares_outstanding,screen_book_value,screen_price_to_book,screen_financial_currency,screen_ipo_expected_date,screen_dividend_date,screen_earnings_timestamp_start,screen_earnings_timestamp_end,screen_earnings_call_timestamp_start,screen_earnings_call_timestamp_end,screen_is_earnings_date_estimate,screen_display_name,screen_prev_name,screen_name_change_date
Materials,basic-materials,1,GDX,VanEck Gold Miners ETF,https://finance.yahoo.com/research-hub/screener/sec-ind_sec-top-etfs_basic-materials/,2026-09-14T11:27:39+00:00,en-US,US,ETF,ETF,Nasdaq Real Time Price,False,LOW,0.64,12.83697,10.23739,-9.50732,USD,0.51,0.0,0.0,14285067,96.03,600.0,100.0,us_market,finmb_27307407,NYSEArca,VanEck Gold Miners ETF,98.21,23026901,22709990,[],29.839996,0.44365144,67.26 - 117.18,-20.080002,-0.17136031,37.76958,0.0,12.462205,0.0,14.68263,10.58177,10.58177,30543091700.0,PRE,7.7915583,86.17,10.93,0.12684229,90.32515,6.774849,0.07500512,15,0,America/New_York,EDT,-14400000,1.11423,PCX,117.18,67.26,0.64,False,False,False,True,1148304600000,2,-2.1772003,-2.2426867,1789384940.0,94.9028,1.07,1789156800,97.1,99.0758,96.23 - 99.0758,96.23,VanEck Gold Miners ETF,94.9028,-2.1772003,-2.2426867,GDX,,,,,,,,,,,,,,
Materials,basic-materials,2,GDXJ,VanEck Junior Gold Miners ETF,https://finance.yahoo.com/research-hub/screener/sec-ind_sec-top-etfs_basic-materials/,2026-09-14T11:27:39+00:00,en-US,US,ETF,ETF,Nasdaq Real Time Price,False,LOW,2.07,12.841916,7.8007,-21.37088,USD,0.52,0.0,0.0,2751328,124.1,200.0,300.0,us_market,finmb_79345080,NYSEArca,VanEck Junior Gold Miners ETF,127.57,5145303,4101200,[],39.810005,0.46507016,85.6 - 157.49,-32.08,-0.20369548,37.07509,,12.386593,,12.28224,8.27283,8.27283,9630824400.0,PRE,10.124657,112.1634,13.246605,0.118100956,118.80955,6.600456,0.05555493,15,0,America/New_York,EDT,-14400000,1.0556,PCX,157.49,85.6,2.07,False,False,False,True,1257949800000,2,-2.840004,-2.2645752,1789384702.0,122.57,1.31001,1789156800,125.41,128.88,124.545 - 128.88,124.545,VanEck Junior Gold Miners ETF,122.57,-2.840004,-2.2645752,GDXJ,,,,,,,,,,,,,,
Materials,basic-materials,3,XLB,State Street Materials Select Sector SPDR ETF,https://finance.yahoo.com/research-hub/screener/sec-ind_sec-top-etfs_basic-materials/,2026-09-14T11:27:39+00:00,en-US,US,ETF,ETF,Delayed Quote,False,LOW,1.61,24.588149,12.44029,27.46714,USD,0.08,0.0,0.0,8967386,50.76,17600.0,15400.0,us_market,finmb_8795509,NYSEArca,State Street Materials Select Sector SPDR ETF,51.19,11267916,12289340,[],8.915001,0.21208519,42.035 - 54.19,-3.2399979,-0.05978959,12.051905,1.39,23.776165,0.027383767,17.202,3.38651,3.38651,8752943100.0,PRE,2.1429024,51.8414,-0.8913994,-0.01719474,50.240776,0.7092247,0.014116515,15,0,America/New_York,EDT,-14400000,0.374315,PCX,54.19,42.035,1.61,False,False,False,True,914337000000,2,-0.22999954,-0.45142207,1789384161.0,50.72,0.190002,1789156800,50.95,51.21,50.87 - 51.21,50.87,State Street Materials Select S,50.72,-0.06560135,-0.12876897,XLB,71923696.0,79.114,0.6440074,USD,,,,,,,,,,
Materials,basic-materials,4,COPX,Global X Copper Miners ETF,https://finance.yahoo.com/research-hub/screener/sec-ind_sec-top-etfs_basic-materials/,2026-09-14T11:27:39+00:00,en-US,US,ETF,ETF,Nasdaq Real Time Price,False,LOW,2.07,17.076503,9.29965,24.01101,USD,0.65,85.81,0.0,3049014,88.61,500.0,100.0,us_market,finmb_102327242,NYSEArca,Global X Copper Miners ETF,89.67,3099996,3511420,[],36.199997,0.6917637,52.33 - 99.99,-11.459999,-0.114611454,63.219025,,16.280237,,29.78442,6.26496,6.26496,8443984900.0,PRE,5.4378815,84.3136,4.2164,0.050008543,81.41,7.119995,0.08745848,15,0,America/New_York,EDT,-14400000,-0.0902853,PCX,99.99,52.33,2.07,False,False,False,True,1271770200000,2,-2.8450012,-3.212694,1789385085.0,85.71,-0.0800018,1789156800,88.53,90.05,87.99 - 90.05,87.99,Global X Copper Miners ETF,85.71,-2.8450012,-3.212694,COPX,,,,,,,,,,,,,,
Materials,basic-materials,5,VCRB,Vanguard Core Bond ETF,https://finance.yahoo.com/research-hub/screener/sec-ind_sec-top-etfs_basic-materials/,2026-09-14T11:27:39+00:00,en-US,US,ETF,ETF,Delayed Quote,False,LOW,4.59,37.216226,,,USD,0.1,76.1,76.0,746598,74.9,2.0,3.0,us_market,finmb_1858476233,NasdaqGM,Vanguard Core Bond ETF,74.97,560766,900490,[],0.025001526,0.00033435674,74.775 - 79.18,-4.3799973,-0.055316966,-4.9796762,,36.676865,,0.06504,-0.60034,-0.60034,7708269600.0,PRE,2.0394328,76.07094,-1.270935,-0.016707236,77.29379,-2.4937897,-0.03226378,15,0,America/New_York,EDT,-14400000,-0.13350931,NGM,79.18,74.775,4.59,False,False,False,True,1702564200000,2,0.10809326,0.1445097,1789384072.0,74.9081,-0.099998474,1789156800,74.8,75.055,74.775 - 75.055,74.775,Vanguard Core Bond ETF,74.9081,-0.099998474,-0.13350931,VCRB,,,,,2023-12-14,,,,,,,,,
Materials,basic-materials,6,SIL,Global X Silver Miners ETF,https://finance.yahoo.com/research-hub/screener/sec-ind_sec-top-etfs_basic-materials/,2026-09-14T11:27:39+00:00,en-US,US,ETF,ETF,Nasdaq Real Time Price,False,LOW,1.04,18.726592,1.92403,-18.34289,USD,0.65,0.0,94.29,711857,96.2,400.0,100.0,us_market,finmb_102327218,NYSEArca,Global X Silver Miners ETF,98.31,1187332,1070990,[],34.56,0.55922335,61.8 - 119.24,-22.879997,-0.1918819,43.009792,0.0,18.422607,0.0,17.18804,4.96582,4.96582,5261147600.0,PRE,5.23053,86.005,10.355003,0.12040002,90.2499,6.1101,0.06770201,15,0,America/New_York,EDT,-14400000,0.166324,PCX,119.24,61.8,1.04,False,False,False,True,1271770200000,2,-2.1399994,-2.2203772,1789383600.0,94.24,0.160004,1789156800,96.36,99.03,95.815 - 99.03,95.815,Global X Silver Miners ETF,94.24,-2.1399994,-2.2203772,SIL,,,,,,,,,,,,,,
Materials,basic-materials,7,XME,State Street SPDR S&P Metals & Mining ETF,https://finance.yahoo.com/research-hub/screener/sec-ind_sec-top-etfs_basic-materials/,2026-09-14T11:27:39+00:00,en-US,US,ETF,ETF,Nasdaq Real Time Price,False,LOW,0.32,20.491803,21.50368,34.9432,USD,0.35,113.63,0.0,1773702,114.77,100.0,100.0,us_market,finmb_27776009,NYSEArca,State Street SPDR S&P Metals & Mining ETF,116.03,2035525,1468090,[],28.0,0.32698822,85.63 - 135.68,-22.049995,-0.16251472,27.545177,0.32,19.711197,0.0027881851,14.13795,-5.55931,-5.55931,4885382700.0,PRE,5.764744,110.3428,3.287201,0.029790808,113.2827,0.34729767,0.003065761,15,0,America/New_York,EDT,-14400000,-0.99329,PCX,135.68,85.63,0.32,False,False,False,True,1150983000000,2,-0.62999725,-0.55442864,1789383612.0,113.0,-1.14,1789156800,113.63,116.42,113.52 - 116.42,113.52,State Street SPDR S&P Metals & ,113.0,-0.62999725,-0.55442864,XME,17500200.0,43.027,2.6409,USD,,,,,,,,,,
Materials,basic-materials,8,VAW,Vanguard Materials Index Fund ETF Shares,https://finance.yahoo.com/research-hub/screener/sec-ind_sec-top-etfs_basic-materials/,2026-09-14T11:27:39+00:00,en-US,US,ETF,ETF,Nasdaq Real Time Price,False,LOW,1.34,22.737608,13.66502,27.27151,USD,0.09,242.23,0.0,51482,227.71,100.0,200.0,us_market,finmb_22939102,NYSEArca,Vanguard Materials Index Fund ETF Shares,229.48,44820,38990,[],38.160004,0.20053606,190.29 - 245.26,-16.809998,-0.0685395,10.245144,,23.296436,,14.72136,1.96247,1.96247,4541496800.0,PRE,9.806221,231.3298,-2.8798065,-0.012448921,227.31944,1.1305542,0.004973416,15,0,America/New_York,EDT,-14400000,0.32497,PCX,245.26,190.29,1.34,False,False,False,True,1075473000000,2,,,,,0.73999,1789156800,228.45,229.7386,228.265 - 229.7386,228.265,Vanguard Materials ETF,228.45,0.73999,0.32497,VAW,,,,,,,,,,,,,,
Materials,basic-materials,9,SILJ,Amplify Junior Silver Miners ETF,https://finance.yahoo.com/research-hub/screener/sec-ind_sec-top-etfs_basic-materials/,2026-09-14T11:27:39+00:00,en-US,US,ETF,ETF,Nasdaq Real Time Price,False,LOW,1.77,20.682523,33.4551,-28.45254,USD,0.69,29.65,29.61,3567939,30.65,1800.0,800.0,us_market,finmb_223194694,NYSEArca,Amplify Junior Silver Miners ETF,31.3,4008930,3935440,[],10.9,0.5564063,19.59 - 41.1,-10.609999,-0.25815082,43.956566,0.0,20.087795,0.0,13.47156,1.40744,1.40744,4132843260.0,PRE,1.517837,28.0982,2.3918,0.08512289,29.9592,0.53079987,0.017717425,15,0,America/New_York,EDT,-14400000,-0.522022,PCX,41.1,19.59,1.77,False,False,False,True,1354199400000,2,-0.7600002,-2.4942575,1789384865.0,29.71,-0.16,1789156800,30.49,31.51,30.27 - 31.51,30.27,Amplify Junior Silver Miners ET,29.71,-0.7600002,-2.4942575,SILJ,,,,,,,,,,,,,,
Materials,basic-materials,10,PICK,iShares MSCI Global Metals & Mining Producers ETF,https://finance.yahoo.com/research-hub/screener/sec-ind_sec-top-etfs_basic-materials/,2026-09-14T11:27:39+00:00,en-US,US,ETF,ETF,Nasdaq Real Time Price,False,LOW,2.03,18.850141,10.05164,22.34686,USD,0.39,67.02,0.0,508102,63.26,700.0,600.0,us_market,finmb_160289298,Cboe US,iShares MSCI Global Metals & Mining Producers ETF,64.15,813759,514710,[],21.239998,0.5043932,42.11 - 69.02,-5.669998,-0.08215008,47.257088,0.0,18.373596,0.0,28.2731,-0.71839,-0.71839,2583474690.0,PRE,3.4478824,61.3618,1.9881973,0.032401223,59.1853,4.1646996,0.07036713,15,0,America/New_York,EDT,-14400000,0.14227,BTS,69.02,42.11,2.03,False,False,False,True,1328193000000,2,-0.97999954,-1.5454968,1789383611.0,62.43,0.0900002,1789156800,63.35,64.15,63.145 - 64.15,63.145,iShares MSCI Global Select Meta,62.43,-0.97999954,-1.5454968,PICK,8350000.0,,,,,,,,,,,,,
Materials,basic-materials,11,RING,iShares MSCI Global Gold Miners ETF,https://finance.yahoo.com/research-hub/screener/sec-ind_sec-top-etfs_basic-materials/,2026-09-14T11:27:39+00:00,en-US,US,ETF,ETF,Nasdaq Real Time Price,False,LOW,1.05,14.046917,12.61905,-7.96785,USD,0.39,72.58,72.06,675252,84.56,3.0,3.0,us_market,finmb_160291964,NasdaqGM,iShares MSCI Global Gold Miners ETF,86.56,815048,822700,[],28.02,0.48772845,57.45 - 100.41,-14.940002,-0.14878999,42.260326,0.0,13.884944,0.0,17.96051,11.91535,11.91535,2516190720.0,PRE,6.1555886,74.8828,10.587204,0.14138366,77.97845,7.4915543,0.096072115,15,0,America/New_York,EDT,-14400000,1.0761633,NGM,100.41,57.45,1.05,False,False,False,True,1328193000000,2,-1.590004,-1.8603065,1789383603.0,83.88,0.91000366,1789156800,85.47,87.13,84.885 - 87.13,84.885,iShares MSCI Global Gold Miners,83.88,0.91000366,1.0761633,RING,11500000.0,,,,,1514246400.0,,,,,,,,
Materials,basic-materials,12,FTSL,First Trust Senior Loan Fund,https://finance.yahoo.com/research-hub/screener/sec-ind_sec-top-etfs_basic-materials/,2026-09-14T11:27:39+00:00,en-US,US,ETF,ETF,Delayed Quote,False,LOW,,,11.12894,4.01958,USD,0.7,44.89,44.71,316541,44.9,10.0,10.0,us_market,finmb_207420199,NasdaqGM,First Trust Senior Loan Fund,44.94,235362,367450,[],0.58000183,0.013071937,44.37 - 46.15,-1.2000008,-0.026002182,-2.4310827,0.0,,0.0,1.72805,1.34753,1.34753,2359059460.0,PRE,,44.8726,0.07740021,0.001724888,45.1777,-0.22769928,-0.005040081,15,0,America/New_York,EDT,-14400000,0.11135687,NGM,46.15,44.37,6.29,False,False,False,True,1367501400000,2,-0.45000076,-1.001114,1789383615.0,44.5,0.049999237,1789156801,44.95,45.0097,44.8901 - 45.0097,44.8901,First Trust Senior Loan Fund,44.5,0.049999237,0.11135687,FTSL,,,,,,1496188800.0,,,,,,,,
Materials,basic-materials,13,REMX,VanEck Rare Earth and Strategic Metals ETF,https://finance.yahoo.com/research-hub/screener/sec-ind_sec-top-etfs_basic-materials/,2026-09-14T11:27:39+00:00,en-US,US,ETF,ETF,Nasdaq Real Time Price,False,LOW,1.98,40.290089,-18.9958,80.47367,USD,0.53,70.3,68.42,731462,72.42,200.0,100.0,us_market,finmb_115090089,NYSEArca,VanEck Rare Earth and Strategic Metals ETF,72.1,697572,531390,[],10.749996,0.17973576,59.81 - 111.55,-40.990005,-0.36745858,15.767026,0.0,32.101048,0.0,5.41311,-21.89385,-21.89385,2290166270.0,PRE,2.198059,75.207,-4.647003,-0.0617895,86.3226,-15.762604,-0.18260112,15,0,America/New_York,EDT,-14400000,-2.56835,PCX,111.55,59.81,1.67,False,False,False,True,1288272600000,2,-1.1700058,-1.6609962,1789383600.0,69.27,-1.86,1789156800,70.56,72.2136,70.415 - 72.2136,70.415,VanEck Rare Earth and Strategic,69.27,-1.1700058,-1.6609962,REMX,,,,,,,,,,,,,,
Materials,basic-materials,14,VPLS,Vanguard Core-Plus Bond ETF,https://finance.yahoo.com/research-hub/screener/sec-ind_sec-top-etfs_basic-materials/,2026-09-14T11:27:39+00:00,en-US,US,ETF,ETF,Delayed Quote,False,LOW,4.58,36.616624,,,USD,0.2,82.68,70.43,242220,75.34,2.0,2.0,us_market,finmb_1676103236,NasdaqGM,Vanguard Core-Plus Bond ETF,75.35,216908,208570,[],0.040000916,0.0005319271,75.2 - 79.41,-4.170006,-0.052512348,-4.7088327,,36.164803,,0.33621,-0.48299,-0.48299,1928486910.0,PRE,2.0804758,76.47528,-1.2352829,-0.016152708,77.586494,-2.3464966,-0.030243622,15,0,America/New_York,EDT,-14400000,-0.1327296,NGM,79.41,75.2,4.58,False,False,False,True,1701959400000,2,,,,,-0.099998474,1789156800,75.24,75.445,75.2 - 75.445,75.2,Vanguard Core Plus Bond ETF,75.24,-0.099998474,-0.1327296,VPLS,,,,,2023-12-07,,,,,,,,,
Materials,basic-materials,15,CARY,Angel Oak Income ETF,https://finance.yahoo.com/research-hub/screener/sec-ind_sec-top-etfs_basic-materials/,2026-09-14T11:27:39+00:00,en-US,US,ETF,ETF,Nasdaq Real Time Price,False,LOW,,,,,USD,0.8,20.71,20.65,1012821,20.48,8.0,16.0,us_market,finmb_1800756921,NasdaqGM,Angel Oak Income ETF,20.5336,430516,466270,[],0.01499939,0.0007341845,20.43 - 21.545,-1.1000004,-0.051055945,-2.8279483,0.0,,0.0,2.40984,0.5558,0.5558,1461159420.0,PRE,,20.69284,-0.24784088,-0.0119771315,20.84017,-0.3951702,-0.018961947,15,0,America/New_York,EDT,-14400000,-0.17089769,NGM,21.545,20.43,5.72,False,False,False,True,1667917800000,2,,,,,-0.034999847,1789156800,20.445,20.5336,20.43 - 20.5336,20.43,Angel Oak Income ETF,20.445,-0.034999847,-0.17089769,CARY,,,,,2024-12-20,,,,,,,,,
Materials,basic-materials,16,GDXU,MicroSectors Gold Miners 3X Leveraged ETNs,https://finance.yahoo.com/research-hub/screener/sec-ind_sec-top-etfs_basic-materials/,2026-09-14T11:27:39+00:00,en-US,US,ETF,ETF,Nasdaq Real Time Price,False,LOW,0.0,12.805737,,,USD,0.95,141.5,0.0,1815578,145.0,100.0,600.0,us_market,finmb_698149477,NYSEArca,MicroSectors Gold Miners 3X Leveraged ETNs,156.1,1678450,1842230,[],84.850006,1.3165246,64.45 - 540.78,-391.48004,-0.72391737,-9.333819,0.0,11.476321,0.0,-33.72569,-1.64971,-1.64971,1449884160.0,PRE,13.009396,119.2646,30.0354,0.25183836,209.8459,-60.5459,-0.28852552,15,0,America/New_York,EDT,-14400000,2.96552,PCX,540.78,64.45,0.0,False,False,False,True,1607005800000,2,-10.360992,-6.9494886,1789384955.0,138.729,4.3,1789156800,149.3,159.5,145.9 - 159.5,145.9,MicroSectors Gold Miners 3X Lev,138.729,-10.360992,-6.9494886,GDXU,,,,,,,1756125000.0,1756470600.0,1748433600.0,1748433600.0,False,,,
Materials,basic-materials,17,NUGT,Direxion Daily Gold Miners Index Bull 2X Shares,https://finance.yahoo.com/research-hub/screener/sec-ind_sec-top-etfs_basic-materials/,2026-09-14T11:27:39+00:00,en-US,US,ETF,ETF,Nasdaq Real Time Price,False,LOW,0.38,15.32802,2.71469,-26.28461,USD,1.13,0.0,0.0,571579,179.04,200.0,200.0,us_market,finmb_116840403,NYSEArca,Direxion Daily Gold Miners Index Bull 2X Shares,187.89,703170,727870,[],83.95,0.8496103,98.81 - 320.79,-138.03001,-0.43028152,37.900852,,14.764922,,3.55637,11.27384,11.27384,1291771260.0,PRE,12.377986,150.3052,32.45479,0.2159259,184.94275,-2.1827545,-0.011802325,15,0,America/New_York,EDT,-14400000,2.07775,PCX,320.79,98.81,0.38,False,False,False,True,1291818600000,2,-7.7700043,-4.249387,1789385073.0,175.08,3.72,1789156800,182.76,190.16,179.7601 - 190.16,179.7601,Direxion Daily Gold Miners Inde,175.08,-7.7700043,-4.249387,NUGT,,,,,,,,,,,,,,
Materials,basic-materials,18,IYM,iShares U.S. Basic Materials ETF,https://finance.yahoo.com/research-hub/screener/sec-ind_sec-top-etfs_basic-materials/,2026-09-14T11:27:39+00:00,en-US,US,ETF,ETF,Delayed Quote,False,LOW,1.21,24.17795,12.72761,25.51911,USD,0.37,0.0,176.37,875451,186.03,300.0,500.0,us_market,finmb_8795771,NYSEArca,iShares U.S. Basic Materials ETF,187.28,208069,314340,[],47.479996,0.34138623,139.08 - 197.36,-10.800003,-0.05472235,24.664211,1.797,23.489237,0.009659733,25.51469,4.24438,4.24438,1104552700.0,PRE,7.942361,184.505,2.0549927,0.011137869,176.82355,9.73645,0.055063087,15,0,America/New_York,EDT,-14400000,0.2849,PCX,197.36,139.08,1.21,False,False,False,True,961507800000,2,,,,,0.529999,1789156800,186.56,187.82,186.18 - 187.82,186.18,iShares U.S. Basic Materials ET,186.56,0.529999,0.2849,IYM,4200000.0,133.641,1.3959787,USD,,,,,,,,,,
Materials,basic-materials,19,SLVP,iShares MSCI Global Silver and Metals Miners ETF,https://finance.yahoo.com/research-hub/screener/sec-ind_sec-top-etfs_basic-materials/,2026-09-14T11:27:39+00:00,en-US,US,ETF,ETF,Nasdaq Real Time Price,False,LOW,1.77,18.218255,-2.05343,-23.04693,USD,0.39,39.4,0.0,126101,39.22,600.0,100.0,us_market,finmb_160292609,Cboe US,iShares MSCI Global Silver and Metals Miners ETF,40.04,285858,232850,[],15.26,0.63983226,23.85 - 50.15,-11.040001,-0.2201396,52.47563,,17.894268,,17.04937,7.59998,7.59998,1015361860.0,PRE,2.185616,34.9842,4.125801,0.11793327,36.40365,2.7063522,0.074342884,15,0,America/New_York,EDT,-14400000,-0.280471,BTS,50.15,23.85,1.77,False,False,False,True,1328193000000,2,-1.4179993,-3.6358955,1789384992.0,37.582,-0.110001,1789156800,39.11,40.405,38.83 - 40.405,38.83,iShares MSCI Global Silver and ,37.582,-1.4179993,-3.6358955,SLVP,7100000.0,,,,,,,,,,,,,
Materials,basic-materials,20,VSDB,Vanguard Short Duration Bond ETF Shares,https://finance.yahoo.com/research-hub/screener/sec-ind_sec-top-etfs_basic-materials/,2026-09-14T11:27:39+00:00,en-US,US,ETF,ETF,Delayed Quote,False,LOW,4.01,47.103156,,,USD,0.15,119.59,0.0,62524,75.285,300.0,200.0,us_market,finmb_1917052984,Cboe US,Vanguard Short Duration Bond ETF Shares,75.32,68643,70630,[],0.02999878,0.00039897297,75.19 - 77.64,-2.4199982,-0.031169476,-1.9934833,0.0,46.730408,0.0,1.55022,0.43333,0.43333,1008785090.0,PRE,1.6096586,75.88292,-0.6629181,-0.008736065,76.2835,-1.0634995,-0.013941408,15,0,America/New_York,EDT,-14400000,-0.0863418,BTS,77.64,75.19,4.01,False,False,False,True,1743687000000,2,,,,,-0.0650024,1789156789,75.22,75.8357,75.19 - 75.8357,75.19,Vanguard Short Duration Bond ET,75.22,-0.0650024,-0.0863418,VSDB,,,,,,,,,,,,,,
Materials,basic-materials,21,SLVR,Sprott Silver Miners & Physical Silver ETF,https://finance.yahoo.com/research-hub/screener/sec-ind_sec-top-etfs_basic-materials/,2026-09-14T11:27:39+00:00,en-US,US,ETF,ETF,Nasdaq Real Time Price,False,LOW,3.27,27.041644,,,USD,0.65,54.24,53.52,186104,60.9,3.0,3.0,us_market,finmb_1887728648,NasdaqGM,Sprott Silver Miners & Physical Silver ETF,62.0,135079,143450,[],23.52,0.64052284,36.72 - 85.9,-25.66,-0.29871944,52.352047,0.0,25.960312,0.0,12.60128,-0.33102,-0.33102,800680000.0,PRE,2.3204653,55.7435,4.496502,0.08066415,59.8533,0.3867035,0.0064608552,15,0,America/New_York,EDT,-14400000,-1.0837436,NGM,85.9,36.72,3.27,False,False,False,True,1736951400000,2,-1.7600021,-2.9216502,1789384231.0,58.48,-0.65999985,1789156800,60.24,62.67,60.01 - 62.67,60.01,Sprott Silver Miners & Physical,58.48,-0.65999985,-1.0837436,SLVR,,,,,2025-01-15,,,,,,,SILVERspac,,
Materials,basic-materials,22,SGDM,Sprott Gold Miners ETF,https://finance.yahoo.com/research-hub/screener/sec-ind_sec-top-etfs_basic-materials/,2026-09-14T11:27:39+00:00,en-US,US,ETF,ETF,Nasdaq Real Time Price,False,LOW,0.89,14.033118,2.6963,-9.24765,USD,0.46,85.74,0.0,32076,80.325,400.0,200.0,us_market,finmb_265512660,NYSEArca,Sprott Gold Miners ETF,81.62,42858,43100,[],25.55,0.46227607,55.27 - 96.5,-15.68,-0.16248704,38.913715,0.0,13.856525,0.0,17.55163,9.89364,9.89364,726838460.0,PRE,5.832631,71.67344,9.146561,0.12761436,74.38096,6.439041,0.08656841,15,0,America/New_York,EDT,-14400000,0.61625,PCX,96.5,55.27,0.89,False,False,False,True,1405431000000,2,4.1499023,5.1391916,1789383687.0,84.9,0.495003,1789156800,80.82,82.83,80.715 - 82.83,80.715,Sprott Gold Miners ETF,84.9,4.1499023,5.1391916,SGDM,,,,,,,,,,,,,,
Materials,basic-materials,23,SETM,Sprott Critical Materials ETF,https://finance.yahoo.com/research-hub/screener/sec-ind_sec-top-etfs_basic-materials/,2026-09-14T11:27:39+00:00,en-US,US,ETF,ETF,Delayed Quote,False,LOW,1.31,22.202487,,,USD,0.65,31.59,31.06,177855,32.68,2.0,2.0,us_market,finmb_1802733259,NasdaqGM,Sprott Critical Materials ETF,32.75,158385,122190,[],9.730001,0.43789387,22.22 - 40.55,-8.599998,-0.21208382,38.132298,0.0,20.615211,0.0,19.74323,-6.19734,-6.19734,629382270.0,PRE,1.5498265,31.7541,0.19589996,0.006169281,33.370205,-1.4202042,-0.04255905,15,0,America/New_York,EDT,-14400000,-2.2337806,NGM,40.55,22.22,1.31,False,False,False,True,1675348200000,2,-0.22000122,-0.68707436,1789383612.0,31.8,-0.72999954,1789156800,31.95,32.8503,31.91 - 32.8503,31.91,Sprott Critical Materials ETF,31.8,-0.65999985,-2.0195835,SETM,,,,,2023-02-02,,,,,,,,,
Materials,basic-materials,24,FMAT,Fidelity MSCI Materials Index ETF,https://finance.yahoo.com/research-hub/screener/sec-ind_sec-top-etfs_basic-materials/,2026-09-14T11:27:39+00:00,en-US,US,ETF,ETF,Delayed Quote,False,LOW,1.38,23.877746,13.66281,27.60483,USD,0.084,0.0,55.28,48513,58.21,800.0,400.0,us_market,finmb_243638576,NYSEArca,Fidelity MSCI Materials Index ETF,58.75,53746,38010,[],9.700001,0.19893357,48.76 - 62.84,-4.380001,-0.069700845,10.197926,0.0,23.087877,0.0,14.62245,1.9432,1.9432,619519040.0,PRE,2.5320647,59.1572,-0.6972008,-0.011785561,58.17135,0.2886505,0.0049620736,15,0,America/New_York,EDT,-14400000,0.42948,PCX,62.84,48.76,1.38,False,False,False,True,1382621400000,2,,,,,0.25,1789156800,58.46,58.65,58.38 - 58.65,58.38,Fidelity MSCI Materials Index E,58.46,0.25,0.42948,FMAT,,,,,,,,,,,,,,
Materials,basic-materials,25,JNUG,Direxion Daily Junior Gold Miners Index Bull 2X Shares,https://finance.yahoo.com/research-hub/screener/sec-ind_sec-top-etfs_basic-materials/,2026-09-14T11:27:39+00:00,en-US,US,ETF,ETF,Delayed Quote,False,LOW,1.51,14.874312,-4.38975,-46.5345,USD,1.03,175.12,172.74,212499,180.34,100.0,100.0,us_market,finmb_247759518,NYSEArca,Direxion Daily Junior Gold Miners Index Bull 2X Shares,190.48,310872,279220,[],84.41,0.8490244,99.42 - 363.55,-179.71999,-0.4943474,30.746794,0.0,14.150725,0.0,-5.27344,3.73662,3.73662,559082110.0,PRE,12.990853,153.8134,30.016602,0.19514945,199.2318,-15.401794,-0.077305906,15,0,America/New_York,EDT,-14400000,1.93524,PCX,363.55,99.42,1.51,False,False,False,True,1380807000000,2,-9.210007,-5.0100675,1789383888.0,174.62,3.49001,1789156800,183.83,193.445,181.4705 - 193.445,181.4705,Direxion Daily Junior Gold Mine,174.62,-7.0200043,-3.8210342,JNUG,,,,,,,,,,,,,,
Materials,basic-materials,26,ICOP,iShares Copper and Metals Mining ETF,https://finance.yahoo.com/research-hub/screener/sec-ind_sec-top-etfs_basic-materials/,2026-09-14T11:27:39+00:00,en-US,US,ETF,ETF,Delayed Quote,False,LOW,1.54,18.99696,,,USD,0.47,58.86,49.99,339245,55.47,2.0,2.0,us_market,finmb_1823240728,NasdaqGM,iShares Copper and Metals Mining ETF,56.25,111817,173810,[],21.468998,0.63328505,33.901 - 60.93,-5.5600014,-0.09125228,58.43085,0.0,18.032946,0.0,32.22811,6.32621,6.32621,506422016.0,PRE,3.070491,53.21128,2.158718,0.040568806,50.60449,4.7655106,0.094171695,15,0,America/New_York,EDT,-14400000,-0.18028174,NGM,60.93,33.901,1.54,False,False,False,True,1687786200000,2,-0.89500046,-1.6163996,1789384840.0,54.475,-0.10000229,1789156800,55.37,56.56,55.165 - 56.56,55.165,iShares Copper and Metals Minin,54.475,-0.10000229,-0.18028174,ICOP,,,,,2023-06-23,,,,,,,,,
Materials,basic-materials,27,FXZ,First Trust Materials AlphaDEX Fund,https://finance.yahoo.com/research-hub/screener/sec-ind_sec-top-etfs_basic-materials/,2026-09-14T11:27:39+00:00,en-US,US,ETF,ETF,Delayed Quote,False,LOW,1.27,20.173492,16.13979,30.89432,USD,0.64,0.0,0.0,73218,83.65,100.0,200.0,us_market,finmb_34336542,NYSEArca,First Trust Materials AlphaDEX Fund,84.54,41982,31200,[],25.869999,0.44703645,57.87 - 88.25,-4.510002,-0.05110484,34.155716,0.0,19.767471,0.0,32.6194,3.35728,3.35728,397256096.0,PRE,4.2362523,81.4302,2.3097992,0.028365389,76.7579,6.9821014,0.09096265,15,0,America/New_York,EDT,-14400000,0.107587,PCX,88.25,57.87,1.27,False,False,False,True,1178890200000,2,,,,,0.0899963,1789156800,83.74,84.3301,83.47 - 84.3301,83.47,First Trust Materials AlphaDEX ,83.74,0.0899963,0.107587,FXZ,,,,,,,,,,,,,,
Materials,basic-materials,28,MXI,iShares Global Materials ETF,https://finance.yahoo.com/research-hub/screener/sec-ind_sec-top-etfs_basic-materials/,2026-09-14T11:27:39+00:00,en-US,US,ETF,ETF,Delayed Quote,False,LOW,1.59,22.197558,14.49124,15.35604,USD,0.37,0.0,0.0,9697,111.502,100.0,300.0,us_market,finmb_29247279,NYSEArca,iShares Global Materials ETF,112.6,28993,49650,[],24.229004,0.27589393,87.82 - 118.51,-6.4609985,-0.05451859,22.405506,,21.543669,,20.45972,3.01696,3.01696,392117088.0,PRE,5.201018,110.2802,1.7688065,0.016039202,107.38995,4.65905,0.04338441,15,0,America/New_York,EDT,-14400000,0.490394,PCX,118.51,87.82,1.59,False,False,False,True,1158931800000,2,,,,,0.546799,1789156500,112.049,112.52,111.91 - 112.52,111.91,iShares Global Materials ETF,112.049,0.546799,0.490394,MXI,,,,,,,,,,,,,,
Materials,basic-materials,29,SGDJ,Sprott Junior Gold Miners ETF,https://finance.yahoo.com/research-hub/screener/sec-ind_sec-top-etfs_basic-materials/,2026-09-14T11:27:39+00:00,en-US,US,ETF,ETF,Nasdaq Real Time Price,False,LOW,7.12,14.349261,6.74855,-15.47425,USD,0.5,0.0,0.0,32696,96.6233,100.0,500.0,us_market,finmb_285064774,NYSEArca,Sprott Junior Gold Miners ETF,99.52,49224,45000,[],34.46,0.54794085,62.89 - 115.775,-18.425003,-0.15914492,46.721924,0.0,14.161604,0.0,16.85218,11.67448,11.67448,370845120.0,PRE,6.8742213,86.78296,10.5670395,0.12176399,89.839836,7.5101624,0.083595015,15,0,America/New_York,EDT,-14400000,0.752096,PCX,115.775,62.89,7.12,False,False,False,True,1427808600000,2,,,,,0.7267,1789156799,97.35,99.53,96.7897 - 99.53,96.7897,Sprott Junior Gold Miners ETF,97.35,-1.4132996,-1.4626902,SGDJ,,,,,,,,,,,,,,
Materials,basic-materials,30,VGHY,Vanguard High-Yield Active ETF,https://finance.yahoo.com/research-hub/screener/sec-ind_sec-top-etfs_basic-materials/,2026-09-14T11:27:39+00:00,en-US,US,ETF,ETF,Delayed Quote,False,LOW,,,,,USD,0.22,0.0,0.0,165425,73.64,200.0,700.0,us_market,finmb_1951254562,Cboe US,Vanguard High-Yield Active ETF,73.78,42800,48990,[],0.019996643,0.00027206316,73.5 - 77.515,-3.9950027,-0.05153845,-2.1820128,0.0,39.969414,0.0,2.69099,1.05721,1.05721,317082592.0,PRE,1.8394065,74.42634,-0.90634155,-0.012177699,74.88889,-1.3688965,-0.018279033,15,0,America/New_York,EDT,-14400000,-0.162959,BTS,77.515,73.5,,False,False,False,True,1758115800000,2,,,,,-0.120003,1789156800,73.52,73.82,73.5 - 73.82,73.5,Vanguard High-Yield Active ETF,73.52,-0.120003,-0.162959,VGHY,,,,,,,,,,,,,,
Materials,basic-materials,31,COPP,Sprott Copper Miners ETF,https://finance.yahoo.com/research-hub/screener/sec-ind_sec-top-etfs_basic-materials/,2026-09-14T11:27:39+00:00,en-US,US,ETF,ETF,Nasdaq Real Time Price,False,LOW,1.83,22.016733,,,USD,0.66,42.16,33.44,102652,42.8,2.0,1.0,us_market,finmb_1867980280,NasdaqGM,Sprott Copper Miners ETF,43.59,108661,98400,[],17.04,0.6594428,25.84 - 47.46,-4.579998,-0.096502274,61.50659,0.0,21.049667,0.0,29.62319,6.11404,6.11404,304235808.0,PRE,2.037087,41.0573,1.8227005,0.044394065,38.969894,3.9101067,0.1003366,15,0,America/New_York,EDT,-14400000,0.18692017,NGM,47.46,25.84,1.83,False,False,False,True,1709735400000,2,-1.5600014,-3.6380627,1789384900.0,41.32,0.08000183,1789156801,42.88,43.59,42.67 - 43.59,42.67,Sprott Copper Miners ETF,41.32,-1.5600014,-3.6380627,COPP,,,,,2024-03-06,,,,,,,,,
Materials,basic-materials,32,VGMS,Vanguard Multi-Sector Income Bond ETF,https://finance.yahoo.com/research-hub/screener/sec-ind_sec-top-etfs_basic-materials/,2026-09-14T11:27:39+00:00,en-US,US,ETF,ETF,Delayed Quote,False,LOW,5.19,36.127168,,,USD,0.3,0.0,0.0,66598,50.35,800.0,200.0,us_market,finmb_1936548521,Cboe US,Vanguard Multi-Sector Income Bond ETF,50.39,44803,44680,[],0.0,0.0,50.31 - 52.2,-1.8899994,-0.036206886,-2.9888153,,35.849266,,1.87561,0.52481,0.52481,272609600.0,PRE,1.403376,50.89432,-0.58432007,-0.011481047,51.29528,-0.9852791,-0.019207988,15,0,America/New_York,EDT,-14400000,-0.0794381,BTS,52.2,50.31,5.19,False,False,False,True,1749648600000,2,,,,,-0.0399971,1789156790,50.31,50.415,50.31 - 50.415,50.31,Vanguard Multi-Sector Income Bo,50.31,-0.0399971,-0.0794381,VGMS,,,,,,,,,,,,,,
Materials,basic-materials,33,WOOD,iShares Global Timber & Forestry ETF,https://finance.yahoo.com/research-hub/screener/sec-ind_sec-top-etfs_basic-materials/,2026-09-14T11:27:39+00:00,en-US,US,ETF,ETF,Nasdaq Real Time Price,False,LOW,2.35,14.343087,13.83414,16.7299,USD,0.39,73.54,72.33,5857,70.68,2.0,2.0,us_market,finmb_78977234,NasdaqGM,iShares Global Timber & Forestry ETF,70.88,21361,36330,[],6.2300034,0.096544296,64.53 - 83.32,-12.559998,-0.1507441,-5.577797,0.0,14.154079,0.0,0.37796,6.87022,6.87022,270820800.0,PRE,4.9992657,70.6474,0.112602234,0.0015938624,71.28675,-0.52674866,-0.0073891524,15,0,America/New_York,EDT,-14400000,0.11318878,NGM,83.32,64.53,2.35,False,False,False,True,1214400600000,2,,,,,0.08000183,1789156800,70.76,70.985,70.59 - 70.985,70.59,iShares Global Timber & Forestr,70.76,0.08000183,0.11318878,WOOD,,,,,,1482969600.0,,,,,,,,
Materials,basic-materials,34,GDMN,WisdomTree Efficient Gold Plus Gold Miners Strategy Fund,https://finance.yahoo.com/research-hub/screener/sec-ind_sec-top-etfs_basic-materials/,2026-09-14T11:27:39+00:00,en-US,US,ETF,ETF,Delayed Quote,False,LOW,2.56,14.378145,,,USD,0.45,0.0,0.0,27250,93.18,100.0,100.0,us_market,finmb_1681262913,Cboe US,WisdomTree Efficient Gold Plus Gold Miners Strategy Fund,96.07,51570,58100,[],27.349998,0.4074791,67.12 - 147.27,-52.800003,-0.35852516,31.959772,0.0,13.820751,0.0,4.96077,3.09619,3.09619,220938208.0,PRE,6.835374,85.33134,9.138664,0.107096225,97.72216,-3.252159,-0.03327965,15,0,America/New_York,EDT,-14400000,1.38442,BTS,147.27,67.12,2.56,False,False,False,True,1639665000000,2,,,,,1.29,1789156800,94.47,96.965,94.1 - 96.965,94.1,WisdomTree Efficient Gold Plus ,94.47,1.29,1.38442,GDMN,,,,,,,,,,,,,,
Materials,basic-materials,35,GOAU,U.S. Global GO GOLD and Precious Metal Miners ETF,https://finance.yahoo.com/research-hub/screener/sec-ind_sec-top-etfs_basic-materials/,2026-09-14T11:27:39+00:00,en-US,US,ETF,ETF,Delayed Quote,False,LOW,0.82,17.54386,10.67325,-8.71679,USD,0.6,50.74,41.11,7755,47.62,300.0,300.0,us_market,finmb_430331952,NYSEArca,U.S. Global GO GOLD and Precious Metal Miners ETF,48.64,29920,21650,[],13.4272,0.39097345,34.343 - 57.09,-9.319801,-0.16324753,27.7102,,17.173641,,14.40292,13.12942,13.12942,216814896.0,PRE,2.7816,42.47388,5.296318,0.12469588,44.279057,3.4911423,0.0788441,15,0,America/New_York,EDT,-14400000,0.315413,PCX,57.09,34.343,0.82,False,False,False,True,1498743000000,2,,,,,0.1502,1789156726,47.7702,48.7901,47.73 - 48.7901,47.73,US Global GO Gold and Precious ,47.7702,0.1502,0.315413,GOAU,,,,,,,,,,,,,,
Materials,basic-materials,36,GBUG,Sprott Active Gold & Silver Miners ETF,https://finance.yahoo.com/research-hub/screener/sec-ind_sec-top-etfs_basic-materials/,2026-09-14T11:27:39+00:00,en-US,US,ETF,ETF,Delayed Quote,False,LOW,1.33,15.720799,,,USD,0.9,47.03,40.6,18251,49.87,2.0,2.0,us_market,finmb_1913073300,NasdaqGM,Sprott Active Gold & Silver Miners ETF,50.85,33606,33850,[],17.3516,0.52612495,32.98 - 59.02,-8.6884,-0.14721112,42.826332,0.0,15.421027,0.0,17.62953,13.94626,13.94626,196535680.0,PRE,3.2638292,45.00392,5.3276787,0.11838254,45.695534,4.6360664,0.10145557,15,0,America/New_York,EDT,-14400000,0.9256091,NGM,59.02,32.98,1.33,False,False,False,True,1740061800000,2,0.25999832,0.5174096,1789374155.0,50.51,0.46160126,1789156800,50.3316,51.33,50.1013 - 51.33,50.1013,Sprott Active Gold & Silver Min,50.51,0.38000107,0.76198334,GBUG,,,,,2025-02-20,,,,,,,,,
Materials,basic-materials,37,RSPM,Invesco S&P 500 Equal Weight Materials ETF,https://finance.yahoo.com/research-hub/screener/sec-ind_sec-top-etfs_basic-materials/,2026-09-14T11:27:39+00:00,en-US,US,ETF,ETF,Delayed Quote,False,LOW,1.7,23.084026,8.27653,31.23197,USD,0.4,0.0,37.12,34606,39.08,1100.0,2000.0,us_market,finmb_30149166,NYSEArca,Invesco S&P 500 Equal Weight Materials ETF,39.305,27304,38260,[],8.18,0.26404133,30.98 - 41.71,-2.5499992,-0.061136402,17.880798,,22.358904,,19.84387,3.98742,3.98742,191341264.0,PRE,1.7514275,39.7356,-0.5755997,-0.014485743,38.3109,0.8490982,0.022163358,15,0,America/New_York,EDT,-14400000,0.204703,PCX,41.71,30.98,1.7,False,False,False,True,1162909800000,2,,,,,0.079998,1789156791,39.16,39.32,39.15 - 39.32,39.15,Invesco S&P 500 Equal Weight Ma,39.16,0.079998,0.204703,RSPM,,,,,,,,,,,,,,
Materials,basic-materials,38,COPJ,Sprott Junior Copper Miners ETF,https://finance.yahoo.com/research-hub/screener/sec-ind_sec-top-etfs_basic-materials/,2026-09-14T11:27:39+00:00,en-US,US,ETF,ETF,Delayed Quote,False,LOW,,,,,USD,0.75,42.68,41.99,53371,45.01,3.0,1.0,us_market,finmb_1802730191,NasdaqGM,Sprott Junior Copper Miners ETF,45.47,76193,85740,[],17.439602,0.6228429,28.0 - 53.945,-8.505398,-0.15766795,58.118176,0.0,22.657745,0.0,21.05129,5.72766,5.72766,182177760.0,PRE,2.0054777,42.83772,2.601883,0.06073813,42.3822,3.0574036,0.07213886,15,0,America/New_York,EDT,-14400000,0.9544626,NGM,53.945,28.0,9.59,False,False,False,True,1675348200000,2,-0.22999954,-0.5086235,1789372884.0,44.99,0.42960358,1789156800,45.4396,46.14,45.1837 - 46.14,45.1837,Sprott Junior Copper Miners ETF,44.99,0.2100029,0.46656945,COPJ,,,,,2023-02-02,,,,,,,,,
Materials,basic-materials,39,EDGH,3EDGE Dynamic Hard Assets ETF,https://finance.yahoo.com/research-hub/screener/sec-ind_sec-top-etfs_basic-materials/,2026-09-14T11:27:39+00:00,en-US,US,ETF,ETF,Delayed Quote,False,LOW,1.02,14.369881,,,USD,1.01,0.0,0.0,53736,34.73,1300.0,2600.0,us_market,finmb_1889315173,NYSEArca,3EDGE Dynamic Hard Assets ETF,34.94,57348,28420,[],6.880602,0.24723686,27.83 - 36.03,-1.319397,-0.036619402,23.075558,0.0,14.276231,0.0,14.87685,1.7748,1.7748,176645408.0,PRE,2.4313562,33.9295,0.7811012,0.023021301,33.321186,1.3894157,0.041697666,15,0,America/New_York,EDT,-14400000,-0.055853,PCX,36.03,27.83,1.02,False,False,False,True,1727962200000,2,,,,,-0.0193977,1789154471,34.7106,34.92,34.71 - 34.92,34.71,3EDGE Dynamic Hard Assets ETF,34.7106,-0.0193977,-0.055853,EDGH,,,,,,,,,,,,,,
Materials,basic-materials,40,SLX,VanEck Steel ETF,https://finance.yahoo.com/research-hub/screener/sec-ind_sec-top-etfs_basic-materials/,2026-09-14T11:27:39+00:00,en-US,US,ETF,ETF,Delayed Quote,False,LOW,1.22,19.984013,31.306,28.3097,USD,0.55,0.0,0.0,13470,108.626,300.0,600.0,us_market,finmb_29729860,NYSEArca,VanEck Steel ETF,108.9,27709,11560,[],37.54,0.5255495,71.43 - 114.0,-5.029999,-0.044122797,50.137783,0.0,20.07243,0.0,27.68015,-2.45968,-2.45968,173218192.0,PRE,5.4288397,105.5536,3.4164047,0.03236654,98.573,10.397003,0.105475165,15,0,America/New_York,EDT,-14400000,0.316685,PCX,114.0,71.43,1.22,False,False,False,True,1161091800000,2,,,,,0.344002,1789156748,108.97,109.38,108.52 - 109.38,108.52,VanEck Steel ETF,108.97,0.344002,0.316685,SLX,,,,,,,,,,,,,,
Materials,basic-materials,41,GOEX,Global X Gold Explorers ETF,https://finance.yahoo.com/research-hub/screener/sec-ind_sec-top-etfs_basic-materials/,2026-09-14T11:27:39+00:00,en-US,US,ETF,ETF,Nasdaq Real Time Price,False,LOW,1.9,14.865468,2.66769,-14.24799,USD,0.65,0.0,0.0,3089,90.1413,600.0,600.0,us_market,finmb_115372430,NYSEArca,Global X Gold Explorers ETF,91.48,9466,5450,[],30.378502,0.505971,60.04 - 110.19,-19.7715,-0.17943098,41.65753,,14.4730625,,14.29581,13.66712,13.66712,138560848.0,PRE,6.247365,80.6296,9.788902,0.12140582,84.11065,6.3078537,0.07499471,15,0,America/New_York,EDT,-14400000,0.307524,PCX,110.19,60.04,1.9,False,False,False,True,1288877400000,2,,,,,0.277206,1789156467,90.4185,90.6058,90.13 - 90.6058,90.13,Global X Gold Explorers ETF,90.4185,0.277206,0.307524,GOEX,,,,,,,,,,,,,,
Materials,basic-materials,42,FTRI,First Trust Indxx Global Natural Resources Income ETF,https://finance.yahoo.com/research-hub/screener/sec-ind_sec-top-etfs_basic-materials/,2026-09-14T11:27:39+00:00,en-US,US,ETF,ETF,Nasdaq Real Time Price,False,LOW,1.89,13.36541,1.73996,25.86506,USD,0.7,17.16,17.12,14381,18.24,1.0,1.0,us_market,finmb_99552270,NasdaqGM,First Trust Indxx Global Natural Resources Income ETF,18.39,36943,17100,[],3.7904997,0.2623183,14.45 - 19.13,-0.88949966,-0.04649763,20.000004,0.0,13.256181,0.0,18.85449,7.98064,7.98064,130803040.0,PRE,1.3759996,17.3106,0.9298992,0.053718485,17.174,1.0664997,0.06209967,15,0,America/New_York,EDT,-14400000,0.0027397224,NGM,19.13,14.45,1.89,False,False,False,True,1270042200000,2,,,,,0.00049972534,1789156800,18.2405,18.39,18.2101 - 18.39,18.2101,First Trust Indxx Global Natura,18.2405,-0.010000229,-0.05482582,FTRI,,,,,,1490918400.0,,,,,,,,
Materials,basic-materials,43,BATT,Amplify Lithium & Battery Technology ETF,https://finance.yahoo.com/research-hub/screener/sec-ind_sec-top-etfs_basic-materials/,2026-09-14T11:27:39+00:00,en-US,US,ETF,ETF,Delayed Quote,False,LOW,1.61,21.299255,-6.75189,16.76281,USD,0.59,15.7,0.0,16511,15.13,300.0,500.0,us_market,finmb_560115404,NYSEArca,Amplify Lithium & Battery Technology ETF,15.1,44370,36040,[],3.2961998,0.28028908,11.76 - 18.08,-3.0238,-0.16724557,25.99163,0.0,20.159664,0.0,15.47949,-7.69976,-7.69976,128053712.0,PRE,0.74684775,15.04908,0.0071201324,0.00047312744,15.36172,-0.30552006,-0.019888401,15,0,America/New_York,EDT,-14400000,-0.487773,PCX,18.08,11.76,1.61,False,False,False,True,1528291800000,2,-0.14620018,-0.97102976,1789383614.0,14.91,-0.0738001,1789156634,15.0562,15.17,15.04 - 15.17,15.04,Amplify Lithium & Battery Techn,14.91,-0.0738001,-0.487773,BATT,,,,,,,,,,,,,,
Materials,basic-materials,44,GDXD,MicroSectors Gold Miners -3X Inverse Leveraged ETNs,https://finance.yahoo.com/research-hub/screener/sec-ind_sec-top-etfs_basic-materials/,2026-09-14T11:27:39+00:00,en-US,US,ETF,ETF,Nasdaq Real Time Price,False,LOW,0.0,15.225335,,,USD,0.95,18.78,0.0,3548705,17.96,4200.0,4000.0,us_market,finmb_697832108,NYSEArca,MicroSectors Gold Miners -3X Inverse Leveraged ETNs,16.66,1807450,4503790,[],3.17,0.22245614,14.25 - 264.0,-246.58,-0.93401515,-92.35965,0.0,15.420079,0.0,-79.72637,-51.35223,-51.35223,120754904.0,PRE,1.1296959,33.5008,-16.080801,-0.48001245,47.7082,-30.288198,-0.6348636,15,0,America/New_York,EDT,-14400000,-3.00668,PCX,264.0,14.25,0.0,False,False,False,True,1607005800000,2,1.1727009,6.729991,1789385081.0,18.5977,-0.539999,1789156800,17.42,17.86,16.2408 - 17.86,16.2408,MicroSectors Gold Miners -3X In,18.5977,1.1727009,6.729991,GDXD,,,,,,,1756125000.0,1756470600.0,1748433600.0,1748433600.0,False,,,
Materials,basic-materials,45,AOHY,Angel Oak High Yield Opportunities ETF,https://finance.yahoo.com/research-hub/screener/sec-ind_sec-top-etfs_basic-materials/,2026-09-14T11:27:39+00:00,en-US,US,ETF,ETF,Delayed Quote,False,LOW,6.75,2.3696682464454977,,,USD,0.55,14.2,7.88,43121,10.945,2.0,2.0,us_market,finmb_327374480,NasdaqGM,Angel Oak High Yield Opportunities ETF,10.94,61430,62890,[],0.07000065,0.006445732,10.86 - 11.29,-0.35999966,-0.031886596,-2.5238574,0.0,2.3291795,0.0,3.4952,1.19103,1.19103,117538632.0,PRE,4.69264,11.03004,-0.10003948,-0.00906973,11.075985,-0.14598465,-0.013180286,15,0,America/New_York,EDT,-14400000,-0.13704331,NGM,11.29,10.86,6.62,False,False,False,True,1708439400000,2,,,,,-0.01499939,1789156801,10.93,10.9562,10.93 - 10.9562,10.93,Angel Oak High Yield Opportunit,10.93,-0.01499939,-0.13704331,AOHY,,,,,2024-12-20,,,,,,,,,
Materials,basic-materials,46,BPRO,Bitwise Proficio Currency Debasement ETF,https://finance.yahoo.com/research-hub/screener/sec-ind_sec-top-etfs_basic-materials/,2026-09-14T11:27:39+00:00,en-US,US,EQUITY,Equity,Delayed Quote,False,LOW,,,,,USD,,0.0,0.0,2335,21.215,100.0,300.0,us_market,finmb_1966997029,NYSEArca,Bitwise Proficio Currency Debasement ETF,21.52,7872,4290,[],3.1850014,0.17567576,18.13 - 30.29,-8.975,-0.2963024,-15.617579,0.0,15.523286,0.0,,,,,PRE,1.3730985,20.33146,0.9835396,0.048375253,21.998137,-0.683136,-0.031054266,15,0,America/New_York,EDT,-14400000,0.471366,PCX,30.29,18.13,,False,False,False,True,1769092200000,2,,,,,0.1,1789152782,21.315,21.52,21.315 - 21.52,21.315,Bitwise Proficio Currency Debas,21.315,0.1,0.471366,BPRO,,,,,,,,,,,,,,
Materials,basic-materials,47,METL,Sprott Active Metals & Miners ETF,https://finance.yahoo.com/research-hub/screener/sec-ind_sec-top-etfs_basic-materials/,2026-09-14T11:27:39+00:00,en-US,US,ETF,ETF,Delayed Quote,False,LOW,,,,,USD,0.99,34.12,19.2,14634,27.95,2.0,2.0,us_market,finmb_1948365491,NasdaqGM,Sprott Active Metals & Miners ETF,27.67,17122,11750,[],7.24,0.3593052,20.15 - 34.459,-7.0690002,-0.20514235,31.543564,0.0,22.08565,0.0,14.57393,-4.3304,-4.3304,91216832.0,PRE,1.2401718,26.67262,0.7173786,0.026895693,27.71315,-0.32315063,-0.011660553,15,0,America/New_York,EDT,-14400000,-2.0035827,NGM,34.459,20.15,,False,False,False,True,1757511000000,2,,,,,-0.5600014,1789156801,27.39,27.77,27.38 - 27.77,27.38,Sprott Active Metals & Miners E,27.39,-0.5600014,-2.0035827,METL,,,,,2025-09-10,,,,,,,,,
Materials,basic-materials,48,REXC,Sprott Rare Earths Ex-China ETF,https://finance.yahoo.com/research-hub/screener/sec-ind_sec-top-etfs_basic-materials/,2026-09-14T11:27:39+00:00,en-US,US,ETF,ETF,Delayed Quote,False,LOW,,,,,USD,0.65,17.4,17.19,55933,17.05,3.0,1.0,us_market,finmb_1982723846,NasdaqGM,Sprott Rare Earths Ex-China ETF,17.18,143061,98500,[],2.1999998,0.1502732,14.64 - 25.39,-8.549999,-0.33674672,-19.502867,0.0,,0.0,,-18.99354,-18.99354,76240368.0,PRE,,17.7136,-0.8736,-0.049318038,19.617212,-2.7772121,-0.14157018,15,0,America/New_York,EDT,-14400000,-1.2316663,NGM,25.39,14.64,,False,False,False,True,1776259800000,2,,,,,-0.20999908,1789156800,16.84,17.18,16.78 - 17.18,16.78,Sprott Rare Earths Ex-China ETF,16.84,-0.20999908,-1.2316663,REXC,,,,,2026-04-15,,,,,,,,,
Materials,basic-materials,49,PYZ,Invesco Dorsey Wright Basic Materials Momentum ETF,https://finance.yahoo.com/research-hub/screener/sec-ind_sec-top-etfs_basic-materials/,2026-09-14T11:27:39+00:00,en-US,US,ETF,ETF,Nasdaq Real Time Price,False,LOW,0.48,25.310048,9.61517,32.71402,USD,0.6,126.17,125.57,679,121.09,15.0,15.0,us_market,finmb_29596592,NasdaqGM,Invesco Dorsey Wright Basic Materials Momentum ETF,121.4,2137,4480,[],24.004707,0.24724182,97.09 - 134.1,-13.005302,-0.096982114,13.827789,0.0,24.758968,0.0,12.72782,-5.25571,-5.25571,74272560.0,PRE,4.890943,122.9172,-1.8224945,-0.01482701,122.83415,-1.7394485,-0.0141609525,15,0,America/New_York,EDT,-14400000,0.0038874692,NGM,134.1,97.09,0.48,False,False,False,True,1160659800000,2,,,,,0.0047073364,1789156800,121.0947,121.65,121.0947 - 121.65,121.0947,Invesco Dorsey Wright Basic Mat,121.0947,0.44000244,0.36336812,PYZ,,,,,,1522281600.0,,,,,,,,
Materials,basic-materials,50,SLJY,Amplify SILJ Junior Silver Miners Covered Call ETF,https://finance.yahoo.com/research-hub/screener/sec-ind_sec-top-etfs_basic-materials/,2026-09-14T11:27:39+00:00,en-US,US,EQUITY,Equity,Nasdaq Real Time Price,False,LOW,,,,,USD,,31.68,0.0,44857,30.8013,100.0,300.0,us_market,finmb_1949193104,NYSEArca,Amplify SILJ Junior Silver Miners Covered Call ETF,31.84,39961,55460,[],5.6049995,0.22132277,25.325 - 46.99,-16.060001,-0.34177485,8.336258,0.0,21.87968,0.0,,,,,PRE,1.4136404,29.30926,1.6207409,0.055297915,33.144905,-2.2149048,-0.0668249,15,0,America/New_York,EDT,-14400000,0.41784,PCX,46.99,25.325,,False,False,False,True,1755610200000,2,,,,,0.1287,1789156800,30.93,31.59,30.6 - 31.59,30.6,Amplify SILJ Junior Silver Mine,30.93,0.1287,0.41784,SLJY,,,,,,,,,,,,,Amplify ETF Trust - Amplify SILJ Covered Call ETF,2026-09-13
Materials,basic-materials,51,LENS,Sarmaya Thematic ETF,https://finance.yahoo.com/research-hub/screener/sec-ind_sec-top-etfs_basic-materials/,2026-09-14T11:27:39+00:00,en-US,US,ETF,ETF,Delayed Quote,False,LOW,1.32,14.086491,,,USD,0.79,72.65,0.0,15884,46.525,1300.0,300.0,us_market,finmb_1916998289,Cboe US,Sarmaya Thematic ETF,46.68,8962,5280,[],14.8983,0.4705717,31.66 - 50.84,-4.2817,-0.08421912,44.61701,0.0,14.007754,0.0,21.40698,6.38148,6.38148,66544108.0,PRE,3.323752,43.09088,3.4674187,0.080467574,43.44664,3.11166,0.07162027,15,0,America/New_York,EDT,-14400000,0.0715712,BTS,50.84,31.66,1.32,False,False,False,True,1738161000000,2,,,,,0.0332985,1789156114,46.5583,47.047,46.505 - 47.047,46.505,Sarmaya Thematic ETF,46.5583,0.0332985,0.0715712,LENS,,,,,,,,,,,,Presbia,,
Materials,basic-materials,52,NIKL,Sprott Nickel Miners ETF,https://finance.yahoo.com/research-hub/screener/sec-ind_sec-top-etfs_basic-materials/,2026-09-14T11:27:39+00:00,en-US,US,ETF,ETF,Nasdaq Real Time Price,False,LOW,2.66,13.524479,,,USD,0.75,15.12,13.89,18802,14.83,1.0,2.0,us_market,finmb_1802738135,NasdaqGM,Sprott Nickel Miners ETF,15.01,66656,39240,[],2.5596008,0.20928872,12.23 - 21.855,-7.065399,-0.32328525,7.6419234,0.0,13.406276,0.0,-5.02864,-2.29208,-2.29208,59846756.0,PRE,1.1031848,13.85222,0.9373808,0.06767008,15.739695,-0.9500942,-0.06036294,15,0,America/New_York,EDT,-14400000,-0.27241775,NGM,21.855,12.23,2.66,False,False,False,True,1679491800000,2,,,,,-0.04039955,1789156800,14.7896,15.0599,14.74 - 15.0599,14.74,Sprott Nickel Miners ETF,14.7896,-0.09000015,-0.606879,NIKL,,,,,2023-03-22,,,,,,,,,
Materials,basic-materials,53,EART,Global X Rare Earth & Critical Materials ETF,https://finance.yahoo.com/research-hub/screener/sec-ind_sec-top-etfs_basic-materials/,2026-09-14T11:27:39+00:00,en-US,US,ETF,ETF,Delayed Quote,False,LOW,0.6,20.93364,,,USD,0.59,37.72,21.14,10090,29.78,2.0,2.0,us_market,finmb_427409335,NasdaqGM,Global X Rare Earth & Critical Materials ETF,29.68,16229,11780,[],8.430101,0.39877492,21.14 - 36.92,-7.3498974,-0.19907632,34.464096,,19.84006,,13.58889,-3.17933,-3.17933,45863856.0,PRE,1.490424,28.97412,0.5959816,0.020569447,30.41691,-0.8468094,-0.027840085,15,0,America/New_York,EDT,-14400000,-0.7048351,NGM,36.92,21.14,0.6,False,False,False,True,1643293800000,2,-0.5799999,-1.9607841,1789383616.0,29.0,-0.2098999,1789156800,29.5701,29.73,29.5046 - 29.73,29.5046,Global X Rare Earth & Critical ,29.0,-0.20000076,-0.6715942,EART,,,,,,,,,,,,,,
Materials,basic-materials,54,LITP,Sprott Lithium Miners ETF,https://finance.yahoo.com/research-hub/screener/sec-ind_sec-top-etfs_basic-materials/,2026-09-14T11:27:39+00:00,en-US,US,ETF,ETF,Delayed Quote,False,LOW,7.47,8.603631,,,USD,0.65,10.84,10.39,81115,10.88,2.0,5.0,us_market,finmb_1802725874,NasdaqGM,Sprott Lithium Miners ETF,10.8,41133,52460,[],2.8473997,0.37515146,7.59 - 18.56,-8.1226,-0.43764007,32.030357,0.0,7.514605,0.0,-1.40264,-26.37092,-26.37092,43130260.0,PRE,1.3889486,11.16228,-0.7248802,-0.064940155,13.263545,-2.8261452,-0.21307616,15,0,America/New_York,EDT,-14400000,-4.068017,NGM,18.56,7.59,7.47,False,False,False,True,1675348200000,2,0.0089998245,0.08628786,1789384072.0,10.439,-0.44260025,1789156800,10.4374,10.8,10.41 - 10.8,10.41,Sprott Lithium Miners ETF,10.439,-0.4499998,-4.136028,LITP,,,,,2023-02-02,,,,,,,,,
Materials,basic-materials,55,UYM,ProShares Ultra Materials,https://finance.yahoo.com/research-hub/screener/sec-ind_sec-top-etfs_basic-materials/,2026-09-14T11:27:39+00:00,en-US,US,ETF,ETF,Delayed Quote,False,LOW,1.09,24.588149,17.86746,54.91251,USD,0.95,30.14,0.0,9388,29.14,200.0,400.0,us_market,finmb_32431233,NYSEArca,ProShares Ultra Materials,29.46,12367,10290,[],7.9300003,0.37160262,21.34 - 34.54,-5.2700005,-0.15257673,17.455864,,22.879568,,29.06223,4.34132,4.34132,41364368.0,PRE,1.2793074,30.6104,-1.3403988,-0.043789,29.4215,-0.1514988,-0.0051492546,15,0,America/New_York,EDT,-14400000,0.446126,PCX,34.54,21.34,1.09,False,False,False,True,1170340200000,2,,,,,0.130001,1789156800,29.27,29.48,29.25 - 29.48,29.25,ProShares Ultra Materials,29.27,0.130001,0.446126,UYM,,,,,,,,,,,,,,
Materials,basic-materials,56,FMTL,First Trust Indxx Critical Metals ETF,https://finance.yahoo.com/research-hub/screener/sec-ind_sec-top-etfs_basic-materials/,2026-09-14T11:27:39+00:00,en-US,US,EQUITY,Equity,Delayed Quote,False,LOW,,,,,USD,,0.0,0.0,2702,36.8551,700.0,700.0,us_market,finmb_1954599021,NYSEArca,First Trust Indxx Critical Metals ETF,37.084,4877,4420,[],13.005001,0.5430063,23.95 - 39.5,-2.5449982,-0.06443033,53.467606,0.0,17.367647,0.0,,,,,PRE,2.1278071,34.76754,2.1874619,0.062916785,34.051273,2.9037285,0.08527518,15,0,America/New_York,EDT,-14400000,0.27107,PCX,39.5,23.95,,False,False,False,True,1762353000000,2,,,,,0.0999031,1789156721,36.955,37.2199,36.6474 - 37.2199,36.6474,First Trust Indxx Critical Meta,36.955,0.0999031,0.27107,FMTL,,,,,,,,,,,,,First Trust Exchange - Traded Fund II - First Trust Indxx Critical Metals Etf,2026-09-13
Materials,basic-materials,57,AUMI,Themes Gold Miners ETF,https://finance.yahoo.com/research-hub/screener/sec-ind_sec-top-etfs_basic-materials/,2026-09-14T11:27:39+00:00,en-US,US,ETF,ETF,Delayed Quote,False,LOW,0.77,11.97318,,,USD,0.35,85.7,84.25,522,99.33,3.0,2.0,us_market,finmb_1849930008,NasdaqGM,Themes Gold Miners ETF,100.12,3219,2320,[],28.826096,0.4053163,71.12 - 124.28,-24.3339,-0.19579901,32.48409,0.0,11.529049,0.0,11.66149,12.34024,12.34024,26793144.0,PRE,8.669067,89.74314,10.202957,0.11369066,94.51488,5.431221,0.05746419,15,0,America/New_York,EDT,-14400000,0.6202522,NGM,124.28,71.12,0.77,False,False,False,True,1702477800000,2,,,,,0.6160965,1789156800,99.9461,100.1201,99.9461 - 100.1201,99.9461,Themes Gold Miners ETF,99.9461,0.7901001,0.79542947,AUMI,,,,,2023-12-13,,,,,,,,,
Materials,basic-materials,58,PSCM,Invesco S&P SmallCap Materials ETF,https://finance.yahoo.com/research-hub/screener/sec-ind_sec-top-etfs_basic-materials/,2026-09-14T11:27:39+00:00,en-US,US,ETF,ETF,Nasdaq Real Time Price,False,LOW,1.0,24.384297,19.7565,18.2579,USD,0.29,130.08,72.48,278,97.405,2.0,2.0,us_market,finmb_100588927,NasdaqGM,Invesco S&P SmallCap Materials ETF,97.3,1848,740,[],24.362,0.33487284,72.75 - 110.02,-12.907997,-0.1173241,25.077284,0.0,23.60219,0.0,19.92238,-4.48057,-4.48057,21068340.0,PRE,4.1145334,99.3544,-2.2424011,-0.022569722,97.47335,-0.361351,-0.0037071775,15,0,America/New_York,EDT,-14400000,-0.30080515,NGM,110.02,72.75,1.0,False,False,False,True,1270647000000,2,,,,,-0.29299927,1789156800,97.112,97.3,97.112 - 97.3,97.112,Invesco S&P SmallCap Materials ,97.112,-0.10499573,-0.10779295,PSCM,,,,,,1498780800.0,,,,,,,,
Materials,basic-materials,59,ILIT,Ishares Lithium Miners And Producers ETF,https://finance.yahoo.com/research-hub/screener/sec-ind_sec-top-etfs_basic-materials/,2026-09-14T11:27:39+00:00,en-US,US,ETF,ETF,Delayed Quote,False,LOW,2.06,21.399529,,,USD,0.47,18.48,10.36,10143,14.285,2.0,2.0,us_market,finmb_1823240727,NasdaqGM,Ishares Lithium Miners And Producers ETF,14.09,15435,5580,[],3.5999994,0.35087714,10.26 - 23.8,-9.94,-0.41764706,29.532707,0.0,19.070724,0.0,0.70673,-23.7424,-23.7424,15634682.0,PRE,0.7267684,14.84248,-0.98248005,-0.0661938,17.186455,-3.326455,-0.19355097,15,0,America/New_York,EDT,-14400000,-2.97515,NGM,23.8,10.26,2.06,False,False,False,True,1687786200000,2,,,,,-0.4250002,1789156800,13.86,14.09,13.79 - 14.09,13.79,iShares Lithium Miners and Prod,13.86,-0.43499947,-3.0451486,ILIT,,,,,2023-06-23,,,,,,,,,
Materials,basic-materials,60,COPA,Themes Copper Miners ETF,https://finance.yahoo.com/research-hub/screener/sec-ind_sec-top-etfs_basic-materials/,2026-09-14T11:27:39+00:00,en-US,US,ETF,ETF,Delayed Quote,False,LOW,3.19,17.705382,,,USD,0.35,64.99,0.0,1127,55.1402,400.0,200.0,us_market,finmb_1881887582,Cboe US,Themes Copper Miners ETF,55.705,2700,2720,[],22.0587,0.670885,32.88 - 59.56,-4.6212997,-0.07759066,62.100197,0.0,16.874916,0.0,35.31461,8.693,8.693,13834179.0,PRE,3.255643,51.86032,3.0783806,0.059359074,48.439884,6.4988174,0.13416253,15,0,America/New_York,EDT,-14400000,-0.365432,BTS,59.56,32.88,3.19,False,False,False,True,1727184600000,2,,,,,-0.2015,1789152497,54.9387,55.705,54.9387 - 55.705,54.9387,Themes Copper Miners ETF,54.9387,-0.2015,-0.365432,COPA,,,,,,,,,,,,,,
Materials,basic-materials,61,ION,Proshares S&P Global Core Battery Metals ETF,https://finance.yahoo.com/research-hub/screener/sec-ind_sec-top-etfs_basic-materials/,2026-09-14T11:27:39+00:00,en-US,US,ETF,ETF,Delayed Quote,False,LOW,1.42,17.12622,,,USD,0.58,0.0,0.0,4373,50.831,200.0,200.0,us_market,finmb_1798598447,NYSEArca,Proshares S&P Global Core Battery Metals ETF,50.11,2120,1550,[],14.4384,0.40477714,35.67 - 69.55,-19.441605,-0.2795342,35.507595,0.0,15.981726,0.0,4.21457,-10.90839,-10.90839,13434080.0,PRE,3.135356,50.1896,-0.08120346,-0.001617934,55.60671,-5.49831,-0.09887854,15,0,America/New_York,EDT,-14400000,-1.42158,PCX,69.55,35.67,1.42,False,False,False,True,1669905000000,2,,,,,-0.722603,1789155432,50.1084,50.2332,47.4201 - 50.2332,47.4201,ProShares S&P Global Core Batte,50.1084,-0.722603,-1.42158,ION,,,,,,,,,,,,,,
Materials,basic-materials,62,AGMI,Themes Silver Miners ETF,https://finance.yahoo.com/research-hub/screener/sec-ind_sec-top-etfs_basic-materials/,2026-09-14T11:27:39+00:00,en-US,US,ETF,ETF,Delayed Quote,False,LOW,3.65,18.288222,,,USD,0.35,67.46,66.39,7052,76.915,3.0,1.0,us_market,finmb_1871798990,NasdaqGM,Themes Silver Miners ETF,76.97,1593,2420,[],28.5,0.59861374,47.61 - 91.8,-15.690002,-0.17091505,52.010227,0.0,17.933601,0.0,20.71765,7.23743,7.23743,13215410.0,PRE,4.2439885,68.8553,7.2546997,0.10536153,70.12051,5.9894943,0.08541716,15,0,America/New_York,EDT,-14400000,-1.0466102,NGM,91.8,47.61,3.65,False,False,False,True,1714743000000,2,,,,,-0.8050003,1789156800,76.11,77.78,76.11 - 77.78,76.11,Themes Silver Miners ETF,76.11,0.8549957,1.1116111,AGMI,,,,,2024-05-03,,,,,,,,,
Materials,basic-materials,63,XLBI,State Street Materials Select Sector SPDR Premium Income ETF,https://finance.yahoo.com/research-hub/screener/sec-ind_sec-top-etfs_basic-materials/,2026-09-14T11:27:39+00:00,en-US,US,EQUITY,Equity,Delayed Quote,False,LOW,,,,,USD,,37.67,9.53,4797,23.5642,100.0,200.0,us_market,finmb_1944983062,NYSEArca,State Street Materials Select Sector SPDR Premium Income ETF,23.69,5777,7600,[],1.3449001,0.060174502,22.35 - 25.45,-1.7551003,-0.06896268,-4.73606,0.0,23.801538,0.0,,,,,PRE,0.9955197,24.06084,-0.3659401,-0.015208948,24.08513,-0.39023018,-0.01620212,15,0,America/New_York,EDT,-14400000,0.554659,PCX,25.45,22.35,,False,False,False,True,1753882200000,2,,,,,0.130701,1789156573,23.6949,23.81,23.6441 - 23.81,23.6441,State Street Materials Select S,23.6949,0.130701,0.554659,XLBI,,,,,,,,,,,,,The Select Sector SPDR Trust - The Materials Select Sector SPDR Premium Income Fund,2026-09-13
Materials,basic-materials,64,MINY,YieldMax Strategic Metals & Mining Portfolio Option Income ETF,https://finance.yahoo.com/research-hub/screener/sec-ind_sec-top-etfs_basic-materials/,2026-09-14T11:27:39+00:00,en-US,US,EQUITY,Equity,Delayed Quote,False,LOW,,,,,USD,,59.52,16.77,4211,38.321,2100.0,600.0,us_market,finmb_1976546369,NYSEArca,YieldMax Strategic Metals & Mining Portfolio Option Income ETF,38.5,4875,4250,[],3.8450012,0.11209916,34.3 - 51.4,-13.255001,-0.25787938,-24.139988,0.0,22.541197,0.0,,,,,PRE,1.6922349,37.8244,0.3205986,0.008475973,41.614193,-3.4691925,-0.08336561,15,0,America/New_York,EDT,-14400000,-0.459275,PCX,51.4,34.3,,False,False,False,True,1772202600000,2,,,,,-0.175999,1789156797,38.145,38.33,38.145 - 38.33,38.145,YieldMax Strategic Metals & Min,38.145,-0.175999,-0.459275,MINY,,,,,,,,,,,,,,
Materials,basic-materials,65,AUAU,Global X Gold Miners ETF,https://finance.yahoo.com/research-hub/screener/sec-ind_sec-top-etfs_basic-materials/,2026-09-14T11:27:39+00:00,en-US,US,EQUITY,Equity,Delayed Quote,False,LOW,,,,,USD,,66.36,16.79,825,41.349,200.0,300.0,us_market,finmb_1972763109,NYSEArca,Global X Gold Miners ETF,41.655,1916,1200,[],11.4174,0.37656334,30.32 - 50.38,-8.642601,-0.17154825,14.004374,0.0,15.227631,0.0,,,,,PRE,2.740899,37.10598,4.63142,0.124816,39.139355,2.5980453,0.06637936,15,0,America/New_York,EDT,-14400000,0.939324,PCX,50.38,30.32,,False,False,False,True,1765463400000,2,,,,,0.388401,1789153962,41.7374,41.7374,41.655 - 41.7374,41.655,Global X Gold Miners ETF,41.7374,0.388401,0.939324,AUAU,,,,,,,,,,,,,,
Materials,basic-materials,66,SLVX,Nicholas Silver Income ETF,https://finance.yahoo.com/research-hub/screener/sec-ind_sec-top-etfs_basic-materials/,2026-09-14T11:27:39+00:00,en-US,US,EQUITY,Equity,Delayed Quote,False,LOW,,,,,USD,,17.68,0.0,42230,15.58,200.0,100.0,us_market,finmb_1976552721,NYSEArca,Nicholas Silver Income ETF,15.995,20696,31430,[],3.2881994,0.2682055,12.26 - 25.49,-9.9418,-0.39002746,-26.022833,0.0,19.647064,0.0,,,,,PRE,0.7913752,14.7692,0.7789993,0.052744854,17.453917,-1.9057169,-0.10918563,15,0,America/New_York,EDT,-14400000,-0.20411,PCX,25.49,12.26,,False,False,False,True,1771425000000,2,,,,,-0.0318003,1789156042,15.5482,15.9999,15.49 - 15.9999,15.49,Nicholas Silver Income ETF,15.5482,-0.0318003,-0.20411,SLVX,,,,,,,,,,,,,,
Materials,basic-materials,67,GLDN,Nicholas Gold Income ETF,https://finance.yahoo.com/research-hub/screener/sec-ind_sec-top-etfs_basic-materials/,2026-09-14T11:27:39+00:00,en-US,US,EQUITY,Equity,Delayed Quote,False,LOW,,,,,USD,,27.1,0.0,2421,16.8206,200.0,1500.0,us_market,finmb_1976549625,NYSEArca,Nicholas Gold Income ETF,17.25,7282,5370,[],3.6279001,0.2715494,13.36 - 22.64,-5.6520996,-0.24965104,-16.87867,0.0,13.928133,0.0,,,,,PRE,1.2196825,15.7078,1.2800999,0.08149453,17.123917,-0.13601685,-0.007943092,15,0,America/New_York,EDT,-14400000,0.994609,PCX,22.64,13.36,,False,False,False,True,1771425000000,2,,,,,0.167299,1789152239,16.9879,17.19,16.9699 - 17.19,16.9699,Nicholas Gold Income ETF,16.9879,0.167299,0.994609,GLDN,,,,,,,,,,,,Gold Dynamics,,
Materials,basic-materials,68,LIMI,Themes Lithium & Battery Metal Miners ETF,https://finance.yahoo.com/research-hub/screener/sec-ind_sec-top-etfs_basic-materials/,2026-09-14T11:27:39+00:00,en-US,US,ETF,ETF,Delayed Quote,False,LOW,0.56,22.391402,,,USD,0.35,64.36,0.0,13,42.5208,300.0,100.0,us_market,finmb_1881887581,Cboe US,Themes Lithium & Battery Metal Miners ETF,42.37,461,350,[],8.913696,0.27570975,32.33 - 63.28,-22.0363,-0.34823483,25.859022,0.0,20.42681,0.0,-2.22749,-20.89833,-20.89833,2260519.0,PRE,2.0190964,42.7993,-1.555603,-0.036346458,48.996525,-7.7528267,-0.15823218,15,0,America/New_York,EDT,-14400000,-3.00348,BTS,63.28,32.33,0.56,False,False,False,True,1727184600000,2,,,,,-1.2771,1789056940,41.2437,41.2437,41.2437 - 41.2437,41.2437,Themes Lithium & Battery Metal ,41.2437,-1.2771,-3.00348,LIMI,,,,,,,,,,,,,,
Materials,basic-materials,69,ZSB,USCF Sustainable Battery Metals Strategy Fund,https://finance.yahoo.com/research-hub/screener/sec-ind_sec-top-etfs_basic-materials/,2026-09-14T11:27:39+00:00,en-US,US,ETF,ETF,Delayed Quote,False,LOW,2.04,27.434842249657063,,,USD,0.59,0.0,0.0,44,21.5603,1200.0,1200.0,us_market,finmb_1799472939,NYSEArca,USCF Sustainable Battery Metals Strategy Fund,21.9605,259,440,[],6.42,0.42125985,15.24 - 25.47,-3.8099995,-0.14958774,40.6037,0.0,31.574852,0.0,4.57541,-7.31215,-7.31215,2205597.0,PRE,0.68598896,21.89524,-0.23524094,-0.01074393,22.180096,-0.5200958,-0.023448763,15,0,America/New_York,EDT,-14400000,0.462419,PCX,25.47,15.24,0.88,False,False,False,True,1673620200000,2,,,,,0.099699,1788880521,21.66,21.66,21.66 - 21.66,21.66,USCF Sustainable Battery Metals,21.66,0.099699,0.462419,ZSB,,,,,,,,,,,,,,
Materials,basic-materials,70,TRUM,Vaneck Materials TruSector ETF,https://finance.yahoo.com/research-hub/screener/sec-ind_sec-top-etfs_basic-materials/,2026-09-14T11:27:39+00:00,en-US,US,ETF,ETF,Nasdaq Real Time Price,False,LOW,,,,,USD,0.15,,,443,25.0599,,,us_market,finmb_1986320683,NasdaqGM,Vaneck Materials TruSector ETF,25.289,310,590,[],0.70540047,0.02883894,24.46 - 26.52,-1.3546009,-0.051078465,2.0267487,,22.435804,,,,,260276.0,PRE,1.1216625,25.453617,-0.28821754,-0.011323245,25.453617,-0.28821754,-0.011323245,15,0,America/New_York,EDT,-14400000,0.4209884,NGM,26.52,24.46,,False,False,False,True,1783517400000,2,,,,,0.10549927,1789156800,25.1654,25.289,25.1654 - 25.289,25.1654,VANECK MATERIALS TRUSECTOR ETF,25.1654,0.22909927,0.9142066,TRUM,,,,,2026-07-08,,,,,,,,,
