sector,yahoo_sector_key,rank,ticker,etf_name,source_url,retrieved_at_utc,screen_language,screen_region,screen_quote_type,screen_type_disp,screen_quote_source_name,screen_triggerable,screen_custom_price_alert_confidence,screen_yield_ttm,screen_pe_ttm,screen_annual_return_nav_y3,screen_annual_return_nav_y5,screen_regular_market_change_percent,screen_currency,screen_ask,screen_bid,screen_net_expense_ratio,screen_exchange,screen_fifty_two_week_high,screen_fifty_two_week_low,screen_dividend_yield,screen_short_name,screen_fullday_price,screen_fullday_change,screen_fullday_change_percent,screen_price_hint,screen_pre_market_change,screen_pre_market_change_percent,screen_pre_market_time,screen_pre_market_price,screen_regular_market_change,screen_regular_market_time,screen_regular_market_price,screen_regular_market_day_high,screen_regular_market_day_range,screen_regular_market_day_low,screen_regular_market_volume,screen_regular_market_previous_close,screen_bid_size,screen_ask_size,screen_market,screen_message_board_id,screen_full_exchange_name,screen_long_name,screen_regular_market_open,screen_average_daily_volume3_month,screen_average_daily_volume10_day,screen_corporate_actions,screen_fifty_two_week_low_change,screen_fifty_two_week_low_change_percent,screen_fifty_two_week_range,screen_fifty_two_week_high_change,screen_fifty_two_week_high_change_percent,screen_fifty_two_week_change_percent,screen_trailing_pe,screen_ytd_return,screen_trailing_three_month_returns,screen_trailing_three_month_nav_returns,screen_net_assets,screen_market_state,screen_eps_trailing_twelve_months,screen_fifty_day_average,screen_fifty_day_average_change,screen_fifty_day_average_change_percent,screen_two_hundred_day_average,screen_two_hundred_day_average_change,screen_two_hundred_day_average_change_percent,screen_source_interval,screen_exchange_data_delayed_by,screen_exchange_timezone_name,screen_exchange_timezone_short_name,screen_gmt_off_set_milliseconds,screen_esg_populated,screen_tradeable,screen_crypto_tradeable,screen_has_pre_post_market_data,screen_first_trade_date_milliseconds,screen_symbol,screen_trailing_annual_dividend_rate,screen_trailing_annual_dividend_yield,screen_dividend_date,screen_financial_currency,screen_shares_outstanding,screen_book_value,screen_price_to_book,screen_ipo_expected_date,screen_display_name,screen_prev_name,screen_name_change_date
REIT,real-estate,1,VNQ,Vanguard Real Estate Index Fund ETF Shares,https://finance.yahoo.com/research-hub/screener/sec-ind_sec-top-etfs_real-estate/,2026-09-21T11:41:36+00:00,en-US,US,ETF,ETF,Delayed Quote,False,LOW,3.6,30.193237,11.75091,40.38287,-0.959379,USD,0.0,92.46,0.13,PCX,101.8,86.84,3.6,Vanguard Real Estate ETF,92.88,-0.91999817,-0.9807037,2,-0.030006409,-0.03229621,1789977747.0,92.88,-0.899994,1789761600,92.91,93.45,92.88 - 93.45,92.88,3388592,93.81,1100.0,2400.0,us_market,finmb_22939711,NYSEArca,Vanguard Real Estate Index Fund ETF Shares,93.14,3242179,3869760,[],6.0700073,0.069898754,86.84 - 101.8,-8.889999,-0.087328084,1.3526797,29.088074,11.1308,1.68362,1.68362,70822863000.0,PRE,3.1940928,97.663,-4.7529984,-0.048667338,94.2946,-1.3845978,-0.014683744,15,0,America/New_York,EDT,-14400000,False,False,False,True,1096464600000,VNQ,,,,,,,,,,,
REIT,real-estate,2,SCHH,Schwab U.S. REIT ETF,https://finance.yahoo.com/research-hub/screener/sec-ind_sec-top-etfs_real-estate/,2026-09-21T11:41:36+00:00,en-US,US,ETF,ETF,Delayed Quote,False,LOW,2.8,30.826141,11.2769,41.22573,-1.0013,USD,0.0,0.0,0.07,PCX,25.03,20.63,2.8,Schwab U.S. REIT ETF,22.74,-0.23,-1.0013,2,,,,,-0.23,1789761600,22.74,22.8799,22.735 - 22.8799,22.735,6907875,22.97,51300.0,25100.0,us_market,finmb_118204473,NYSEArca,Schwab U.S. REIT ETF,22.83,6789755,7693570,[],2.1100006,0.10227827,20.63 - 25.03,-2.290001,-0.09149025,6.0634375,29.527653,14.24583,1.22211,1.22211,11197114400.0,PRE,0.77012557,23.9242,-1.1842003,-0.04949801,22.8146,-0.07460022,-0.0032698456,15,0,America/New_York,EDT,-14400000,False,False,False,True,1294929000000,SCHH,0.0,0.0,,,,,,,,,
REIT,real-estate,3,CGCP,Capital Group Core Plus Income ETF,https://finance.yahoo.com/research-hub/screener/sec-ind_sec-top-etfs_real-estate/,2026-09-21T11:41:36+00:00,en-US,US,ETF,ETF,Delayed Quote,False,LOW,5.13,10.989010989010989,,,-0.460195,USD,0.0,20.66,0.34,PCX,23.0,21.59,5.13,Capital Group Core Plus Income ,21.63,-0.1,-0.460195,2,,,,,-0.1,1789761600,21.63,21.68,21.62 - 21.68,21.62,1529958,21.73,13300.0,11600.0,us_market,finmb_1679217578,NYSEArca,Capital Group Core Plus Income ETF,21.66,1595296,2370980,[],0.03999901,0.0018526636,21.59 - 23.0,-1.3700008,-0.059565254,-5.256242,10.517358,-0.00793,-0.60132,-0.60132,8608104400.0,PRE,2.0566,21.9767,-0.34670067,-0.01577583,22.3849,-0.7549,-0.033723626,15,0,America/New_York,EDT,-14400000,False,False,False,True,1645713000000,CGCP,0.0,0.0,,,,,,,,,
REIT,real-estate,4,XLRE,State Street Real Estate Select Sector SPDR ETF,https://finance.yahoo.com/research-hub/screener/sec-ind_sec-top-etfs_real-estate/,2026-09-21T11:41:36+00:00,en-US,US,ETF,ETF,Delayed Quote,False,LOW,3.19,31.436655,12.27352,45.985,-0.95482,USD,42.39,42.21,0.08,PCX,46.455,39.725,3.19,State Street Real Estate Select,42.25,-0.5299988,-1.2342776,2,0.07473755,0.17720707,1789989496.0,42.25,-0.41,1789761600,42.53,42.795,42.5 - 42.795,42.5,6159105,42.94,7400.0,6400.0,us_market,finmb_308648931,NYSEArca,State Street Real Estate Select Sector SPDR ETF,42.59,5126841,5040740,[],2.8050003,0.070610456,39.725 - 46.455,-3.925003,-0.084490426,2.0638347,30.310608,10.99793,1.14204,1.14204,8312176100.0,PRE,1.4031391,44.601,-2.071003,-0.046434,43.16415,-0.63415146,-0.014691624,15,0,America/New_York,EDT,-14400000,False,False,False,True,1444311000000,XLRE,,,,,,,,,,,
REIT,real-estate,5,FTSM,First Trust Enhanced Short Maturity ETF,https://finance.yahoo.com/research-hub/screener/sec-ind_sec-top-etfs_real-estate/,2026-09-21T11:41:36+00:00,en-US,US,ETF,ETF,Delayed Quote,False,LOW,,,5.17288,0.04099,0.0,USD,59.78,59.75,0.29,NGM,60.91,59.67,4.1,First Trust Enhanced Short Matu,62.521,0.0,0.0,2,2.8209991,4.7252917,1789977602.0,62.521,0.0,1789761601,59.7,59.71,59.69 - 59.71,59.69,1001357,59.7,5.0,5.0,us_market,finmb_264394906,NasdaqGM,First Trust Enhanced Short Maturity ETF,59.71,655476,688900,[],0.030002594,0.0005028087,59.67 - 60.91,-1.2099991,-0.01986536,-0.64076185,,2.35257,0.87799,0.87799,6547893200.0,PRE,,59.7963,-0.09629822,-0.0016104378,59.889214,-0.1892128,-0.0031593803,15,0,America/New_York,EDT,-14400000,False,False,False,True,1407331800000,FTSM,0.0,0.0,1496188800.0,,,,,,,,
REIT,real-estate,6,CGMS,Capital Group U.S. Multi-Sector Income ETF,https://finance.yahoo.com/research-hub/screener/sec-ind_sec-top-etfs_real-estate/,2026-09-21T11:41:36+00:00,en-US,US,ETF,ETF,Nasdaq Real Time Price,False,LOW,5.93,29.673590504451038,,,-0.223212,USD,28.07,0.0,0.39,PCX,27.99,26.74,6.07,Capital Group U.S. Multi-Sector,26.82,-0.0599995,-0.223212,2,,,,,-0.0599995,1789761600,26.82,26.84,26.79 - 26.84,26.79,1086354,26.88,4700.0,2100.0,us_market,finmb_1792031223,NYSEArca,Capital Group U.S. Multi-Sector Income ETF,26.83,1078720,1022530,[],0.07999992,0.0029917697,26.74 - 27.99,-1.1700001,-0.041800648,-3.9742231,29.226797,1.70163,0.0115,0.0115,5440398800.0,PRE,0.917651,27.0979,-0.2779007,-0.010255433,27.440926,-0.6209259,-0.022627732,15,0,America/New_York,EDT,-14400000,False,False,False,True,1666877400000,CGMS,0.0,0.0,,,,,,,,,
REIT,real-estate,7,REET,iShares Global REIT ETF,https://finance.yahoo.com/research-hub/screener/sec-ind_sec-top-etfs_real-estate/,2026-09-21T11:41:36+00:00,en-US,US,ETF,ETF,Delayed Quote,False,LOW,3.38,23.036167,10.42668,32.24835,-1.01925,USD,26.66,0.0,0.14,PCX,29.06,24.645,3.38,iShares Global REIT ETF,26.22,-0.27,-1.01925,2,,,,,-0.27,1789761600,26.22,26.34,26.205 - 26.34,26.205,2269545,26.49,3000.0,14600.0,us_market,finmb_262340397,NYSEArca,iShares Global REIT ETF,26.34,2843449,2658290,[],1.5749989,0.06390744,24.645 - 29.06,-2.8400002,-0.09772884,3.3504128,21.963938,11.50411,1.55325,1.55325,4936422900.0,PRE,1.1937749,27.8706,-1.6506004,-0.059223715,26.75625,-0.53625107,-0.020042086,15,0,America/New_York,EDT,-14400000,False,False,False,True,1404999000000,REET,0.0,0.0,,,,,,,,,
REIT,real-estate,8,USRT,iShares Core U.S. REIT ETF,https://finance.yahoo.com/research-hub/screener/sec-ind_sec-top-etfs_real-estate/,2026-09-21T11:41:36+00:00,en-US,US,ETF,ETF,Delayed Quote,False,LOW,2.6,29.7442,13.6217,43.10877,-0.993223,USD,99.85,0.0,0.08,PCX,70.09,56.44,2.6,iShares Core U.S. REIT ETF,62.8,-0.630001,-0.993223,2,,,,,-0.630001,1789761600,62.8,63.2,62.775 - 63.2,62.775,510599,63.43,1900.0,300.0,us_market,finmb_34214469,NYSEArca,iShares Core U.S. REIT ETF,63.17,548692,660640,[],6.3600006,0.11268605,56.44 - 70.09,-7.289997,-0.10400909,8.2012415,28.461615,16.27708,1.9318,1.9318,4570247200.0,PRE,2.2064805,66.7724,-3.9724007,-0.059491657,63.01995,-0.21995163,-0.0034901905,15,0,America/New_York,EDT,-14400000,False,False,False,True,1178285400000,USRT,,,,,,,,,,,
REIT,real-estate,9,IYR,iShares U.S. Real Estate ETF,https://finance.yahoo.com/research-hub/screener/sec-ind_sec-top-etfs_real-estate/,2026-09-21T11:41:36+00:00,en-US,US,ETF,ETF,Delayed Quote,False,LOW,2.21,28.53067,11.86027,38.69177,-0.950073,USD,0.0,0.0,0.37,PCX,108.17,92.45,2.21,iShares U.S. Real Estate ETF,98.0,-0.940002,-0.950073,2,,,,,-0.940002,1789761600,98.0,98.625,97.95 - 98.625,97.95,5876510,98.94,4600.0,5700.0,us_market,finmb_8796462,NYSEArca,iShares U.S. Real Estate ETF,98.32,5262736,6400460,[],5.550003,0.060032483,92.45 - 108.17,-10.169998,-0.09401866,1.913476,27.037415,10.08756,1.66437,1.66437,4394973200.0,PRE,3.6246068,103.7192,-5.7192,-0.055141192,100.02815,-2.0281525,-0.020275816,15,0,America/New_York,EDT,-14400000,False,False,False,True,961421400000,IYR,1.861,0.018809378,,USD,49350000.0,102.416,0.95688176,,,,
REIT,real-estate,10,FREI,Fidelity Real Estate Income Fund ETF,https://finance.yahoo.com/research-hub/screener/sec-ind_sec-top-etfs_real-estate/,2026-09-21T11:41:36+00:00,en-US,US,ETF,ETF,Nasdaq Real Time Price,False,LOW,,,,,-0.61074764,USD,,25.02,0.57,NGM,27.81,24.4,,Fidelity Real Estate Income ETF,24.41,-0.15989876,-0.65105355,2,,,,,-0.14999962,1789761600,24.41,24.56,24.4 - 24.56,24.4,232997,24.56,20.0,,us_market,finmb_28180414,NasdaqGM,Fidelity Real Estate Income Fund ETF,24.51,28446,33720,[],0.010000229,0.00040984547,24.4 - 27.81,-3.3999996,-0.12225817,-1.8101394,26.119757,4.35188,0.37377,0.37377,4382543900.0,PRE,0.93454164,24.8514,-0.44140053,-0.017761596,24.891563,-0.48156357,-0.019346457,15,0,America/New_York,EDT,-14400000,False,False,False,True,1781789400000,FREI,,,,,,,,2026-06-18,,,
REIT,real-estate,11,DFGR,Dimensional Global Real Estate ETF,https://finance.yahoo.com/research-hub/screener/sec-ind_sec-top-etfs_real-estate/,2026-09-21T11:41:36+00:00,en-US,US,ETF,ETF,Delayed Quote,False,LOW,3.71,22.893773,,,-0.853491,USD,0.0,0.0,0.22,PCX,30.425,26.018,3.71,Dimensional Global Real Estate ,27.88,0.15500069,0.5562558,2,0.0,0.0,1789980349.0,27.88,-0.240002,1789761600,27.88,27.955,27.85 - 27.955,27.85,348029,28.12,100.0,1800.0,us_market,finmb_1802681142,NYSEArca,Dimensional Global Real Estate ETF,27.98,428131,464630,[],1.8619995,0.07156582,26.018 - 30.425,-2.545,-0.08364832,2.04978,22.05523,10.51672,0.82712,0.82712,3813840380.0,PRE,1.2640992,29.3015,-1.4215012,-0.048512913,28.237495,-0.35749626,-0.012660339,15,0,America/New_York,EDT,-14400000,False,False,False,True,1670423400000,DFGR,0.0,0.0,,,,,,,,,
REIT,real-estate,12,VNQI,Vanguard Global ex-U.S. Real Estate Index Fund ETF Shares,https://finance.yahoo.com/research-hub/screener/sec-ind_sec-top-etfs_real-estate/,2026-09-21T11:41:36+00:00,en-US,US,ETF,ETF,Delayed Quote,False,LOW,4.81,11.637379,6.40328,5.63681,-1.0735437,USD,46.5,44.85,0.12,NGM,50.88,43.21,4.81,Vanguard Global ex-U.S. Real Es,43.31,-0.4699974,-1.0735437,2,0.0,0.0,1789988443.0,43.31,-0.4699974,1789761600,43.31,43.375,43.24 - 43.375,43.24,345036,43.78,1.0,2.0,us_market,finmb_115208731,NasdaqGM,Vanguard Global ex-U.S. Real Estate Index Fund ETF Shares,43.31,272342,343280,[],0.10000229,0.0023143322,43.21 - 50.88,-7.5699997,-0.14878143,-8.974361,11.265421,-2.28659,-2.75249,-2.75249,3759717380.0,PRE,3.8445082,45.288,-1.9779968,-0.04367596,46.39275,-3.0827484,-0.06644893,15,0,America/New_York,EDT,-14400000,False,False,False,True,1288618200000,VNQI,,,1482796800.0,,,,,,,,
REIT,real-estate,13,DTCR,Global X Data Center & Digital Infrastructure ETF,https://finance.yahoo.com/research-hub/screener/sec-ind_sec-top-etfs_real-estate/,2026-09-21T11:41:36+00:00,en-US,US,ETF,ETF,Delayed Quote,False,LOW,0.89,19.323671,,,0.5738944,USD,28.63,28.27,0.5,NGM,32.79,19.25,0.89,Global X Data Center & Digital ,28.55,0.16000175,0.5738944,2,0.5099983,1.8188242,1789990707.0,28.55,0.16000175,1789761602,28.04,28.06,27.7539 - 28.06,27.7539,438355,27.88,2.0,2.0,us_market,finmb_687578005,NasdaqGM,Global X Data Center & Digital Infrastructure ETF,27.97,1043187,607050,[],8.790001,0.45662344,19.25 - 32.79,-4.75,-0.14486124,35.85272,19.427599,32.8586,-11.10414,-11.10414,2143491710.0,PRE,1.4433075,28.0897,-0.049699783,-0.0017693241,26.714,1.3260002,0.0496369,15,0,America/New_York,EDT,-14400000,False,False,False,True,1603978200000,DTCR,,,,,,,,,,,
REIT,real-estate,14,ICF,iShares Select U.S. REIT ETF,https://finance.yahoo.com/research-hub/screener/sec-ind_sec-top-etfs_real-estate/,2026-09-21T11:41:36+00:00,en-US,US,ETF,ETF,Delayed Quote,False,LOW,2.47,29.70003,10.38017,43.99418,-0.967589,USD,0.0,0.0,0.32,BTS,71.01,58.91,2.47,iShares Select U.S. REIT ETF,64.48,-0.629997,-0.967589,2,0.0,0.0,1789988408.0,64.48,-0.629997,1789761600,64.48,64.845,64.48 - 64.845,64.48,115409,65.11,400.0,300.0,us_market,finmb_8795707,Cboe US,iShares Select U.S. REIT ETF,64.75,179246,374550,[],5.5700035,0.09455107,58.91 - 71.01,-6.529999,-0.09195886,5.9480786,28.442863,13.76106,0.14703,0.14703,2046449020.0,PRE,2.2670012,68.1334,-3.6533966,-0.05362123,65.321,-0.8409958,-0.012874815,15,0,America/New_York,EDT,-14400000,False,False,False,True,981124200000,ICF,,,,,,,,,,,
REIT,real-estate,15,RWR,State Street SPDR Dow Jones REIT ETF,https://finance.yahoo.com/research-hub/screener/sec-ind_sec-top-etfs_real-estate/,2026-09-21T11:41:36+00:00,en-US,US,ETF,ETF,Delayed Quote,False,LOW,3.38,31.715826,13.72095,45.5013,-0.927281,USD,166.86,0.0,0.25,PCX,119.65,96.66,3.38,State Street SPDR Dow Jones REI,107.91,-1.00999,-0.927281,2,,,,,-1.00999,1789761600,107.91,108.58,107.815 - 108.58,107.815,180032,108.92,400.0,100.0,us_market,finmb_8799273,NYSEArca,State Street SPDR Dow Jones REIT ETF,108.37,285846,155460,[],11.25,0.11638733,96.66 - 119.65,-11.739998,-0.0981195,9.044064,30.559937,15.75444,2.88733,2.88733,1848601860.0,PRE,3.5310938,113.9484,-6.0383987,-0.052992396,107.7346,0.17540741,0.0016281437,15,0,America/New_York,EDT,-14400000,False,False,False,True,998919000000,RWR,3.408,0.03128902,,USD,25981600.0,122.209,0.88299555,,,,
REIT,real-estate,16,DFAR,Dimensional US Real Estate ETF,https://finance.yahoo.com/research-hub/screener/sec-ind_sec-top-etfs_real-estate/,2026-09-21T11:41:36+00:00,en-US,US,ETF,ETF,Delayed Quote,False,LOW,2.71,29.472443,,,-0.8307,USD,26.26,0.0,0.19,PCX,27.595,22.645,2.71,Dimensional US Real Estate ETF,25.07,-0.210001,-0.8307,2,,,,,-0.210001,1789761600,25.07,25.201,25.045 - 25.201,25.045,1260879,25.28,8400.0,22100.0,us_market,finmb_1760559695,NYSEArca,Dimensional US Real Estate ETF,25.13,2612753,3400830,"[{""header"":""New Listing"",""message"":""DFAR is newly listed on NYSE Arca effective Sep. 28, 2026"",""meta"":{""eventType"":""NEW_LISTING"",""dateEpochMs"":1790568000000,""exchange"":""NYSE Arca""}}]",2.4249992,0.10708762,22.645 - 27.595,-2.5249996,-0.09150207,5.6468606,28.462023,14.13524,0.91252,0.91252,1736720000.0,PRE,0.88082284,26.3674,-1.2973995,-0.049204685,25.110704,-0.040704727,-0.001621011,15,0,America/New_York,EDT,-14400000,False,False,False,True,1645713000000,DFAR,0.0,0.0,,,,,,,,,
REIT,real-estate,17,FALN,iShares Fallen Angels USD Bond ETF,https://finance.yahoo.com/research-hub/screener/sec-ind_sec-top-etfs_real-estate/,2026-09-21T11:41:36+00:00,en-US,US,ETF,ETF,Nasdaq Real Time Price,False,LOW,6.0,2.3696682464454977,14.02131,5.76657,-0.30114785,USD,27.0,26.91,0.25,NGM,27.79,26.373,6.52,iShares Fallen Angels USD Bond ,26.4501,-0.07999992,-0.30114785,2,-0.034900665,-0.13177522,1789990246.0,26.4501,-0.07999992,1789761600,26.485,26.53,26.45 - 26.53,26.45,381100,26.565,3.0,3.0,us_market,finmb_331463866,NasdaqGM,iShares Fallen Angels USD Bond ETF,26.53,742379,681350,[],0.11200142,0.0042468216,26.373 - 27.79,-1.3050003,-0.046959348,-4.575753,,2.60233,0.97025,0.97025,1666392830.0,PRE,,26.90662,-0.42161942,-0.015669728,27.126514,-0.6415138,-0.023648959,15,0,America/New_York,EDT,-14400000,False,False,False,True,1466515800000,FALN,0.0,0.0,1531094400.0,,,,,,,,
REIT,real-estate,18,FREL,Fidelity MSCI Real Estate Index ETF,https://finance.yahoo.com/research-hub/screener/sec-ind_sec-top-etfs_real-estate/,2026-09-21T11:41:36+00:00,en-US,US,ETF,ETF,Delayed Quote,False,LOW,3.3,29.94012,11.72695,40.50122,-0.94691,USD,0.0,0.0,0.084,PCX,30.92,26.37,3.3,Fidelity MSCI Real Estate Index,27.93,-0.267,-0.94691,2,,,,,-0.267,1789761600,27.93,28.1,27.93 - 28.1,27.93,246718,28.197,4900.0,5100.0,us_market,finmb_279013116,NYSEArca,Fidelity MSCI Real Estate Index ETF,28.04,277823,234460,[],1.5599995,0.059158113,26.37 - 30.92,-2.9899998,-0.09670116,1.2690306,28.579206,10.88106,1.65187,1.65187,1476172290.0,PRE,0.97728395,29.6475,-1.7174988,-0.057930645,28.62575,-0.6957493,-0.024305016,15,0,America/New_York,EDT,-14400000,False,False,False,True,1423146600000,FREL,0.0,0.0,,,,,,,,,
REIT,real-estate,19,BBRE,JPMorgan BetaBuilders MSCI U.S. REIT ETF,https://finance.yahoo.com/research-hub/screener/sec-ind_sec-top-etfs_real-estate/,2026-09-21T11:41:36+00:00,en-US,US,ETF,ETF,Nasdaq Real Time Price,False,LOW,2.68,30.238887,13.75454,42.85105,-0.986934,USD,162.7,0.0,0.11,BTS,113.4,91.82,2.68,JPMorgan BetaBuilders MSCI U.S.,102.33,-1.02,-0.986934,2,,,,,-1.02,1789761590,102.33,102.82,102.33 - 102.82,102.33,13366,103.35,100.0,600.0,us_market,finmb_556901228,Cboe US,JPMorgan BetaBuilders MSCI U.S. REIT ETF,102.53,40973,19940,[],10.510002,0.114463106,91.82 - 113.4,-11.07,-0.09761904,7.510948,29.175423,16.02469,2.28355,2.28355,1260180610.0,PRE,3.5074043,108.04086,-5.710861,-0.052858345,102.02032,0.30968475,0.0030355204,15,0,America/New_York,EDT,-14400000,False,False,False,True,1529328600000,BBRE,,,,,,,,,,,
REIT,real-estate,20,RWO,State Street SPDR Dow Jones Global Real Estate ETF,https://finance.yahoo.com/research-hub/screener/sec-ind_sec-top-etfs_real-estate/,2026-09-21T11:41:36+00:00,en-US,US,ETF,ETF,Delayed Quote,False,LOW,3.23,23.282887,11.25318,30.74942,-1.17817,USD,0.0,0.0,0.5,PCX,52.26,44.09,3.23,State Street SPDR Dow Jones Glo,47.81,-0.57,-1.17817,2,,,,,-0.57,1789761600,47.81,48.1699,47.81 - 48.1699,47.81,61603,48.38,100.0,200.0,us_market,finmb_44737021,NYSEArca,State Street SPDR Dow Jones Global Real Estate ETF,48.1,116919,72600,[],3.7200012,0.0843729,44.09 - 52.26,-4.449997,-0.08515111,5.610776,22.501614,11.4036,2.00113,2.00113,1254796290.0,PRE,2.1247365,50.2594,-2.449398,-0.048735123,48.44045,-0.6304474,-0.013014896,15,0,America/New_York,EDT,-14400000,False,False,False,True,1211463000000,RWO,,,,,,,,,,,
REIT,real-estate,21,HAUZ,Xtrackers International Real Estate ETF,https://finance.yahoo.com/research-hub/screener/sec-ind_sec-top-etfs_real-estate/,2026-09-21T11:41:36+00:00,en-US,US,ETF,ETF,Delayed Quote,False,LOW,3.62,12.335019,6.58151,9.36017,-1.05263,USD,21.89,0.0,0.1,PCX,25.73,21.57,3.62,Xtrackers International Real Es,21.62,-0.23,-1.05263,2,,,,,-0.23,1789761600,21.62,21.71,21.5701 - 21.71,21.5701,83992,21.85,400.0,200.0,us_market,finmb_243133479,NYSEArca,Xtrackers International Real Estate ETF,21.62,106631,112320,[],0.050001144,0.0023180875,21.57 - 25.73,-4.1099987,-0.15973566,-8.31213,11.834175,-1.8598,-2.35538,-2.35538,1057494590.0,PRE,1.8269124,22.7194,-1.0993996,-0.048390344,23.38555,-1.7655487,-0.07549742,15,0,America/New_York,EDT,-14400000,False,False,False,True,1380634200000,HAUZ,0.0,0.0,,,,,,,,,
REIT,real-estate,22,AVRE,Avantis Real Estate ETF,https://finance.yahoo.com/research-hub/screener/sec-ind_sec-top-etfs_real-estate/,2026-09-21T11:41:36+00:00,en-US,US,ETF,ETF,Delayed Quote,False,LOW,3.44,22.48707,,,-0.995075,USD,0.0,0.0,0.17,PCX,49.715,42.98,3.44,Avantis Real Estate ETF,45.27,-0.454998,-0.995075,2,,,,,-0.454998,1789761600,45.27,45.4,45.22 - 45.4,45.22,84556,45.725,300.0,600.0,us_market,finmb_1671654308,NYSEArca,Avantis Real Estate ETF,45.38,63882,82670,[],2.290001,0.053280618,42.98 - 49.715,-4.4449997,-0.08940963,1.0491014,21.515383,9.65523,0.48234,0.48234,861123580.0,PRE,2.104076,47.9043,-2.6343002,-0.05499089,46.42679,-1.1567879,-0.024916388,15,0,America/New_York,EDT,-14400000,False,False,False,True,1633008600000,AVRE,0.0,0.0,,,,,,,,,
REIT,real-estate,23,REZ,iShares Residential and Multisector Real Estate ETF,https://finance.yahoo.com/research-hub/screener/sec-ind_sec-top-etfs_real-estate/,2026-09-21T11:41:36+00:00,en-US,US,ETF,ETF,Delayed Quote,False,LOW,2.01,36.46973,10.88658,47.68104,-1.54724,USD,140.0,0.0,0.48,PCX,100.43,80.87,2.01,iShares Residential and Multise,89.72,-1.41,-1.54724,2,,,,,-1.41,1789761600,89.72,90.81,89.64 - 90.81,89.64,52968,91.13,100.0,700.0,us_market,finmb_34214486,NYSEArca,iShares Residential and Multisector Real Estate ETF,90.71,49941,59390,[],8.849998,0.10943487,80.87 - 100.43,-10.709999,-0.106641434,8.096385,34.894573,14.09234,5.10945,5.10945,848989760.0,PRE,2.5711734,95.2196,-5.4995956,-0.05775697,89.534,0.18600464,0.002077475,15,0,America/New_York,EDT,-14400000,False,False,False,True,1178285400000,REZ,,,,,,,,,,,
REIT,real-estate,24,BRTR,iShares Total Return Active ETF,https://finance.yahoo.com/research-hub/screener/sec-ind_sec-top-etfs_real-estate/,2026-09-21T11:41:36+00:00,en-US,US,ETF,ETF,Delayed Quote,False,LOW,4.61,15.292858,,,-0.2902535,USD,59.49,39.64,0.38,NGM,51.685,48.53,4.61,iShares Total Return Active ETF,48.93,-0.14500046,-0.29743683,2,0.32500076,0.66865706,1789978584.0,48.93,-0.14149857,1789761600,48.6085,48.67,48.605 - 48.67,48.605,28772,48.75,2.0,2.0,us_market,finmb_1858327481,NasdaqGM,iShares Total Return Active ETF,48.67,80177,92930,[],0.078502655,0.0016176109,48.53 - 51.685,-3.0765,-0.059524037,-4.5759735,15.065409,-0.13622,-0.67108,-0.67108,774675260.0,PRE,3.2264974,49.40356,-0.7950592,-0.016093155,50.267475,-1.6589737,-0.033002924,15,0,America/New_York,EDT,-14400000,False,False,False,True,1702564200000,BRTR,0.0,0.0,,,,,,2023-12-14,,,
REIT,real-estate,25,YLD,Principal Active High Yield ETF,https://finance.yahoo.com/research-hub/screener/sec-ind_sec-top-etfs_real-estate/,2026-09-21T11:41:36+00:00,en-US,US,ETF,ETF,Delayed Quote,False,LOW,,,13.08188,9.0604,-0.159239,USD,0.0,0.0,0.39,PCX,19.48,18.675,7.31,Principal Active High Yield ETF,18.81,-0.0300007,-0.159239,2,,,,,-0.0300007,1789761600,18.81,18.82,18.755 - 18.82,18.755,207721,18.84,1700.0,300.0,us_market,finmb_285620824,NYSEArca,Principal Active High Yield ETF,18.82,203023,199110,[],0.13500023,0.007228928,18.675 - 19.48,-0.6700001,-0.034394257,-3.2904863,,4.15091,1.27965,1.27965,606049020.0,PRE,,18.91176,-0.101760864,-0.0053808247,18.997974,-0.18797493,-0.009894473,15,0,America/New_York,EDT,-14400000,False,False,False,True,1436794200000,YLD,0.0,0.0,,,,,,,,,
REIT,real-estate,26,CSRE,Cohen & Steers Real Estate Active ETF,https://finance.yahoo.com/research-hub/screener/sec-ind_sec-top-etfs_real-estate/,2026-09-21T11:41:36+00:00,en-US,US,ETF,ETF,Nasdaq Real Time Price,False,LOW,2.2,29.638411,,,-0.828529,USD,0.0,0.0,0.7,PCX,30.07,25.09,2.2,Cohen & Steers Real Estate Acti,27.69,0.17000008,0.6177328,2,0.17000008,0.6177328,1789990472.0,27.69,-0.23,1789761600,27.53,27.6684,27.5 - 27.6684,27.5,104445,27.76,900.0,1000.0,us_market,finmb_1890721888,NYSEArca,Cohen & Steers Real Estate Active ETF,27.55,142155,116120,[],2.4400005,0.09724992,25.09 - 30.07,-2.539999,-0.08446954,6.211424,28.750723,12.69943,0.88546,0.88546,572797380.0,PRE,0.95754117,28.8531,-1.3230991,-0.045856394,27.7374,-0.20739937,-0.007477246,15,0,America/New_York,EDT,-14400000,False,False,False,True,1738765800000,CSRE,0.0,0.0,,,,,,,,,
REIT,real-estate,27,REM,iShares Mortgage Real Estate Capped ETF,https://finance.yahoo.com/research-hub/screener/sec-ind_sec-top-etfs_real-estate/,2026-09-21T11:41:36+00:00,en-US,US,ETF,ETF,Delayed Quote,False,LOW,8.93,6.643194,14.56184,16.35153,-1.11111,USD,0.0,19.56,0.48,BTS,24.05,19.56,8.93,iShares Mortgage Real Estate ET,19.58,-0.219999,-1.11111,2,,,,,-0.219999,1789761600,19.58,19.83,19.56 - 19.83,19.56,1159848,19.8,700.0,1900.0,us_market,finmb_34214439,Cboe US,iShares Mortgage Real Estate Capped ETF,19.83,487980,783370,[],0.020000458,0.0010225183,19.56 - 24.05,-4.4699993,-0.18586276,-10.389018,5.9941816,0.87469,0.52527,0.52527,540219260.0,PRE,3.266501,21.6404,-2.0604,-0.09521081,22.1407,-2.5606995,-0.115655765,15,0,America/New_York,EDT,-14400000,False,False,False,True,1178285400000,REM,,,1522195200.0,,,,,,,,
REIT,real-estate,28,VGSR,Vert Global Sustainable Real Estate ETF,https://finance.yahoo.com/research-hub/screener/sec-ind_sec-top-etfs_real-estate/,2026-09-21T11:41:36+00:00,en-US,US,ETF,ETF,Nasdaq Real Time Price,False,LOW,3.33,21.786492,,,-1.04688,USD,14.98,8.4,0.45,NGM,12.26,9.96,3.33,Vert Global Sustainable Real Es,10.87,-0.09499931,-0.86480945,2,,,,,-0.11499977,1789761600,10.87,10.9075,10.87 - 10.9075,10.87,81478,10.985,2.0,2.0,us_market,finmb_532314567,NasdaqGM,Vert Global Sustainable Real Estate ETF,10.87,133298,83040,[],0.90999985,0.09136545,9.96 - 12.26,-1.3900003,-0.11337686,1.4939308,20.990887,10.39095,0.94521,0.94521,532433216.0,PRE,0.5178438,11.44198,-0.5719805,-0.04998964,11.041315,-0.1713152,-0.015515832,15,0,America/New_York,EDT,-14400000,False,False,False,True,1701700200000,VGSR,0.0,0.0,,,,,,2023-12-04,,,
REIT,real-estate,29,JPRE,JPMorgan Realty Income ETF,https://finance.yahoo.com/research-hub/screener/sec-ind_sec-top-etfs_real-estate/,2026-09-21T11:41:36+00:00,en-US,US,ETF,ETF,Nasdaq Real Time Price,False,LOW,2.25,34.542314,,,-0.877023,USD,52.5,20.45,0.5,PCX,55.23,46.24,2.25,JPMorgan Realty Income ETF,50.86,-0.450001,-0.877023,2,,,,,-0.450001,1789761590,50.86,51.07,50.86 - 51.07,50.86,17888,51.31,1000.0,500.0,us_market,finmb_28214343,NYSEArca,JPMorgan Realty Income ETF,51.03,17641,11360,[],4.619999,0.09991347,46.24 - 55.23,-4.369999,-0.079123646,6.714225,33.55275,12.94666,1.86948,1.86948,472154208.0,PRE,1.515822,53.01436,-2.154358,-0.040637255,50.66354,0.19646072,0.0038777536,15,0,America/New_York,EDT,-14400000,False,False,False,True,1653312600000,JPRE,0.0,0.0,,,,,,,,,
REIT,real-estate,30,GQRE,Northern Trust Global Quality Real Estate ETF,https://finance.yahoo.com/research-hub/screener/sec-ind_sec-top-etfs_real-estate/,2026-09-21T11:41:36+00:00,en-US,US,ETF,ETF,Delayed Quote,False,LOW,4.34,17.649135,9.28755,31.73554,-0.950126,USD,0.0,0.0,0.45,PCX,67.49,58.11,4.34,Northern Trust Global Quality R,60.621,-0.581501,-0.950126,2,,,,,-0.581501,1789761310,60.621,60.82,60.576 - 60.82,60.576,60375,61.2025,500.0,1200.0,us_market,finmb_248751050,NYSEArca,Northern Trust Global Quality Real Estate ETF,60.67,22069,86380,[],2.5109978,0.043211114,58.11 - 67.49,-6.8689995,-0.10177804,0.28122663,16.931955,8.08796,-0.70808,-0.70808,412596576.0,PRE,3.5802717,64.267,-3.646,-0.05673207,62.87835,-2.257351,-0.035900287,15,0,America/New_York,EDT,-14400000,False,False,False,True,1383748200000,GQRE,0.0,0.0,,,,,,,,,
REIT,real-estate,31,MORT,VanEck Mortgage REIT Income ETF,https://finance.yahoo.com/research-hub/screener/sec-ind_sec-top-etfs_real-estate/,2026-09-21T11:41:36+00:00,en-US,US,ETF,ETF,Nasdaq Real Time Price,False,LOW,15.22,6.984703,15.00978,15.96984,-1.20351,USD,0.0,0.0,0.43,PCX,11.44,9.02,15.22,VanEck Mortgage REIT Income ETF,9.074,0.0539999,0.5986685,2,0.0539999,0.5986685,1789989375.0,9.074,-0.110001,1789761600,9.03,9.12,9.02 - 9.12,9.02,1663825,9.14,24600.0,18200.0,us_market,finmb_139409877,NYSEArca,VanEck Mortgage REIT Income ETF,9.115,1141252,1376920,[],0.009999275,0.001108567,9.02 - 11.44,-2.4099998,-0.21066433,-15.52853,6.435905,0.29197,0.10384,0.10384,362236160.0,PRE,1.403066,9.753,-0.7230005,-0.07413109,10.293,-1.2630005,-0.1227048,15,0,America/New_York,EDT,-14400000,False,False,False,True,1313587800000,MORT,0.0,0.0,,,,,,,,,
REIT,real-estate,32,SRVR,Pacer Data & Infrastructure Real Estate ETF,https://finance.yahoo.com/research-hub/screener/sec-ind_sec-top-etfs_real-estate/,2026-09-21T11:41:36+00:00,en-US,US,ETF,ETF,Delayed Quote,False,LOW,2.79,28.264556,6.96687,21.99595,-0.838645,USD,34.8,29.1,0.49,PCX,35.81,28.445,2.79,Pacer Data & Infrastructure Rea,29.56,-0.25,-0.838645,2,,,,,-0.25,1789761600,29.56,29.72,29.4206 - 29.72,29.4206,44271,29.81,1000.0,500.0,us_market,finmb_554892518,NYSEArca,Pacer Data & Infrastructure Real Estate ETF,29.72,99776,71630,[],1.1149998,0.039198447,28.445 - 35.81,-6.250002,-0.1745323,-7.593232,26.784779,9.83389,-9.84624,-9.84624,350922464.0,PRE,1.1036118,31.0466,-1.4866009,-0.04788289,31.910894,-2.350895,-0.0736706,15,0,America/New_York,EDT,-14400000,False,False,False,True,1526477400000,SRVR,0.0,0.0,1530144000.0,,,,,,,,
REIT,real-estate,33,KBWY,Invesco KBW Premium Yield Equity REIT ETF,https://finance.yahoo.com/research-hub/screener/sec-ind_sec-top-etfs_real-estate/,2026-09-21T11:41:36+00:00,en-US,US,ETF,ETF,Nasdaq Real Time Price,False,LOW,8.31,21.616948,12.75161,31.13938,-1.1242416,USD,18.19,18.09,0.35,NGM,19.35,14.82,8.31,Invesco KBW Premium Yield Equit,17.0,-0.1949997,-1.1242416,2,-0.030130386,-0.17692399,1789989309.0,17.0,-0.1949997,1789761601,17.15,17.29,17.125 - 17.29,17.125,230963,17.345,4.0,4.0,us_market,finmb_116573023,NasdaqGM,Invesco KBW Premium Yield Equity REIT ETF,17.29,181620,202640,[],2.33,0.15721998,14.82 - 19.35,-2.2000008,-0.11369513,6.126237,20.736,22.68243,4.37076,4.37076,315177632.0,PRE,0.82706404,18.1812,-1.0312004,-0.05671795,16.9376,0.21240044,0.012540174,15,0,America/New_York,EDT,-14400000,False,False,False,True,1291300200000,KBWY,0.0,0.0,1498780800.0,,,,,,,,
REIT,real-estate,34,IYRI,NEOS Real Estate High Income ET,https://finance.yahoo.com/research-hub/screener/sec-ind_sec-top-etfs_real-estate/,2026-09-21T11:41:36+00:00,en-US,US,ETF,ETF,Nasdaq Real Time Price,False,LOW,4.59,27.847396,,,-0.61768,USD,47.35,46.66,0.68,BTS,51.17,46.29,4.59,NEOS Real Estate High Income ET,46.68,0.060001373,0.12870307,2,0.060001373,0.12870307,1789990426.0,46.68,-0.290001,1789761600,46.66,46.88,46.62 - 46.88,46.62,114861,46.95,100.0,500.0,us_market,finmb_1901846770,Cboe US,,46.88,79061,90970,[],0.36999893,0.007993064,46.29 - 51.17,-4.5099983,-0.08813755,-7.768333,26.7468,7.24973,2.14295,2.14295,312657504.0,PRE,1.7445078,49.24044,-2.5804405,-0.052404903,49.189434,-2.5294342,-0.05142231,15,0,America/New_York,EDT,-14400000,False,False,False,True,1736951400000,IYRI,0.0,0.0,,,,,,,,,
REIT,real-estate,35,IMTB,iShares Core 5-10 Year USD Bond ETF,https://finance.yahoo.com/research-hub/screener/sec-ind_sec-top-etfs_real-estate/,2026-09-21T11:41:36+00:00,en-US,US,ETF,ETF,Delayed Quote,False,LOW,4.34,2.3696682464454977,6.15953,-1.33816,-0.496452,USD,0.0,0.0,0.06,PCX,44.828,41.92,4.57,iShares Core 5-10 Year USD Bond,42.09,-0.209999,-0.496452,2,0.0,0.0,1789988424.0,42.09,-0.209999,1789761600,42.09,42.1501,42.09 - 42.1501,42.09,35189,42.3,600.0,300.0,us_market,finmb_381778383,NYSEArca,iShares Core 5-10 Year USD Bond ETF,42.18,32879,49960,[],0.17000198,0.004055391,41.92 - 44.828,-2.737999,-0.061077874,-4.665911,,-0.09153,-0.67575,-0.67575,274700128.0,PRE,,42.88466,-0.79465866,-0.018530138,43.677666,-1.5876656,-0.0363496,15,0,America/New_York,EDT,-14400000,False,False,False,True,1478529000000,IMTB,0.0,0.0,,,,,,,,,
REIT,real-estate,36,RWX,State Street SPDR Dow Jones International Real Estate ETF,https://finance.yahoo.com/research-hub/screener/sec-ind_sec-top-etfs_real-estate/,2026-09-21T11:41:36+00:00,en-US,US,ETF,ETF,Delayed Quote,False,LOW,3.93,12.690355,6.48988,9.08191,-0.863686,USD,41.5,10.5,0.59,PCX,30.47,26.07,3.93,State Street SPDR Dow Jones Int,26.4,-0.23,-0.863686,2,,,,,-0.23,1789761600,26.4,26.41,26.34 - 26.41,26.34,8678,26.63,500.0,300.0,us_market,finmb_30842009,NYSEArca,State Street SPDR Dow Jones International Real Estate ETF,26.39,31123,35210,[],0.32999992,0.012658225,26.07 - 30.47,-4.0699997,-0.133574,-4.486251,12.271991,-0.75852,-0.3487,-0.3487,262674944.0,PRE,2.15124,27.525,-1.125,-0.040871937,27.93085,-1.5308495,-0.054808553,15,0,America/New_York,EDT,-14400000,False,False,False,True,1166538600000,RWX,0.0,0.0,,,,,,,,,
REIT,real-estate,37,SEIX,Virtus Seix Senior Loan ETF,https://finance.yahoo.com/research-hub/screener/sec-ind_sec-top-etfs_real-estate/,2026-09-21T11:41:36+00:00,en-US,US,ETF,ETF,Delayed Quote,False,LOW,,,,,-0.106905,USD,0.0,22.9,0.57,PCX,23.65,22.91,7.06,Virtus Seix Senior Loan ETF,23.36,-0.0249996,-0.106905,2,,,,,-0.0249996,1789761600,23.36,23.49,23.36 - 23.49,23.36,258652,23.385,700.0,500.0,us_market,finmb_609787584,NYSEArca,Virtus Seix Senior Loan ETF,23.37,109206,218050,[],0.45000076,0.01964211,22.91 - 23.65,-0.289999,-0.012262114,-0.9329915,,4.05141,1.94545,1.94545,252053760.0,PRE,,23.25648,0.10352135,0.0044512907,23.24096,0.11904144,0.005122054,15,0,America/New_York,EDT,-14400000,False,False,False,True,1556199000000,SEIX,0.0,0.0,,,,,,,,,
REIT,real-estate,38,SRET,Global X SuperDividend REIT ETF,https://finance.yahoo.com/research-hub/screener/sec-ind_sec-top-etfs_real-estate/,2026-09-21T11:41:36+00:00,en-US,US,ETF,ETF,Delayed Quote,False,LOW,8.27,10.870747,10.78059,14.00433,-1.1531452,USD,22.6,22.2,0.58,NGM,23.48,20.703,8.27,Global X SuperDividend REIT ETF,20.75,-0.2566986,-1.2247071,2,0.046699524,0.2255656,1789990388.0,20.75,-0.24169922,1789761600,20.7183,20.91,20.7033 - 20.91,20.7033,23424,20.96,1.0,1.0,us_market,finmb_288604218,NasdaqGM,Global X SuperDividend REIT ETF,20.91,34877,53280,[],0.015300751,0.00073905964,20.703 - 23.48,-2.7616997,-0.11761924,-3.2321334,10.232776,6.2271,0.14904,0.14904,229155808.0,PRE,2.0247,22.30268,-1.5843792,-0.07103986,22.262165,-1.5438652,-0.06934928,15,0,America/New_York,EDT,-14400000,False,False,False,True,1426599000000,SRET,0.0,0.0,1497225600.0,,,,,,,,
REIT,real-estate,39,SPRE,SP Funds S&P Global REIT Sharia ETF,https://finance.yahoo.com/research-hub/screener/sec-ind_sec-top-etfs_real-estate/,2026-09-21T11:41:36+00:00,en-US,US,ETF,ETF,Delayed Quote,False,LOW,3.84,21.574973,,,-1.1336,USD,21.3,0.0,0.5,PCX,21.91,18.956,3.84,SP Funds S&P Global REIT Sharia,19.6843,-0.2257,-1.1336,2,,,,,-0.2257,1789761533,19.6843,19.8023,19.62 - 19.8023,19.62,33757,19.91,700.0,200.0,us_market,finmb_697555074,NYSEArca,SP Funds S&P Global REIT Sharia ETF,19.81,66019,51380,[],0.7283001,0.038420558,18.956 - 21.91,-2.2257004,-0.10158377,0.8918524,20.39809,9.54493,0.06684,0.06684,212041888.0,PRE,0.96500695,21.12006,-1.4357605,-0.06798089,20.650175,-0.9658756,-0.04677324,15,0,America/New_York,EDT,-14400000,False,False,False,True,1609338600000,SPRE,0.0,0.0,,,,,,,,,
REIT,real-estate,40,FRI,First Trust S&P REIT Index Fund,https://finance.yahoo.com/research-hub/screener/sec-ind_sec-top-etfs_real-estate/,2026-09-21T11:41:36+00:00,en-US,US,ETF,ETF,Nasdaq Real Time Price,False,LOW,2.48,30.432136,13.14813,42.53974,-0.916226,USD,0.0,0.0,0.5,PCX,33.44,27.11,2.48,First Trust S&P REIT Index Fund,30.28,-0.279999,-0.916226,2,,,,,-0.279999,1789761600,30.28,30.4496,30.28 - 30.4496,30.28,93802,30.56,3100.0,100.0,us_market,finmb_34335505,NYSEArca,First Trust S&P REIT Index Fund,30.39,39544,52560,[],3.17,0.11693102,27.11 - 33.44,-3.159998,-0.09449755,8.375084,29.356009,15.84644,2.22077,2.22077,196046992.0,PRE,1.0314754,31.9108,-1.6308002,-0.051104963,30.1471,0.13290024,0.004408392,15,0,America/New_York,EDT,-14400000,False,False,False,True,1178803800000,FRI,0.0,0.0,,,,,,,,,
REIT,real-estate,41,LPRE,Long Pond Real Estate Select ETF,https://finance.yahoo.com/research-hub/screener/sec-ind_sec-top-etfs_real-estate/,2026-09-21T11:41:36+00:00,en-US,US,ETF,ETF,Delayed Quote,False,LOW,1.72,26.532237,,,-1.15191,USD,0.0,0.0,1.0,PCX,30.849,25.25,1.72,Long Pond Real Estate Select ET,27.46,-0.320002,-1.15191,2,,,,,-0.320002,1789761590,27.46,27.635,27.46 - 27.635,27.46,1622,27.78,100.0,1100.0,us_market,finmb_1881062019,NYSEArca,Long Pond Real Estate Select ETF,27.635,26268,25410,[],2.209999,0.08752472,25.25 - 30.849,-3.3890018,-0.10985775,5.725181,24.915028,11.02502,0.82513,0.82513,178742416.0,PRE,1.102146,29.5862,-2.1262016,-0.07186464,28.305735,-0.84573555,-0.029878594,15,0,America/New_York,EDT,-14400000,False,False,False,True,1743773400000,LPRE,0.0,0.0,,,,,,,,,
REIT,real-estate,42,HIDE,Alpha Architect High Inflation And Deflation ETF,https://finance.yahoo.com/research-hub/screener/sec-ind_sec-top-etfs_real-estate/,2026-09-21T11:41:36+00:00,en-US,US,ETF,ETF,Nasdaq Real Time Price,False,LOW,2.91,30.102348,,,-0.37354487,USD,31.19,17.46,0.29,NGM,24.89,22.686,2.91,Alpha Architect High Inflation ,24.6974,-0.08000183,-0.32271814,2,,,,,-0.092601776,1789761600,24.6974,24.73,24.66 - 24.73,24.66,8564,24.79,2.0,2.0,us_market,finmb_1801151253,NasdaqGM,Alpha Architect High Inflation And Deflation ETF,24.66,43928,22000,[],2.0113983,0.088662535,22.686 - 24.89,-0.19260025,-0.0077380575,6.890285,30.071299,8.90042,1.86861,1.86861,137953632.0,PRE,0.8212947,24.57358,0.12381935,0.0050387187,24.00947,0.68792915,0.02865241,15,0,America/New_York,EDT,-14400000,False,False,False,True,1668695400000,HIDE,0.0,0.0,,,,,,2023-11-21,,,
REIT,real-estate,43,PFFR,InfraCap REIT Preferred ETF,https://finance.yahoo.com/research-hub/screener/sec-ind_sec-top-etfs_real-estate/,2026-09-21T11:41:36+00:00,en-US,US,ETF,ETF,Delayed Quote,False,LOW,,,19.7389,7.02562,-0.0180043,USD,0.0,0.0,0.45,PCX,19.15,17.05,8.29,InfraCap REIT Preferred ETF,17.23,-0.00309944,-0.0180043,2,0.14109993,0.8256818,1789988476.0,17.23,-0.00309944,1789761509,17.2119,17.3,17.19 - 17.3,17.19,18515,17.215,500.0,200.0,us_market,finmb_278254821,NYSEArca,InfraCap REIT Preferred ETF,17.415,31171,26410,[],0.16190147,0.009495688,17.05 - 19.15,-1.9380989,-0.10120621,-9.4581785,,2.73822,1.7611,1.7611,120699272.0,PRE,,17.532,-0.32009888,-0.01825798,17.770145,-0.5582447,-0.03141475,15,0,America/New_York,EDT,-14400000,False,False,False,True,1486564200000,PFFR,0.0,0.0,,,,,,,,,
REIT,real-estate,44,INDS,Pacer Benchmark Industrial Real Estate SCTR ETF,https://finance.yahoo.com/research-hub/screener/sec-ind_sec-top-etfs_real-estate/,2026-09-21T11:41:36+00:00,en-US,US,ETF,ETF,Nasdaq Real Time Price,False,LOW,3.35,24.795438,17.09724,54.27715,-0.913776,USD,60.29,0.0,0.49,PCX,43.04,35.96,3.35,Pacer Industrial Real Estate ET,38.6358,-0.3563,-0.913776,2,,,,,-0.3563,1789756718,38.6358,38.875,38.6358 - 38.875,38.6358,4211,38.9921,600.0,100.0,us_market,finmb_554892520,NYSEArca,Pacer Benchmark Industrial Real Estate SCTR ETF,38.73,10022,10213,[],2.6758003,0.07441047,35.96 - 43.04,-4.4042015,-0.1023281,4.6756983,23.748049,9.96183,1.3618,1.3618,113289448.0,PRE,1.6269041,40.84953,-2.2137299,-0.054192297,39.593864,-0.95806503,-0.02419731,15,0,America/New_York,EDT,-14400000,False,False,False,True,1526304600000,INDS,0.0,0.0,1530144000.0,,,,,,,,
REIT,real-estate,45,RIET,Hoya Capital High Dividend Yield ETF,https://finance.yahoo.com/research-hub/screener/sec-ind_sec-top-etfs_real-estate/,2026-09-21T11:41:36+00:00,en-US,US,ETF,ETF,Nasdaq Real Time Price,False,LOW,10.97,12.171373,,,-1.01123,USD,0.0,0.0,0.5,PCX,10.05,8.75,10.97,Hoya Capital High Dividend Yiel,8.81,-0.10999966,-1.2359513,2,,,,,-0.0899992,1789761600,8.81,8.89,8.81 - 8.89,8.81,64262,8.9,1000.0,600.0,us_market,finmb_1673880643,NYSEArca,Hoya Capital High Dividend Yield ETF,8.85,93538,99840,[],0.06000042,0.0068571907,8.75 - 10.05,-1.2399998,-0.12338306,-9.455294,11.468428,8.02135,-0.03283,-0.03283,109145872.0,PRE,0.76819605,9.4848,-0.6747999,-0.0711454,9.484545,-0.67454433,-0.071120374,15,0,America/New_York,EDT,-14400000,False,False,False,True,1632317400000,RIET,0.0,0.0,,,,,,,,,
REIT,real-estate,46,RSPR,Invesco S&P 500 Equal Weight Real Estate ETF,https://finance.yahoo.com/research-hub/screener/sec-ind_sec-top-etfs_real-estate/,2026-09-21T11:41:36+00:00,en-US,US,ETF,ETF,Delayed Quote,False,LOW,2.89,29.489826,11.47761,49.46595,-1.11503,USD,0.0,0.0,0.4,PCX,38.01,32.41,2.89,Invesco S&P 500 Equal Weight Re,34.5248,-0.389301,-1.11503,2,,,,,-0.389301,1789759414,34.5248,34.7799,34.5248 - 34.7799,34.5248,2812,34.9141,100.0,1300.0,us_market,finmb_305581266,NYSEArca,Invesco S&P 500 Equal Weight Real Estate ETF,34.7799,12115,20650,[],2.1147995,0.06525145,32.41 - 38.01,-3.485199,-0.091691636,-2.067852,28.2994,8.95088,0.73673,0.73673,97218976.0,PRE,1.2199835,36.45432,-1.9295197,-0.052929796,35.36104,-0.83623886,-0.023648595,15,0,America/New_York,EDT,-14400000,False,False,False,True,1439559000000,RSPR,,,,,,,,,,,
REIT,real-estate,47,IFGL,iShares International Developed Real Estate ETF,https://finance.yahoo.com/research-hub/screener/sec-ind_sec-top-etfs_real-estate/,2026-09-21T11:41:36+00:00,en-US,US,ETF,ETF,Nasdaq Real Time Price,False,LOW,4.17,13.007284,5.85997,7.99428,-1.2104294,USD,23.92,22.32,0.5,NGM,25.59,21.085,4.17,iShares International Developed,21.22,-0.23999977,-1.1173174,2,,,,,-0.26000023,1789761600,21.22,21.27,21.085 - 21.27,21.085,35061,21.48,1.0,1.0,us_market,finmb_39037029,NasdaqGM,iShares International Developed Real Estate ETF,21.19,12125,23010,[],0.13500023,0.006402667,21.085 - 25.59,-4.370001,-0.17076987,-7.899308,12.388446,-1.62899,-2.58472,-2.58472,80284336.0,PRE,1.7128863,22.564,-1.3439999,-0.059563905,23.17845,-1.9584503,-0.08449445,15,0,America/New_York,EDT,-14400000,False,False,False,True,1195482600000,IFGL,,,1490832000.0,,,,,,,,
REIT,real-estate,48,PSR,Invesco Active U.S. Real Estate Fund,https://finance.yahoo.com/research-hub/screener/sec-ind_sec-top-etfs_real-estate/,2026-09-21T11:41:36+00:00,en-US,US,ETF,ETF,Delayed Quote,False,LOW,2.56,30.769231,8.28232,41.51216,-0.836163,USD,154.08,0.0,0.35,PCX,108.78,89.41,2.56,Invesco Active U.S. Real Estate,99.4167,-0.838295,-0.836163,2,,,,,-0.838295,1789759498,99.4167,99.65,99.4167 - 99.65,99.4167,813,100.255,200.0,100.0,us_market,finmb_50980053,NYSEArca,Invesco Active U.S. Real Estate Fund,99.65,1469,1230,[],10.006699,0.11191923,89.41 - 108.78,-9.3632965,-0.08607554,8.171034,29.782646,15.28926,1.73362,1.73362,58542864.0,PRE,3.338075,104.2254,-4.8087006,-0.04613751,98.8644,0.5522995,0.0055864346,15,0,America/New_York,EDT,-14400000,False,False,False,True,1227277800000,PSR,,,,,,,,,,,
REIT,real-estate,49,REIT,ALPS Active REIT ETF,https://finance.yahoo.com/research-hub/screener/sec-ind_sec-top-etfs_real-estate/,2026-09-21T11:41:36+00:00,en-US,US,ETF,ETF,Delayed Quote,False,LOW,2.74,30.193237,,,-0.9259275,USD,39.48,22.28,0.68,NGM,32.16,25.9,2.74,ALPS Active REIT ETF,28.81,-0.27000046,-0.9259275,2,-0.07999992,-0.27691218,1789988414.0,28.81,-0.27000046,1789761600,28.89,29.01,28.89 - 29.01,28.89,7643,29.16,2.0,2.0,us_market,finmb_691323000,NasdaqGM,ALPS Active REIT ETF,29.01,11065,12990,[],2.9899998,0.11544401,25.9 - 32.16,-3.2700005,-0.10167912,9.047675,28.944677,16.25833,1.80292,1.80292,56419776.0,PRE,0.99811095,30.59414,-1.7041397,-0.05570151,28.95938,-0.06937981,-0.0023957628,15,0,America/New_York,EDT,-14400000,False,False,False,True,1614349800000,REIT,0.0,0.0,,,,,,2021-02-26,,,
REIT,real-estate,50,URE,ProShares Ultra Real Estate,https://finance.yahoo.com/research-hub/screener/sec-ind_sec-top-etfs_real-estate/,2026-09-21T11:41:36+00:00,en-US,US,ETF,ETF,Delayed Quote,False,LOW,2.09,31.436655,11.15729,87.48737,-2.12244,USD,0.0,0.0,0.95,PCX,75.65,57.38,2.09,ProShares Ultra Real Estate,63.0769,-1.3678,-2.12244,2,,,,,-1.3678,1789759835,63.0769,63.0769,63.0769 - 63.0769,63.0769,771,64.4447,300.0,100.0,us_market,finmb_32431879,NYSEArca,ProShares Ultra Real Estate,63.5,3460,1130,[],5.6968994,0.09928371,57.38 - 75.65,-12.573101,-0.16620094,-0.895524,29.087456,16.84641,0.21538,0.21538,55133088.0,PRE,2.168526,69.938,-6.861103,-0.098102644,66.27945,-3.202549,-0.04831888,15,0,America/New_York,EDT,-14400000,False,False,False,True,1170426600000,URE,,,,,,,,,,,
REIT,real-estate,51,NETL,Colterpoint Net Lease Real Estate ETF,https://finance.yahoo.com/research-hub/screener/sec-ind_sec-top-etfs_real-estate/,2026-09-21T11:41:36+00:00,en-US,US,ETF,ETF,Delayed Quote,False,LOW,4.8,22.246941,3.35761,26.90781,-0.673059,USD,0.0,23.64,0.6,PCX,28.43,23.56,4.8,Colterpoint Net Lease Real Esta,24.66,-0.167101,-0.673059,2,,,,,-0.167101,1789761556,24.66,24.75,24.625 - 24.75,24.625,39851,24.8271,300.0,100.0,us_market,finmb_602154387,NYSEArca,Colterpoint Net Lease Real Estate ETF,24.72,15147,44200,[],1.1000004,0.04668932,23.56 - 28.43,-3.7700005,-0.13260642,0.34179688,20.996998,13.7472,0.84558,0.84558,54868824.0,PRE,1.1744536,26.68082,-2.0208206,-0.075740576,25.89222,-1.2322197,-0.047590345,15,0,America/New_York,EDT,-14400000,False,False,False,True,1553261400000,NETL,0.0,0.0,,,,,,,,,
REIT,real-estate,52,BLDG,Cambria Global Real Estate ETF,https://finance.yahoo.com/research-hub/screener/sec-ind_sec-top-etfs_real-estate/,2026-09-21T11:41:36+00:00,en-US,US,ETF,ETF,Nasdaq Real Time Price,False,LOW,5.3,14.867678,,,-0.863209,USD,0.0,25.06,0.59,BTS,29.32,23.44,5.3,Cambria Global Real Estate ETF,25.45,-0.2216,-0.863209,2,,,,,-0.2216,1789761598,25.45,25.5,25.45 - 25.5,25.45,4971,25.6716,100.0,100.0,us_market,finmb_579854654,Cboe US,Cambria Global Real Estate ETF,25.45,14314,3990,[],2.0100002,0.08575086,23.44 - 29.32,-3.869999,-0.13199177,-0.8801997,14.1426,10.76661,2.51976,2.51976,54847492.0,PRE,1.7995278,27.04276,-1.5927601,-0.058897834,25.96649,-0.516489,-0.019890599,15,0,America/New_York,EDT,-14400000,False,False,False,True,1600954200000,BLDG,0.0,0.0,,,,,,,,,
REIT,real-estate,53,HYIN,WisdomTree Private Credit & Alternative Income Fund,https://finance.yahoo.com/research-hub/screener/sec-ind_sec-top-etfs_real-estate/,2026-09-21T11:41:36+00:00,en-US,US,ETF,ETF,Delayed Quote,False,LOW,13.26,10.529641,,,-1.41254,USD,0.0,0.0,4.34,BTS,17.31,13.4399,13.26,WisdomTree Private Credit and A,13.4424,-0.1926,-1.41254,2,,,,,-0.1926,1789760512,13.4424,13.545,13.4399 - 13.545,13.4399,13124,13.635,600.0,600.0,us_market,finmb_709978272,Cboe US,WisdomTree Private Credit & Alternative Income Fund,13.62,17901,16030,[],0.0024995804,0.00018598206,13.4399 - 17.31,-3.8675995,-0.22343151,-21.285938,9.967862,-3.38893,1.52601,1.52601,51984104.0,PRE,1.348574,14.13314,-0.69073963,-0.048873756,14.80348,-1.3610802,-0.09194326,15,0,America/New_York,EDT,-14400000,False,False,False,True,1620307800000,HYIN,0.0,0.0,,,,,,,,,
REIT,real-estate,54,DRN,Direxion Daily Real Estate Bull 3X Shares,https://finance.yahoo.com/research-hub/screener/sec-ind_sec-top-etfs_real-estate/,2026-09-21T11:41:36+00:00,en-US,US,ETF,ETF,Delayed Quote,False,LOW,1.91,31.436655,11.91863,153.3366,-2.95671,USD,9.37,0.0,0.98,PCX,12.21,8.05,1.91,Direxion Daily Real Estate Bull,9.25,0.20499992,2.231899,2,0.06000042,0.6528882,1789989484.0,9.25,-0.280001,1789761600,9.19,9.355,9.17 - 9.355,9.17,1786747,9.47,3000.0,7100.0,us_market,finmb_61308401,NYSEArca,Direxion Daily Real Estate Bull 3X Shares,9.29,1101953,1791650,[],1.1399994,0.14161482,8.05 - 12.21,-3.0200005,-0.24733828,-3.9707422,27.972778,22.67404,-0.89286,-0.89286,41826424.0,PRE,0.32853368,10.7628,-1.5728006,-0.14613304,10.0491,-0.85910034,-0.08549028,15,0,America/New_York,EDT,-14400000,False,False,False,True,1247751000000,DRN,,,,,,,,,,,
REIT,real-estate,55,TFFI,Chesapeake Trend-Following Fixed Income ETF,https://finance.yahoo.com/research-hub/screener/sec-ind_sec-top-etfs_real-estate/,2026-09-21T11:41:36+00:00,en-US,US,EQUITY,Equity,Delayed Quote,False,LOW,,,,,0.898453,USD,0.0,0.0,,PCX,21.98,19.0,,Chesapeake Trend-Following Fixe,21.562,0.191999,0.898453,2,,,,,0.191999,1789761550,21.562,21.565,21.5 - 21.565,21.5,4519,21.37,700.0,100.0,us_market,finmb_1977176303,NYSEArca,Chesapeake Trend-Following Fixed Income ETF,21.5,10068,9210,[],2.5620003,0.13484211,19.0 - 21.98,-0.41799927,-0.019017255,7.4775696,30.806622,,,,,PRE,0.69991446,20.4542,1.1077995,0.054160003,20.088264,1.4737358,0.07336302,15,0,America/New_York,EDT,-14400000,False,False,False,True,1771943400000,TFFI,0.0,0.0,,,,,,,,,
REIT,real-estate,56,NURE,Nuveen Short-Term REIT ETF,https://finance.yahoo.com/research-hub/screener/sec-ind_sec-top-etfs_real-estate/,2026-09-21T11:41:36+00:00,en-US,US,ETF,ETF,Nasdaq Real Time Price,False,LOW,3.69,29.231219,12.99172,53.18652,-1.17708,USD,47.5,12.02,0.36,BTS,33.43,26.85,3.69,Nuveen Short-Term REIT ETF,29.8799,-0.3559,-1.17708,2,,,,,-0.3559,1789759883,29.8799,30.0601,29.8799 - 30.0601,29.8799,5625,30.2358,800.0,300.0,us_market,finmb_408238149,Cboe US,Nuveen Short-Term REIT ETF,30.02,3223,2830,[],3.0298996,0.11284542,26.85 - 33.43,-3.5501003,-0.10619504,2.4691343,27.90498,13.63788,3.22715,3.22715,34432120.0,PRE,1.070773,31.8273,-1.9473991,-0.06118644,30.01131,-0.1314106,-0.0043787025,15,0,America/New_York,EDT,-14400000,False,False,False,True,1482244200000,NURE,0.0,0.0,,,,,,,,,
REIT,real-estate,57,CRDT,Simplify Opportunistic Income ETF,https://finance.yahoo.com/research-hub/screener/sec-ind_sec-top-etfs_real-estate/,2026-09-21T11:41:36+00:00,en-US,US,ETF,ETF,Nasdaq Real Time Price,False,LOW,5.85,6.78058,,,-0.64096,USD,25.07,19.07,0.99,PCX,23.975,21.69,5.85,Simplify Opportunistic Income E,22.0744,-0.142401,-0.64096,2,,,,,-0.142401,1789674711,22.0744,22.0744,22.0744 - 22.0744,22.0744,294,22.2168,100.0,200.0,us_market,finmb_1833658146,NYSEArca,Simplify Opportunistic Income ETF,22.235,5903,2750,[],0.3843994,0.017722426,21.69 - 23.975,-1.9006004,-0.07927426,-7.4659405,6.4854584,2.68156,-1.52857,-1.52857,31156510.0,PRE,3.403676,23.15922,-1.0848198,-0.04684181,23.18184,-1.107441,-0.047771916,15,0,America/New_York,EDT,-14400000,False,False,False,True,1687872600000,CRDT,0.0,0.0,,,,,,,,,
REIT,real-estate,58,BYRE,Principal Real Estate Active Opportunities ETF,https://finance.yahoo.com/research-hub/screener/sec-ind_sec-top-etfs_real-estate/,2026-09-21T11:41:36+00:00,en-US,US,ETF,ETF,Delayed Quote,False,LOW,2.74,32.690422,,,-0.792749,USD,41.78,10.58,0.6,PCX,28.575,24.235,2.74,Principal Real Estate Active Op,26.28,-0.209999,-0.792749,2,,,,,-0.209999,1789761585,26.28,26.4,26.28 - 26.4,26.28,4778,26.49,2400.0,300.0,us_market,finmb_1782541086,NYSEArca,Principal Real Estate Active Opportunities ETF,26.33,3092,2170,[],2.045,0.084382094,24.235 - 28.575,-2.295,-0.080314964,4.8683167,31.491402,12.50887,0.35972,0.35972,27600852.0,PRE,0.83451355,27.44296,-1.16296,-0.042377353,26.42572,-0.14571953,-0.005514307,15,0,America/New_York,EDT,-14400000,False,False,False,True,1652967000000,BYRE,0.0,0.0,,,,,,,,,
REIT,real-estate,59,CBON,VanEck China Bond ETF,https://finance.yahoo.com/research-hub/screener/sec-ind_sec-top-etfs_real-estate/,2026-09-21T11:41:36+00:00,en-US,US,ETF,ETF,Delayed Quote,False,LOW,3.03,5.271481286241434,0.95967,6.11132,0.0557607,USD,0.0,24.15,0.5,PCX,24.25,22.26,1.48,VanEck China Bond ETF,24.2245,0.0135002,0.0557607,2,,,,,0.0135002,1789761362,24.2245,24.23,24.18 - 24.23,24.18,1732,24.211,200.0,2900.0,us_market,finmb_269374353,NYSEArca,VanEck China Bond ETF,24.18,5668,5320,[],1.9645004,0.08825249,22.26 - 24.25,-0.025499344,-0.0010515193,7.906461,,5.43184,0.88839,0.88839,26368360.0,PRE,,24.00788,0.2166214,0.00902293,23.496525,0.72797585,0.030982276,15,0,America/New_York,EDT,-14400000,False,False,False,True,1415716200000,CBON,0.0,0.0,,,,,,,,,
REIT,real-estate,60,PPTY,Vident U.S. Diversified Real Estate ETF,https://finance.yahoo.com/research-hub/screener/sec-ind_sec-top-etfs_real-estate/,2026-09-21T11:41:36+00:00,en-US,US,ETF,ETF,Delayed Quote,False,LOW,2.56,29.188558,12.72955,40.12877,-0.959162,USD,49.9,0.0,0.53,PCX,35.44,29.34,2.56,U.S. Diversified Real Estate ET,31.9787,-0.309698,-0.959162,2,,,,,-0.309698,1789760184,31.9787,32.005,31.9787 - 32.005,31.9787,5633,32.2884,3700.0,900.0,us_market,finmb_556325300,NYSEArca,Vident U.S. Diversified Real Estate ETF,31.99,2931,1820,[],2.6387005,0.08993526,29.34 - 35.44,-3.461298,-0.09766643,3.1181455,28.037214,12.44271,2.13316,2.13316,24962496.0,PRE,1.1405805,33.9238,-1.9451008,-0.057337347,32.23977,-0.26106834,-0.008097711,15,0,America/New_York,EDT,-14400000,False,False,False,True,1522157400000,PPTY,0.0,0.0,1529539200.0,,,,,,,,
REIT,real-estate,61,USAF,Atlas America Fund,https://finance.yahoo.com/research-hub/screener/sec-ind_sec-top-etfs_real-estate/,2026-09-21T11:41:36+00:00,en-US,US,ETF,ETF,Nasdaq Real Time Price,False,LOW,2.36,33.990483,,,-0.3199369,USD,35.46,19.65,0.89,NGM,30.4,26.74,2.36,Atlas America Fund,28.04,-0.03999901,-0.14219342,2,,,,,-0.089998245,1789761600,28.04,28.09,28.01 - 28.09,28.01,13162,28.13,2.0,2.0,us_market,finmb_1889476706,NasdaqGM,Atlas America Fund,28.01,2668,2300,[],1.3000011,0.04861635,26.74 - 30.4,-2.3599987,-0.07763154,3.1830668,33.559856,5.98552,3.2237,3.2237,17325272.0,PRE,0.8355221,28.02532,0.014680862,0.0005238428,27.659954,0.38004684,0.013739967,15,0,America/New_York,EDT,-14400000,False,False,False,True,1732113000000,USAF,0.0,0.0,,,,,,2024-11-20,,,
REIT,real-estate,62,FPRO,Fidelity Real Estate Investment ETF,https://finance.yahoo.com/research-hub/screener/sec-ind_sec-top-etfs_real-estate/,2026-09-21T11:41:36+00:00,en-US,US,ETF,ETF,Delayed Quote,False,LOW,2.51,32.435939,,,-0.81412,USD,0.0,0.0,0.57,BTS,26.3,21.95,2.51,Fidelity Real Estate Investment,23.8181,-0.195499,-0.81412,2,,,,,-0.195499,1789746605,23.8181,23.9199,23.8181 - 23.9199,23.8181,1548,24.0136,300.0,300.0,us_market,finmb_698702280,Cboe US,Fidelity Real Estate Investment ETF,23.84,4182,3010,[],1.8680992,0.08510702,21.95 - 26.3,-2.4818993,-0.09436879,5.9378147,0.75613016,13.35802,1.83958,1.83958,16162056.0,PRE,31.5,25.13928,-1.3211803,-0.05255442,24.135885,-0.31778526,-0.013166506,15,0,America/New_York,EDT,-14400000,False,False,False,True,1612449000000,FPRO,0.0,0.0,,,,,,,,,
REIT,real-estate,63,WTRE,WisdomTree New Economy Real Estate ETF,https://finance.yahoo.com/research-hub/screener/sec-ind_sec-top-etfs_real-estate/,2026-09-21T11:41:36+00:00,en-US,US,ETF,ETF,Delayed Quote,False,LOW,2.4,22.568269,13.90711,0.0724,-0.258186,USD,0.0,0.0,0.58,PCX,28.95,20.57,2.4,WisdomTree New Economy Real Est,23.3719,-0.0604992,-0.258186,2,,,,,-0.0604992,1789755634,23.3719,23.3719,23.37 - 23.3719,23.37,809,23.4324,400.0,500.0,us_market,finmb_34870244,NYSEArca,WisdomTree New Economy Real Estate ETF,23.45,2898,1370,[],2.8019009,0.13621297,20.57 - 28.95,-5.5781,-0.1926805,4.6105623,22.369383,11.78986,-10.36804,-10.36804,15363810.0,PRE,1.0448165,23.9548,-0.5828991,-0.02433329,23.7249,-0.35299873,-0.01487883,15,0,America/New_York,EDT,-14400000,False,False,False,True,1181050200000,WTRE,0.0,0.0,,,,,,,Watford,,
REIT,real-estate,64,DTRE,First Trust Alerian Disruptive Technology Real Estate ETF,https://finance.yahoo.com/research-hub/screener/sec-ind_sec-top-etfs_real-estate/,2026-09-21T11:41:36+00:00,en-US,US,ETF,ETF,Delayed Quote,False,LOW,3.68,25.233409,13.56009,26.69837,-0.905028,USD,66.05,16.7,0.6,PCX,43.56,38.31,3.68,First Trust Alerian Disruptive ,41.5422,-0.379402,-0.905028,2,,,,,-0.379402,1789758178,41.5422,41.65,41.5422 - 41.65,41.5422,584,41.9216,200.0,100.0,us_market,finmb_36593828,NYSEArca,First Trust Alerian Disruptive Technology Real Estate ETF,41.56,388,550,[],3.2321968,0.08436953,38.31 - 43.56,-2.0178032,-0.046322387,3.9539576,24.772335,8.85062,-0.61218,-0.61218,14518345.0,PRE,1.6769593,42.6324,-1.0902023,-0.025572155,41.5056,0.036598206,0.0008817655,15,0,America/New_York,EDT,-14400000,False,False,False,True,1188480600000,DTRE,0.0,0.0,,,,,,,,,
REIT,real-estate,65,ERET,Ishares Environmentally Aware Real Estate ETF,https://finance.yahoo.com/research-hub/screener/sec-ind_sec-top-etfs_real-estate/,2026-09-21T11:41:36+00:00,en-US,US,ETF,ETF,Delayed Quote,False,LOW,3.36,21.074816,,,-1.253583,USD,37.91,21.26,0.3,NGM,30.92,26.503,3.36,iShares Environmentally Aware R,27.57,-0.34000015,-1.2177656,2,,,,,-0.35000038,1789761600,27.57,27.76,27.57 - 27.76,27.57,9414,27.92,2.0,2.0,us_market,finmb_1790157418,NasdaqGM,Ishares Environmentally Aware Real Estate ETF,27.67,2214,2440,[],1.0669994,0.04025957,26.503 - 30.92,-3.3500004,-0.10834412,0.8449435,20.248568,8.55365,0.60564,0.60564,13733188.0,PRE,1.3615777,29.10824,-1.5382404,-0.05284553,28.44216,-0.87215996,-0.030664336,15,0,America/New_York,EDT,-14400000,False,False,False,True,1668781800000,ERET,0.0,0.0,,,,,,2022-11-17,,,
REIT,real-estate,66,RDOG,ALPS REIT Dividend Dogs ETF,https://finance.yahoo.com/research-hub/screener/sec-ind_sec-top-etfs_real-estate/,2026-09-21T11:41:36+00:00,en-US,US,ETF,ETF,Delayed Quote,False,LOW,6.26,24.795438,10.36794,35.36494,-1.1606,USD,43.0,0.0,0.35,PCX,42.76,34.76,6.26,ALPS REIT Dividend Dogs ETF,38.5786,-0.452999,-1.1606,2,,,,,-0.452999,1789754499,38.5786,38.74,38.5786 - 38.74,38.5786,491,39.0316,600.0,600.0,us_market,finmb_44679015,NYSEArca,ALPS REIT Dividend Dogs ETF,38.68,1146,850,[],3.8186035,0.10985626,34.76 - 42.76,-4.1813965,-0.097787574,4.8084736,23.595383,16.53531,1.26772,1.26772,11148699.0,PRE,1.6350064,40.9996,-2.4209976,-0.0590493,38.98285,-0.40424728,-0.0103698755,15,0,America/New_York,EDT,-14400000,False,False,False,True,1211463000000,RDOG,0.0,0.0,,,,,,,,,
REIT,real-estate,67,FIXP,FolioBeyond Enhanced Fixed Income Premium ETF,https://finance.yahoo.com/research-hub/screener/sec-ind_sec-top-etfs_real-estate/,2026-09-21T11:41:36+00:00,en-US,US,ETF,ETF,Delayed Quote,False,LOW,5.18,6.643194,,,-0.204965,USD,0.0,0.0,1.01,PCX,20.46,19.36,5.18,FolioBeyond Enhanced Fixed Inco,19.475,-0.039999,-0.204965,2,,,,,-0.039999,1789755741,19.475,19.52,19.475 - 19.52,19.475,924,19.515,100.0,100.0,us_market,finmb_1911769011,NYSEArca,FolioBeyond Enhanced Fixed Income Premium ETF,19.44,3093,6080,[],0.11499977,0.005940071,19.36 - 20.46,-0.9849987,-0.048142657,-2.0618558,6.54185,2.51155,1.02647,1.02647,10394845.0,PRE,2.9769866,19.80554,-0.3305397,-0.016689254,19.872906,-0.39790535,-0.020022504,15,0,America/New_York,EDT,-14400000,False,False,False,True,1737642600000,FIXP,0.0,0.0,,,,,,,,,
REIT,real-estate,68,FTHB,FIS Faith Income ETF,https://finance.yahoo.com/research-hub/screener/sec-ind_sec-top-etfs_real-estate/,2026-09-21T11:41:36+00:00,en-US,US,EQUITY,Equity,Delayed Quote,False,LOW,,,,,-0.402651,USD,39.32,9.95,,PCX,25.41,24.69,,FIS Faith Income ETF,24.735,-0.0999985,-0.402651,2,,,,,-0.0999985,1789569764,24.735,24.735,24.735 - 24.735,24.735,40,24.835,100.0,100.0,us_market,finmb_1978487347,NYSEArca,FIS Faith Income ETF,24.76,6874,560,[],0.045000076,0.0018226033,24.69 - 25.41,-0.67499924,-0.026564315,-1.119107,11.140367,,,,,PRE,2.220304,25.1382,-0.40320015,-0.01603934,25.170788,-0.4357872,-0.017313212,15,0,America/New_York,EDT,-14400000,False,False,False,True,1773927000000,FTHB,,,,,,,,,,,
REIT,real-estate,69,HAUS,Residential REIT ETF,https://finance.yahoo.com/research-hub/screener/sec-ind_sec-top-etfs_real-estate/,2026-09-21T11:41:36+00:00,en-US,US,ETF,ETF,Delayed Quote,False,LOW,3.25,31.635558,,,-1.10967,USD,0.0,0.0,0.6,BTS,19.56,16.6,3.25,Residential REIT ETF,17.4047,-0.195301,-1.10967,2,,,,,-0.195301,1789761222,17.4047,17.559,17.39 - 17.559,17.39,9369,17.6,100.0,4600.0,us_market,finmb_1765407876,Cboe US,Residential REIT ETF,17.52,2228,5310,[],0.80469894,0.04847584,16.6 - 19.56,-2.1553001,-0.11018917,-1.8330514,29.978079,5.08049,-0.33083,-0.33083,7835406.0,PRE,0.5805809,18.51926,-1.1145611,-0.060183886,18.25618,-0.8514805,-0.04664067,15,0,America/New_York,EDT,-14400000,False,False,False,True,1646145000000,HAUS,0.0,0.0,,,,,,,,,
REIT,real-estate,70,SJCP,SanJac Alpha Core Plus Bond ETF,https://finance.yahoo.com/research-hub/screener/sec-ind_sec-top-etfs_real-estate/,2026-09-21T11:41:36+00:00,en-US,US,ETF,ETF,Nasdaq Real Time Price,False,LOW,3.76,4.407811,,,0.060579117,USD,32.24,17.98,0.65,NGM,25.5,24.68,3.76,SanJac Alpha Core Plus Bond ETF,24.775,0.0,0.0,2,,,,,0.01499939,1789761600,24.775,24.775,24.775 - 24.775,24.775,213,24.76,2.0,2.0,us_market,finmb_1877929240,NasdaqGM,SanJac Alpha Core Plus Bond ETF,24.775,944,780,[],0.09499931,0.0038492428,24.68 - 25.5,-0.7250004,-0.028431388,-1.4244199,4.3428993,1.45228,0.70721,0.70721,7540452.0,PRE,5.7047143,25.0624,-0.2874012,-0.011467425,25.14413,-0.3691311,-0.014680606,15,0,America/New_York,EDT,-14400000,False,False,False,True,1725975000000,SJCP,0.0,0.0,,,,,,2024-09-10,,,
REIT,real-estate,71,RITA,ETFB Green SRI REITs ETF,https://finance.yahoo.com/research-hub/screener/sec-ind_sec-top-etfs_real-estate/,2026-09-21T11:41:36+00:00,en-US,US,ETF,ETF,Delayed Quote,False,LOW,2.38,24.582104,,,-1.1968,USD,0.0,0.0,0.5,PCX,23.86,18.89,2.38,ETFB Green SRI REITs ETF,20.4492,-0.2477,-1.1968,2,,,,,-0.2477,1789741397,20.4492,20.4902,20.4492 - 20.4902,20.4492,2106,20.6969,100.0,3400.0,us_market,finmb_691541758,NYSEArca,ETFB Green SRI REITs ETF,20.47,3646,2610,[],1.5592003,0.08254105,18.89 - 23.86,-3.410801,-0.14295058,5.006671,23.644608,11.11729,3.31684,3.31684,6891761.0,PRE,0.8648568,21.5095,-1.0603008,-0.049294535,20.551094,-0.10189438,-0.0049581,15,0,America/New_York,EDT,-14400000,False,False,False,True,1639060200000,RITA,0.0,0.0,,,,,,,,,
REIT,real-estate,72,DESK,Vaneck Office And Commercial REIT ETF,https://finance.yahoo.com/research-hub/screener/sec-ind_sec-top-etfs_real-estate/,2026-09-21T11:41:36+00:00,en-US,US,ETF,ETF,Delayed Quote,False,LOW,4.87,26.427061,,,-0.764764,USD,0.0,0.0,0.51,PCX,43.92,31.999,4.87,VanEck Office and Commercial RE,38.3436,-0.295498,-0.764764,2,,,,,-0.295498,1789759465,38.3436,38.3436,38.2 - 38.3436,38.2,26527,38.6391,500.0,500.0,us_market,finmb_1854476349,NYSEArca,Vaneck Office And Commercial REIT ETF,38.4,24546,4120,[],6.3446007,0.19827497,31.999 - 43.92,-5.576397,-0.12696715,-10.665857,24.690758,13.6249,7.64464,7.64464,6886742.0,PRE,1.5529536,41.21742,-2.8738174,-0.069723375,37.93042,0.4131813,0.010893138,15,0,America/New_York,EDT,-14400000,False,False,False,True,1695303000000,DESK,0.0,0.0,,,,,,,,,
REIT,real-estate,73,RNTY,YieldMax Target 12 Real Estate Option Income ETF,https://finance.yahoo.com/research-hub/screener/sec-ind_sec-top-etfs_real-estate/,2026-09-21T11:41:36+00:00,en-US,US,ETF,ETF,Delayed Quote,False,LOW,9.45,32.020493,,,-0.694076,USD,72.92,0.0,0.99,PCX,52.5,46.729,9.45,YieldMax Target 12 Real Estate ,46.7292,-0.326603,-0.694076,2,,,,,-0.326603,1789756004,46.7292,46.925,46.7292 - 46.925,46.7292,589,47.0558,500.0,500.0,us_market,finmb_1892614387,NYSEArca,YieldMax Target 12 Real Estate Option Income ETF,46.8,2546,1630,[],0.00019836426,4.2449924e-06,46.729 - 52.5,-5.7708015,-0.10992003,-7.2192965,30.651608,7.47341,0.81444,0.81444,6098715.0,PRE,1.5245268,49.24304,-2.5138397,-0.051049646,49.77016,-3.0409622,-0.061100107,15,0,America/New_York,EDT,-14400000,False,False,False,True,1744896600000,RNTY,0.0,0.0,,,,,,,,,
REIT,real-estate,74,DPRE,Virtus Duff & Phelps Real Estat,https://finance.yahoo.com/research-hub/screener/sec-ind_sec-top-etfs_real-estate/,2026-09-21T11:41:36+00:00,en-US,US,EQUITY,Equity,Delayed Quote,False,LOW,,,,,-0.768414,USD,0.0,0.0,,PCX,27.12,24.89,,Virtus Duff & Phelps Real Estat,25.1563,-0.194801,-0.768414,2,,,,,-0.194801,1789759764,25.1563,25.19,25.1563 - 25.19,25.1563,2540,25.3511,500.0,500.0,us_market,finmb_1969890822,NYSEArca,,25.19,1974,1050,[],0.2663002,0.010699084,24.89 - 27.12,-1.9637012,-0.072407864,0.5595565,30.03949,,,,,PRE,0.83744097,26.2158,-1.0594997,-0.04041455,25.935688,-0.7793884,-0.03005081,15,0,America/New_York,EDT,-14400000,False,False,False,True,1776259800000,DPRE,,,,,,,,,,,
REIT,real-estate,75,DVDN,Kingsbarn Dividend Opportunity ETF,https://finance.yahoo.com/research-hub/screener/sec-ind_sec-top-etfs_real-estate/,2026-09-21T11:41:36+00:00,en-US,US,ETF,ETF,Delayed Quote,False,LOW,15.36,7.390437,,,-1.42715,USD,0.0,0.0,1.65,PCX,22.35,14.546,15.36,Kingsbarn Dividend Opportunity ,14.5461,-0.2106,-1.42715,2,,,,,-0.2106,1789748793,14.5461,14.59,14.5461 - 14.59,14.5461,618,14.7567,100.0,4200.0,us_market,finmb_1830036043,NYSEArca,Kingsbarn Dividend Opportunity ETF,14.59,2093,3250,[],0.0001001358,6.8840786e-06,14.546 - 22.35,-7.8039007,-0.34916782,-33.61628,6.9580603,-12.36082,-5.51817,-5.51817,3089165.0,PRE,2.0905395,15.46464,-0.91854,-0.059396148,17.149836,-2.603736,-0.15182279,15,0,America/New_York,EDT,-14400000,False,False,False,True,1698931800000,DVDN,0.0,0.0,,,,,,,,,
REIT,real-estate,76,XLRI,State Street Real Estate Select Sector SPDR Premium Income ETF,https://finance.yahoo.com/research-hub/screener/sec-ind_sec-top-etfs_real-estate/,2026-09-21T11:41:36+00:00,en-US,US,EQUITY,Equity,Delayed Quote,False,LOW,,,,,-0.71278,USD,0.0,0.0,,PCX,25.18,22.44,,State Street Real Estate Select,22.5381,-0.1618,-0.71278,2,,,,,-0.1618,1789761317,22.5381,22.5599,22.5381 - 22.5599,22.5381,594,22.6999,200.0,100.0,us_market,finmb_1944986286,NYSEArca,State Street Real Estate Select Sector SPDR Premium Income ETF,22.5599,3287,3740,[],0.098098755,0.004371602,22.44 - 25.18,-2.641901,-0.10492061,-9.551329,30.278706,,,,,PRE,0.7443548,23.53698,-0.9988804,-0.042438768,23.65608,-1.117981,-0.04725977,15,0,America/New_York,EDT,-14400000,False,False,False,True,1753882200000,XLRI,0.0,0.0,,,,,,,,The Select Sector SPDR Trust - The Real Estate Select Sector SPDR Premium Income Fund,2026-09-21
REIT,real-estate,77,TSRS,Truth Social American Red State REITs ETF,https://finance.yahoo.com/research-hub/screener/sec-ind_sec-top-etfs_real-estate/,2026-09-21T11:41:36+00:00,en-US,US,EQUITY,Equity,Delayed Quote,False,LOW,,,,,-0.865011,USD,40.18,10.17,,PCX,29.0,24.76,,Truth Social American Red State,25.2706,-0.220501,-0.865011,2,,,,,-0.220501,1789406814,25.2706,25.4886,25.4886 - 25.4886,25.4886,143,25.4911,100.0,3500.0,us_market,finmb_1966752497,NYSEArca,Truth Social American Red State REITs ETF,26.0701,528,190,[],0.51059914,0.020621937,24.76 - 29.0,-3.7294006,-0.12860002,0.66924095,24.1253,,,,,PRE,1.047473,27.29616,-2.0255604,-0.07420679,26.745155,-1.474556,-0.055133574,15,0,America/New_York,EDT,-14400000,False,False,False,True,1767105000000,TSRS,0.0,0.0,,,,,,,,Truth Social Funds - Truth Social American Red State Reits Etf,2026-09-21
REIT,real-estate,78,DIME,CoinShares Altcoins ETF,https://finance.yahoo.com/research-hub/screener/sec-ind_sec-top-etfs_real-estate/,2026-09-21T11:41:36+00:00,en-US,US,ETF,ETF,Nasdaq Real Time Price,False,LOW,,,,,12.139681,USD,9.7,5.36,0.0,NGM,28.1,7.13,,CoinShares Altcoins ETF,10.115,1.1589994,12.849217,2,,,,,1.0949993,1789761600,10.115,10.179,9.97 - 10.179,9.97,8043,9.02,2.0,2.0,us_market,finmb_1932180508,NasdaqGM,CoinShares Altcoins ETF,9.97,2642,5960,[],2.9849997,0.41865352,7.13 - 28.1,-17.985,-0.6400356,-60.246025,,-29.10187,-14.97525,-14.97525,1200487.0,PRE,,8.0638,2.0512,0.25437137,9.267905,0.84709454,0.09140086,15,0,America/New_York,EDT,-14400000,False,False,False,True,1759843800000,DIME,0.0,0.0,,,,,,2025-10-07,,,
REIT,real-estate,79,TRUR,Vaneck Real Estate TruSector ETF,https://finance.yahoo.com/research-hub/screener/sec-ind_sec-top-etfs_real-estate/,2026-09-21T11:41:36+00:00,en-US,US,ETF,ETF,Nasdaq Real Time Price,False,LOW,,,,,-1.5222701,USD,,,0.17,NGM,26.01,24.0975,,VanEck Real Estate TruSector ETF,24.0975,-0.23999977,-0.9807919,2,,,,,-0.37249947,1789761600,24.0975,24.23,24.0975 - 24.23,24.0975,331,24.47,,,us_market,finmb_1986320798,NasdaqGM,Vaneck Real Estate TruSector ETF,24.23,167,180,[],0.0,0.0,24.0975 - 26.01,-1.9125004,-0.07352942,-3.290528,32.002377,,,,249563.0,PRE,0.75299096,25.2168,-1.1193008,-0.044387106,25.206154,-1.108654,-0.043983467,15,0,America/New_York,EDT,-14400000,False,False,False,True,1783517400000,TRUR,,,,,,,,2026-07-08,,,
