sector,yahoo_sector_key,rank,ticker,etf_name,source_url,retrieved_at_utc,screen_language,screen_region,screen_quote_type,screen_type_disp,screen_quote_source_name,screen_triggerable,screen_custom_price_alert_confidence,screen_yield_ttm,screen_pe_ttm,screen_annual_return_nav_y3,screen_annual_return_nav_y5,screen_currency,screen_trailing_annual_dividend_rate,screen_trailing_pe,screen_trailing_annual_dividend_yield,screen_ytd_return,screen_trailing_three_month_returns,screen_trailing_three_month_nav_returns,screen_net_assets,screen_market_state,screen_eps_trailing_twelve_months,screen_fifty_day_average,screen_fifty_day_average_change,screen_fifty_day_average_change_percent,screen_two_hundred_day_average,screen_two_hundred_day_average_change,screen_esg_populated,screen_tradeable,screen_crypto_tradeable,screen_exchange_timezone_short_name,screen_exchange_timezone_name,screen_gmt_off_set_milliseconds,screen_regular_market_open,screen_average_daily_volume3_month,screen_average_daily_volume10_day,screen_corporate_actions,screen_fifty_two_week_low_change,screen_fifty_two_week_low_change_percent,screen_fifty_two_week_range,screen_fifty_two_week_high_change,screen_fifty_two_week_high_change_percent,screen_fifty_two_week_change_percent,screen_first_trade_date_milliseconds,screen_pre_market_change,screen_pre_market_change_percent,screen_source_interval,screen_pre_market_price,screen_price_hint,screen_exchange,screen_short_name,screen_fullday_price,screen_fullday_change,screen_fullday_change_percent,screen_pre_market_time,screen_full_exchange_name,screen_net_expense_ratio,screen_ask,screen_bid,screen_fifty_two_week_high,screen_fifty_two_week_low,screen_dividend_yield,screen_market,screen_exchange_data_delayed_by,screen_message_board_id,screen_regular_market_previous_close,screen_regular_market_change,screen_bid_size,screen_ask_size,screen_regular_market_price,screen_long_name,screen_regular_market_time,screen_regular_market_day_high,screen_regular_market_day_range,screen_regular_market_day_low,screen_regular_market_volume,screen_two_hundred_day_average_change_percent,screen_regular_market_change_percent,screen_has_pre_post_market_data,screen_symbol,screen_shares_outstanding,screen_book_value,screen_price_to_book,screen_financial_currency,screen_ipo_expected_date,screen_dividend_date,screen_name_change_date,screen_prev_name
Telecom,communication-services,1,XLC,State Street Communication Services Select Sector SPDR ETF,https://finance.yahoo.com/research-hub/screener/sec-ind_sec-top-etfs_communication-services/,2026-09-21T11:41:36+00:00,en-US,US,ETF,ETF,Delayed Quote,False,LOW,1.28,15.377518,52.84441,15.89751,USD,0.0,15.287841,0.0,-4.72832,-3.4011,-3.4011,22430177300.0,PRE,7.248244,111.1874,-0.37740326,-0.0033942987,113.9973,-3.1873016,False,False,False,EDT,America/New_York,-14400000,112.37,5632725,4780180,[],5.779999,0.055031884,105.03 - 120.405,-9.595001,-0.07968939,-6.5525413,1529415000000,1.0240936,0.9272355,15,111.47,2,PCX,State Street Communication Serv,111.47,1.004097,0.9089655,1789983622.0,NYSEArca,0.08,112.19,111.52,120.405,105.03,1.28,us_market,0,finmb_557642090,112.35,-1.54,2000,300,110.81,State Street Communication Services Select Sector SPDR ETF,1789761600,112.4,110.735 - 112.4,110.735,7081165,-0.02795945,-1.37072,True,XLC,,,,,,,,
Telecom,communication-services,2,VOX,Vanguard Communication Services Index Fund ETF Shares,https://finance.yahoo.com/research-hub/screener/sec-ind_sec-top-etfs_communication-services/,2026-09-21T11:41:36+00:00,en-US,US,ETF,ETF,Delayed Quote,False,LOW,1.05,16.963528,44.7169,13.78054,USD,,17.258324,,-3.22686,-5.14494,-5.14494,5934089200.0,PRE,10.990639,187.6512,2.0287933,0.010811512,190.23405,-0.5540619,False,False,False,EDT,America/New_York,-14400000,192.96,316279,390760,[],17.309998,0.1004235,172.37 - 200.77,-11.090012,-0.055237394,-0.8105397,1096464600000,1.4200134,0.74863636,15,191.1,2,PCX,Vanguard Communication Services,191.1,-0.005004883,-0.002636994,1789988793.0,NYSEArca,0.09,300.71,0.0,200.77,172.37,1.05,us_market,0,finmb_22939518,192.27,-2.59001,200,800,189.68,Vanguard Communication Services Index Fund ETF Shares,1789761600,192.96,189.66 - 192.96,189.66,192255,-0.0029125274,-1.34707,True,VOX,,,,,,,,
Telecom,communication-services,3,SRLN,State Street Blackstone Senior Loan ETF,https://finance.yahoo.com/research-hub/screener/sec-ind_sec-top-etfs_communication-services/,2026-09-21T11:41:36+00:00,en-US,US,ETF,ETF,Delayed Quote,False,LOW,,,10.80677,4.91315,USD,0.0,,0.0,2.89622,2.05788,2.05788,5500858400.0,PRE,,40.4892,0.12080002,0.0029835121,40.5653,0.044700623,False,False,False,EDT,America/New_York,-14400000,40.67,1660603,2032300,[],1.2200012,0.03097236,39.39 - 41.63,-1.0200005,-0.024501571,-2.3798048,1365082200000,,,15,,2,PCX,State Street Blackstone Senior ,40.61,-0.0599976,-0.147523,,NYSEArca,0.7,0.0,0.0,41.63,39.39,7.25,us_market,0,finmb_204729388,40.67,-0.0599976,7600,6600,40.61,State Street Blackstone Senior Loan ETF,1789761600,40.72,40.59 - 40.72,40.59,5272910,0.0011019424,-0.147523,True,SRLN,,,,,,,,
Telecom,communication-services,4,SJNK,State Street SPDR Bloomberg Short Term High Yield Bond ETF,https://finance.yahoo.com/research-hub/screener/sec-ind_sec-top-etfs_communication-services/,2026-09-21T11:41:36+00:00,en-US,US,ETF,ETF,Delayed Quote,False,LOW,,,12.0752,5.28972,USD,0.0,0.8919507,0.0,2.43174,0.82715,0.82715,4822966800.0,PRE,27.58,24.8086,-0.20859909,-0.008408338,25.0633,-0.4632988,False,False,False,EDT,America/New_York,-14400000,24.61,2237069,2010080,[],0.059999466,0.002444966,24.54 - 25.65,-1.0499992,-0.040935643,-4.01873,1333978200000,,,15,,2,PCX,State Street SPDR Bloomberg Sho,24.6,-0.0299988,-0.121798,,NYSEArca,0.4,24.69,0.0,25.65,24.54,6.99,us_market,0,finmb_182187069,24.63,-0.0299988,59400,17700,24.6,State Street SPDR Bloomberg Short Term High Yield Bond ETF,1789761600,24.615,24.58 - 24.615,24.58,2190468,-0.018485148,-0.121798,True,SJNK,,,,,,,,
Telecom,communication-services,5,JPIB,JPMorgan International Bond Opportunities ETF,https://finance.yahoo.com/research-hub/screener/sec-ind_sec-top-etfs_communication-services/,2026-09-21T11:41:36+00:00,en-US,US,ETF,ETF,Delayed Quote,False,LOW,4.7,20.24701356549909,7.83473,0.54993,USD,0.0,19.611492,0.0,0.61932,-0.30289,-0.30289,2194365440.0,PRE,2.4036927,47.747,-0.60700226,-0.0127128875,48.28461,-1.1446114,False,False,False,EDT,America/New_York,-14400000,47.17,201107,216830,[],0.1949997,0.0041537904,46.945 - 49.425,-2.2849998,-0.04623166,-3.9331555,1492090200000,,,15,,2,PCX,JPMorgan International Bond Opp,47.14,-0.0600014,-0.127122,,NYSEArca,0.5,47.55,0.0,49.425,46.945,4.89,us_market,0,finmb_366626547,47.2,-0.0600014,1200,2500,47.14,JPMorgan International Bond Opportunities ETF,1789761600,47.1499,47.09 - 47.1499,47.09,281620,-0.02370551,-0.127122,True,JPIB,,,,,,,,
Telecom,communication-services,6,HYS,PIMCO 0-5 Year High Yield Corporate Bond Index Exchange-Traded Fund,https://finance.yahoo.com/research-hub/screener/sec-ind_sec-top-etfs_communication-services/,2026-09-21T11:41:36+00:00,en-US,US,ETF,ETF,Delayed Quote,False,LOW,,,11.75652,4.74149,USD,,,,2.31779,0.87713,0.87713,1798504190.0,PRE,,92.6246,-0.83460236,-0.009010591,93.67395,-1.8839493,False,False,False,EDT,America/New_York,-14400000,91.75,99428,84030,[],0.20999908,0.002293067,91.58 - 95.88,-4.0899963,-0.04265745,-4.165798,1308317400000,,,15,,2,PCX,PIMCO 0-5 Year High Yield Corpo,91.79,-0.120003,-0.130565,,NYSEArca,0.56,0.0,0.0,95.88,91.58,7.44,us_market,0,finmb_134386306,91.91,-0.120003,300,200,91.79,PIMCO 0-5 Year High Yield Corporate Bond Index Exchange-Traded Fund,1789761600,91.84,91.67 - 91.84,91.67,70337,-0.020111773,-0.130565,True,HYS,,,,,,,,
Telecom,communication-services,7,FCOM,Fidelity MSCI Communication Services Index ETF,https://finance.yahoo.com/research-hub/screener/sec-ind_sec-top-etfs_communication-services/,2026-09-21T11:41:36+00:00,en-US,US,ETF,ETF,Nasdaq Real Time Price,False,LOW,1.0,16.952026,44.4284,13.83725,USD,0.0,17.224201,0.0,-3.37646,-5.17496,-5.17496,1792066430.0,PRE,4.1517167,70.8562,0.65380096,0.009227152,71.91095,-0.40094757,False,False,False,EDT,America/New_York,-14400000,72.68,235696,421380,[],6.25,0.09577076,65.26 - 75.94,-4.4300003,-0.05833553,-0.96939206,1382621400000,,,15,,2,PCX,Fidelity MSCI Communication Ser,71.51,-0.964996,-1.33149,,NYSEArca,0.084,0.0,0.0,75.94,65.26,1.0,us_market,0,finmb_243638574,72.475,-0.964996,700,500,71.51,Fidelity MSCI Communication Services Index ETF,1789761600,72.68,71.47 - 72.68,71.47,123190,-0.005575612,-1.33149,True,FCOM,,,,,,,,
Telecom,communication-services,8,IYZ,iShares U.S. Telecommunications ETF,https://finance.yahoo.com/research-hub/screener/sec-ind_sec-top-etfs_communication-services/,2026-09-21T11:41:36+00:00,en-US,US,ETF,ETF,Delayed Quote,False,LOW,1.63,17.765145,3.88281,11.67828,USD,0.81,17.266632,0.019249048,28.15482,-2.93866,-2.93866,1231090690.0,PRE,2.4272249,42.26,-0.34999847,-0.008282027,39.8875,2.022499,False,False,False,EDT,America/New_York,-14400000,42.04,1071511,897960,[],10.85,0.3493239,31.06 - 46.07,-4.16,-0.09029737,30.479454,959347800000,,,15,,2,BTS,iShares U.S. Telecommunications,41.91,-0.170002,-0.403997,,Cboe US,0.37,44.53,40.9,46.07,31.06,1.63,us_market,0,finmb_8796470,42.08,-0.170002,700,300,41.91,iShares U.S. Telecommunications ETF,1789761600,42.1699,41.58 - 42.1699,41.58,423862,0.050705083,-0.403997,True,IYZ,13650000.0,32.386,1.2940776,USD,,,,
Telecom,communication-services,9,GGLL,Direxion Daily GOOGL Bull 2X Shares,https://finance.yahoo.com/research-hub/screener/sec-ind_sec-top-etfs_communication-services/,2026-09-21T11:41:36+00:00,en-US,US,ETF,ETF,Delayed Quote,False,LOW,1.84,17.035775,,,USD,0.0,17.875555,0.0,2.91482,-24.95108,-24.95108,923817980.0,PRE,5.787233,103.3638,0.0861969,0.00083391764,106.11368,-2.663681,False,False,False,EDT,America/New_York,-14400000,107.8,1393587,1307230,[],44.269997,0.7480567,59.18 - 153.0,-49.550003,-0.32385623,50.77977,1662557400000,0.6700058,0.6476615,15,104.12,2,NGM,Direxion Daily GOOGL Bull 2X ET,104.12,0.7900009,0.7636548,1789990880.0,NasdaqGM,0.96,113.55,113.34,153.0,59.18,1.84,us_market,0,finmb_1796978306,102.5,0.94999695,1,1,103.45,Direxion Daily GOOGL Bull 2X Shares,1789761601,109.615,103.1807 - 109.615,103.1807,1878437,-0.025102146,0.92682636,True,GGLL,,,,,,,,
Telecom,communication-services,10,CMDY,iShares Bloomberg Roll Select Commodity Strategy ETF,https://finance.yahoo.com/research-hub/screener/sec-ind_sec-top-etfs_communication-services/,2026-09-21T11:41:36+00:00,en-US,US,ETF,ETF,Delayed Quote,False,LOW,,,-9.08653,26.9684,USD,,,,29.88213,5.04554,5.04554,674235970.0,PRE,,61.31038,3.6772232,0.059977174,57.564194,7.4234085,False,False,False,EDT,America/New_York,-14400000,65.51,79534,108810,[],17.352604,0.36428267,47.635 - 66.16,-1.1724014,-0.017720697,25.47157,1522935000000,,,15,,2,PCX,iShares Bloomberg Roll Select C,64.9876,-0.22000122,-0.33737344,,NYSEArca,0.28,66.99,63.64,66.16,47.635,9.93,us_market,0,finmb_548711626,65.21,-0.222397,100,800,64.9876,iShares Bloomberg Roll Select Commodity Strategy ETF,1789761324,65.315,64.89 - 65.315,64.89,34823,0.12895879,-0.341047,True,CMDY,,,,,,,,
Telecom,communication-services,11,STOT,State Street DoubleLine Short Duration Total Return Tactical ETF,https://finance.yahoo.com/research-hub/screener/sec-ind_sec-top-etfs_communication-services/,2026-09-21T11:41:36+00:00,en-US,US,ETF,ETF,Delayed Quote,False,LOW,,,6.33135,-0.07467,USD,0.0,,0.0,1.62497,0.52761,0.52761,528673056.0,PRE,,46.78362,-0.29361725,-0.0062760697,47.073067,-0.58306503,False,False,False,EDT,America/New_York,-14400000,46.5,69803,104070,[],0.07000351,0.0015080464,46.42 - 47.55,-1.0599976,-0.022292273,-1.8991351,1460640600000,,,15,,2,BTS,State Street DoubleLine Short D,46.49,-0.0499992,-0.107433,,Cboe US,0.45,0.0,0.0,47.55,46.42,4.44,us_market,0,finmb_321789422,46.54,-0.0499992,600,500,46.49,State Street DoubleLine Short Duration Total Return Tactical ETF,1789761599,46.5,46.43 - 46.5,46.43,37398,-0.012386383,-0.107433,True,STOT,,,,,,,,
Telecom,communication-services,12,METU,Direxion Daily META Bull 2X ETF,https://finance.yahoo.com/research-hub/screener/sec-ind_sec-top-etfs_communication-services/,2026-09-21T11:41:36+00:00,en-US,US,ETF,ETF,Nasdaq Real Time Price,False,LOW,3.87,21.551724,,,USD,,28.786516,,-37.58665,-24.49198,-24.49198,469411936.0,PRE,0.917096,22.6172,3.7827988,0.16725318,26.4544,-0.05439949,False,False,False,EDT,America/New_York,-14400000,28.17,5887795,5674870,[],9.549999,0.56676555,16.85 - 49.16,-22.76,-0.46297804,-43.40836,1717680600000,1.2306995,4.661741,15,27.6307,2,NGM,Direxion Daily META Bull 2X ETF,27.6307,1.2306995,4.661741,1789990891.0,NasdaqGM,1.02,21.24,20.92,49.16,16.85,3.87,us_market,0,finmb_1791146318,27.76,-1.3600006,1,1,26.4,Direxion Daily META Bull 2X ETF,1789761601,28.4,26.06 - 28.4,26.06,5207390,-0.0020563495,-4.8991375,True,METU,,,,,2024-06-05,,,
Telecom,communication-services,13,IXP,iShares Global Comm Services ETF,https://finance.yahoo.com/research-hub/screener/sec-ind_sec-top-etfs_communication-services/,2026-09-21T11:41:36+00:00,en-US,US,ETF,ETF,Nasdaq Real Time Price,False,LOW,3.36,15.311591,38.71499,12.77133,USD,,15.56628,,-2.92628,-4.97248,-4.97248,466986912.0,PRE,7.613187,117.192,1.3170013,0.01123798,119.63635,-1.1273499,False,False,False,EDT,America/New_York,-14400000,119.75,54563,145820,[],7.6190033,0.06870776,110.89 - 126.77,-8.260994,-0.065165214,-5.351013,1006785000000,,,15,,2,PCX,iShares Global Comm Services ET,118.509,-1.7605,-1.46379,,NYSEArca,0.37,0.0,107.86,126.77,110.89,3.36,us_market,0,finmb_8798149,120.27,-1.7605,200,200,118.509,iShares Global Comm Services ETF,1789761320,119.75,118.5095 - 119.75,118.5095,18126,-0.009423138,-1.46379,True,IXP,,,,,,,,
Telecom,communication-services,14,KMLM,KraneShares Mount Lucas Managed Futures Index Strategy ETF,https://finance.yahoo.com/research-hub/screener/sec-ind_sec-top-etfs_communication-services/,2026-09-21T11:41:36+00:00,en-US,US,ETF,ETF,Nasdaq Real Time Price,False,LOW,4.48,7.616146230007616,,,USD,0.0,11.509221,0.0,14.57692,5.37672,5.37672,412587648.0,PRE,2.6778529,29.4773,1.342699,0.045550272,28.0894,2.7306004,False,False,False,EDT,America/New_York,-14400000,30.93,343039,525030,[],5.049999,0.19596426,25.77 - 31.185,-0.36499977,-0.011704338,13.183987,1606919400000,-0.062000275,-0.2011559,15,30.76,2,PCX,KraneShares Mount Lucas Managed,30.76,-0.062000275,-0.2011559,1789988807.0,NYSEArca,0.9,31.47,0.0,31.185,25.77,4.38,us_market,0,finmb_690990532,30.83,-0.0100002,300,400,30.82,KraneShares Mount Lucas Managed Futures Index Strategy ETF,1789761600,30.96,30.7768 - 30.96,30.7768,302218,0.09721106,-0.0324367,True,KMLM,,,,,,,,
Telecom,communication-services,15,HYFI,AB High Yield ETF,https://finance.yahoo.com/research-hub/screener/sec-ind_sec-top-etfs_communication-services/,2026-09-21T11:41:36+00:00,en-US,US,ETF,ETF,Delayed Quote,False,LOW,,,,,USD,0.0,,0.0,2.75864,0.79363,0.79363,338282016.0,PRE,,37.03828,-0.38827896,-0.01048318,37.35966,-0.7096596,False,False,False,EDT,America/New_York,-14400000,36.68,49168,40990,[],0.15000153,0.004109631,36.5 - 38.27,-1.6199989,-0.04233078,-3.5018444,1684157400000,,,15,,2,PCX,AB High Yield ETF,36.65,-0.0749969,-0.204212,,NYSEArca,0.4,0.0,0.0,38.27,36.5,6.67,us_market,0,finmb_1829444271,36.725,-0.0749969,600,200,36.65,AB High Yield ETF,1789761586,36.6966,36.58 - 36.6966,36.58,77528,-0.018995343,-0.204212,True,HYFI,,,,,,,,
Telecom,communication-services,16,XCCC,BondBloxx CCC Rated USD High Yield Corporate Bond ETF,https://finance.yahoo.com/research-hub/screener/sec-ind_sec-top-etfs_communication-services/,2026-09-21T11:41:36+00:00,en-US,US,ETF,ETF,Delayed Quote,False,LOW,10.52,4.139072847682119,,,USD,0.0,3.6789815,0.0,-0.18717,-0.42413,-0.42413,327727328.0,PRE,9.498552,35.72212,-0.7771187,-0.021754552,36.824894,-1.8798943,False,False,False,EDT,America/New_York,-14400000,34.97,354663,718490,[],0.1949997,0.005611502,34.75 - 39.35,-4.404999,-0.111944064,-11.149252,1653571800000,,,15,,2,PCX,BondBloxx CCC-Rated USD High Yi,34.945,-0.0649986,-0.185657,,NYSEArca,0.4,0.0,0.0,39.35,34.75,10.23,us_market,0,finmb_1773506415,35.01,-0.0649986,400,100,34.945,BondBloxx CCC Rated USD High Yield Corporate Bond ETF,1789761599,34.975,34.8909 - 34.975,34.8909,31786,-0.05104955,-0.185657,True,XCCC,,,,,,,,
Telecom,communication-services,17,SDSI,American Century Short Duration Strategic Income ETF,https://finance.yahoo.com/research-hub/screener/sec-ind_sec-top-etfs_communication-services/,2026-09-21T11:41:36+00:00,en-US,US,ETF,ETF,Nasdaq Real Time Price,False,LOW,,,,,USD,0.0,,0.0,1.96884,0.66798,0.66798,291447680.0,PRE,,51.0957,-0.40579987,-0.007941958,51.37012,-0.68022156,False,False,False,EDT,America/New_York,-14400000,50.71,33547,34030,[],0.049900055,0.0009853882,50.64 - 52.04,-1.3501015,-0.025943533,-2.0388424,1665667800000,,,15,,2,NGM,American Century Short Duration,50.6899,-0.045001984,-0.08870008,,NasdaqGM,0.32,65.71,36.95,52.04,50.64,4.7,us_market,0,finmb_1789354063,50.735,-0.045101166,2,2,50.6899,American Century Short Duration Strategic Income ETF,1789761600,50.72,50.64 - 50.72,50.64,99563,-0.01324158,-0.08889557,True,SDSI,,,,,2022-10-13,,,
Telecom,communication-services,18,ESPO,VanEck Video Gaming and eSports ETF,https://finance.yahoo.com/research-hub/screener/sec-ind_sec-top-etfs_communication-services/,2026-09-21T11:41:36+00:00,en-US,US,ETF,ETF,Delayed Quote,False,LOW,1.32,19.489378,33.3703,-1.92201,USD,0.0,19.299969,0.0,-5.88519,9.35646,9.35646,254046640.0,PRE,5.0155525,95.7084,1.0916061,0.011405542,95.27495,1.5250549,False,False,False,EDT,America/New_York,-14400000,97.13,15996,13710,[],11.870003,0.1397622,84.93 - 122.99,-26.189995,-0.2129441,-20.276726,1539783000000,-0.5600052,-0.57851774,15,96.24,2,NGM,VanEck Video Gaming and eSports,96.24,-0.8299942,-0.85014266,1789977619.0,NasdaqGM,0.55,94.63,93.85,122.99,84.93,1.32,us_market,0,finmb_571155624,97.63,-0.8299942,2,2,96.8,VanEck Video Gaming and eSports ETF,1789761601,97.13,96.39 - 97.13,96.39,9907,0.016006883,-0.85014266,True,ESPO,,,,,,,,
Telecom,communication-services,19,HYXF,iShares ESG Advanced High Yield Corporate Bond ETF,https://finance.yahoo.com/research-hub/screener/sec-ind_sec-top-etfs_communication-services/,2026-09-21T11:41:36+00:00,en-US,US,ETF,ETF,Delayed Quote,False,LOW,,,12.47404,2.90876,USD,0.0,,0.0,2.26385,1.07842,1.07842,195389872.0,PRE,,46.33454,-0.49184036,-0.010614983,46.72123,-0.8785286,False,False,False,EDT,America/New_York,-14400000,45.805,20234,18920,[],0.1427002,0.0031225425,45.7 - 47.62,-1.777298,-0.03732251,-3.6101758,1466170200000,,,15,,2,NGM,iShares ESG Advanced High Yield,45.8427,-0.15499878,-0.33710045,,NasdaqGM,0.35,59.5,33.38,47.62,45.7,6.04,us_market,0,finmb_331463865,45.98,-0.13729858,2,2,45.8427,iShares ESG Advanced High Yield Corporate Bond ETF,1789761600,45.87,45.79 - 45.87,45.79,8676,-0.018803628,-0.29860502,True,HYXF,,,,,,,,
Telecom,communication-services,20,NFXL,Direxion Daily NFLX Bull 2X Shares,https://finance.yahoo.com/research-hub/screener/sec-ind_sec-top-etfs_communication-services/,2026-09-21T11:41:36+00:00,en-US,US,ETF,ETF,Delayed Quote,False,LOW,3.87,25.510204,,,USD,0.0,19.727928,0.0,-36.22079,-16.36267,-16.36267,153485376.0,PRE,0.75679517,17.0352,-2.1051998,-0.1235794,24.00545,-9.075449,False,False,False,EDT,America/New_York,-14400000,14.68,1365631,1457190,[],2.3600006,0.18774866,12.57 - 60.205,-45.275,-0.752014,-74.742004,1727962200000,-0.030000687,-0.20094231,15,14.9,2,NGM,Direxion Daily NFLX Bull 2X ETF,14.9,-1.539999,-9.350328,1789990894.0,NasdaqGM,1.05,20.56,12.09,60.205,12.57,3.87,us_market,0,finmb_1791146326,16.47,-1.539999,2,2,14.93,Direxion Daily NFLX Bull 2X Shares,1789761600,15.175,14.2 - 15.175,14.2,4366282,-0.37805787,-9.350328,True,NFXL,,,,,,,,
Telecom,communication-services,21,PFRL,PGIM Floating Rate Income ETF,https://finance.yahoo.com/research-hub/screener/sec-ind_sec-top-etfs_communication-services/,2026-09-21T11:41:36+00:00,en-US,US,ETF,ETF,Delayed Quote,False,LOW,6.95,55.928412,,,USD,0.0,56.1692,0.0,4.22184,1.98786,1.98786,125495080.0,PRE,0.8886543,49.70136,0.21364212,0.0042985165,49.485554,0.42944717,False,False,False,EDT,America/New_York,-14400000,49.9,16057,20310,[],1.3150024,0.027057664,48.6 - 50.2,-0.28499985,-0.005677288,-0.45866966,1654003800000,,,15,,2,PCX,PGIM Floating Rate Income ETF,49.915,0.052002,0.10429,,NYSEArca,0.72,52.23,0.0,50.2,48.6,6.95,us_market,0,finmb_1774745699,49.863,0.052002,400,4900,49.915,PGIM Floating Rate Income ETF,1789760644,49.96,49.8601 - 49.96,49.8601,20227,0.008678233,0.10429,True,PFRL,,,,,,,,
Telecom,communication-services,22,BWET,Breakwave Tanker Shipping ETF,https://finance.yahoo.com/research-hub/screener/sec-ind_sec-top-etfs_communication-services/,2026-09-21T11:41:36+00:00,en-US,US,ETF,ETF,Nasdaq Real Time Price,False,LOW,0.0,9.99001,,,USD,0.0,20.907772,0.0,2100.8923,166.87994,166.87994,119096432.0,PRE,41.713676,398.19235,473.94766,1.190248,175.46065,696.6794,False,False,False,EDT,America/New_York,-14400000,790.0,213411,231730,[],858.56,63.222385,13.58 - 872.14,0.0,0.0,5822.8525,1683120600000,36.5,4.226983,15,900.0,2,PCX,Breakwave Tanker Shipping ETF,900.0,36.5,4.226983,1789989531.0,NYSEArca,3.5,0.0,0.0,872.14,13.58,0.0,us_market,0,finmb_1795951616,786.0,86.14,100,100,872.14,Breakwave Tanker Shipping ETF,1789761600,872.14,792.3001 - 872.14,792.3001,210123,3.9705734,10.9593,True,BWET,,,,,,,,
Telecom,communication-services,23,GXPC,Global X Purecap MSCI Communication Services ETF,https://finance.yahoo.com/research-hub/screener/sec-ind_sec-top-etfs_communication-services/,2026-09-21T11:41:36+00:00,en-US,US,ETF,ETF,Delayed Quote,False,LOW,0.32,17.283097,,,USD,0.0,17.929306,0.0,-0.68001,-8.64406,-8.64406,113400240.0,PRE,1.7022411,29.9021,0.61790085,0.02066413,30.14671,0.37329102,False,False,False,EDT,America/New_York,-14400000,31.08,169653,41030,[],4.3100014,0.16444111,26.21 - 33.52,-3.0,-0.0894988,6.545639,1753277400000,,,15,,2,PCX,Global X PureCap MSCI Communica,30.52,-0.23,-0.747966,,NYSEArca,0.15,47.62,0.0,33.52,26.21,0.32,us_market,0,finmb_1942486172,30.75,-0.23,100,100,30.52,Global X Purecap MSCI Communication Services ETF,1789761594,31.065,30.495 - 31.065,30.495,33733,0.012382479,-0.747966,True,GXPC,,,,,,,,
Telecom,communication-services,24,SOCL,Global X Social Media ETF,https://finance.yahoo.com/research-hub/screener/sec-ind_sec-top-etfs_communication-services/,2026-09-21T11:41:36+00:00,en-US,US,ETF,ETF,Delayed Quote,False,LOW,0.48,19.447686,30.935,-12.79483,USD,0.0,18.66711,0.0,-18.68255,-3.91496,-3.91496,87414192.0,PRE,2.324184,45.3888,-2.0030022,-0.044129875,48.26225,-4.8764496,False,False,False,EDT,America/New_York,-14400000,43.481,8303,5770,[],2.035801,0.0492334,41.35 - 62.58,-19.194202,-0.30671462,-29.630232,1321367400000,,,15,,2,NGM,Global X Social Media ETF,43.3858,-0.33509827,-0.7653266,,NasdaqGM,0.65,60.26,33.87,62.58,41.35,0.48,us_market,0,finmb_142953250,43.785,-0.39920044,2,2,43.3858,Global X Social Media ETF,1789761600,43.529,43.34 - 43.529,43.34,1931,-0.10104066,-0.91172874,True,SOCL,,,,,,1483660800.0,,
Telecom,communication-services,25,GOOW,Roundhill GOOGL WeeklyPay ETF,https://finance.yahoo.com/research-hub/screener/sec-ind_sec-top-etfs_communication-services/,2026-09-21T11:41:36+00:00,en-US,US,ETF,ETF,Delayed Quote,False,LOW,44.45,17.035775,,,USD,0.0,17.468779,0.0,6.38648,-13.96053,-13.96053,77752760.0,PRE,3.5108352,62.32956,-0.9995575,-0.016036652,68.18506,-6.855057,False,False,False,EDT,America/New_York,-14400000,62.52,26990,28350,[],7.1800003,0.13259465,54.15 - 83.171,-21.840996,-0.26260352,-2.8466403,1753363800000,0.28367996,0.46538234,15,61.24,2,BTS,Roundhill GOOGL WeeklyPay ETF,61.24,0.4836998,0.79626215,1789977603.0,Cboe US,1.0,62.94,0.0,83.171,54.15,44.45,us_market,0,finmb_1912172020,60.7463,0.583702,1700,1100,61.33,Roundhill GOOGL WeeklyPay ETF,1789761600,63.1158,61.0501 - 63.1158,61.0501,28792,-0.100536056,0.960885,True,GOOW,,,,,,,,
Telecom,communication-services,26,HYSA,Bondbloxx USD High Yield Bond Sector Rotation ETF,https://finance.yahoo.com/research-hub/screener/sec-ind_sec-top-etfs_communication-services/,2026-09-21T11:41:36+00:00,en-US,US,ETF,ETF,Delayed Quote,False,LOW,6.78,4.139072847682119,,,USD,0.0,3.9920542,0.0,1.97747,0.6377,0.6377,71170944.0,PRE,3.67232,14.81326,-0.1531601,-0.010339391,14.97615,-0.31604958,False,False,False,EDT,America/New_York,-14400000,14.7,57668,62410,[],0.040100098,0.0027428248,14.62 - 15.53,-0.86989975,-0.05601415,-4.3080926,1695130200000,,,15,,2,PCX,BondBloxx High Yield Income ETF,14.6601,-0.0249004,-0.169564,,NYSEArca,0.55,0.0,0.0,15.53,14.62,6.71,us_market,0,finmb_217443611,14.685,-0.0249004,100,100,14.6601,Bondbloxx USD High Yield Bond Sector Rotation ETF,1789761425,14.67,14.64 - 14.67,14.64,55752,-0.021103527,-0.169564,True,HYSA,,,,,,,,
Telecom,communication-services,27,HERO,Global X Video Games & Esports ETF,https://finance.yahoo.com/research-hub/screener/sec-ind_sec-top-etfs_communication-services/,2026-09-21T11:41:36+00:00,en-US,US,ETF,ETF,Delayed Quote,False,LOW,1.69,17.727353,,,USD,,17.648842,,-7.75553,7.15049,7.15049,64167520.0,PRE,1.5284289,26.56648,0.40851974,0.015377263,27.117985,-0.14298439,False,False,False,EDT,America/New_York,-14400000,26.93,19106,5280,[],3.5150013,0.14982955,23.46 - 34.32,-7.3449993,-0.21401513,-20.745682,1572528600000,0.40999985,1.5309926,15,27.19,2,NGM,Global X Video Games & Esports ,27.19,-0.46500015,-1.7067356,1789977921.0,NasdaqGM,0.5,34.04,18.75,34.32,23.46,1.69,us_market,0,finmb_634417691,27.245,-0.27000046,2,2,26.975,Global X Video Games & Esports ETF,1789761600,27.22,26.78 - 27.22,26.78,1202,-0.0052726776,-0.9910092,True,HERO,,,,,,,,
Telecom,communication-services,28,TRUC,VanEck Communication Services TruSector ETF,https://finance.yahoo.com/research-hub/screener/sec-ind_sec-top-etfs_communication-services/,2026-09-21T11:41:36+00:00,en-US,US,ETF,ETF,Nasdaq Real Time Price,False,LOW,,,,,USD,0.0,15.803153,0.0,,-6.07755,-6.07755,63234872.0,PRE,1.6122922,25.3538,0.12549973,0.0049499376,25.635714,-0.15641403,False,False,False,EDT,America/New_York,-14400000,25.96,47234,9450,[],2.369299,0.10252267,23.11 - 27.56,-2.0807,-0.0754971,1.4735222,1771511400000,,,15,,2,NGM,VanEck Communication Services T,25.4793,-0.34000015,-1.3168093,,NasdaqGM,0.14,32.46,18.87,27.56,23.11,,us_market,0,finmb_1956575313,25.82,-0.34070015,2,2,25.4793,VanEck Communication Services TruSector ETF,1789761600,25.96,25.4793 - 25.96,25.4793,9966,-0.0061014113,-1.3195204,True,TRUC,,,,,2026-02-19,,,
Telecom,communication-services,29,RSPC,Invesco S&P 500 Equal Weight Communication Services ETF,https://finance.yahoo.com/research-hub/screener/sec-ind_sec-top-etfs_communication-services/,2026-09-21T11:41:36+00:00,en-US,US,ETF,ETF,Delayed Quote,False,LOW,1.75,15.566625,17.59905,14.40213,USD,,15.036036,,-6.1778,-1.02379,-1.02379,57591372.0,PRE,2.3871584,36.5748,-0.6814003,-0.018630322,37.719,-1.8256035,False,False,False,EDT,America/New_York,-14400000,36.08,10590,5940,[],1.3933983,0.040388357,34.5 - 41.47,-5.576603,-0.13447317,-11.426455,1541601000000,,,15,,2,PCX,Invesco S&P 500 Equal Weight Co,35.8934,-0.502502,-1.38066,,NYSEArca,0.4,55.85,0.0,41.47,34.5,1.75,us_market,0,finmb_577411213,36.3959,-0.502502,200,300,35.8934,Invesco S&P 500 Equal Weight Communication Services ETF,1789760766,36.12,35.8934 - 36.12,35.8934,3303,-0.0484001,-1.38066,True,RSPC,,,,,,,,
Telecom,communication-services,30,FHYS,Federated Hermes Short Duration High Yield ETF,https://finance.yahoo.com/research-hub/screener/sec-ind_sec-top-etfs_communication-services/,2026-09-21T11:41:36+00:00,en-US,US,ETF,ETF,Nasdaq Real Time Price,False,LOW,,,,,USD,0.0,,0.0,2.67176,1.13835,1.13835,55101424.0,PRE,,22.99436,-0.10436058,-0.0045385296,23.141415,-0.25141525,False,False,False,EDT,America/New_York,-14400000,22.89,22887,26090,[],0.11999893,0.0052700453,22.77 - 23.47,-0.5799999,-0.024712397,-1.8018007,1639751400000,,,15,,2,PCX,Federated Hermes Short Duration,22.89,-0.00500107,-0.0218435,,NYSEArca,0.5,0.0,0.0,23.47,22.77,6.04,us_market,0,finmb_1679099574,22.895,-0.00500107,400,400,22.89,Federated Hermes Short Duration High Yield ETF,1789761600,22.91,22.86 - 22.91,22.86,52306,-0.010864299,-0.0218435,True,FHYS,,,,,,,,
Telecom,communication-services,31,GOOX,T-Rex 2X Long Alphabet Daily Target ETF,https://finance.yahoo.com/research-hub/screener/sec-ind_sec-top-etfs_communication-services/,2026-09-21T11:41:36+00:00,en-US,US,ETF,ETF,Delayed Quote,False,LOW,0.0,16.835017,,,USD,0.0,17.608942,0.0,-0.62983,-25.21814,-25.21814,50674544.0,PRE,4.1283,73.6544,-0.959404,-0.013025752,75.63142,-2.9364166,False,False,False,EDT,America/New_York,-14400000,75.89,95523,139250,[],30.994999,0.74328536,41.7 - 107.5,-34.805,-0.32376745,51.79578,1704983400000,1.2050018,1.657613,15,73.9,2,BTS,T-Rex 2X Long Alphabet Daily Ta,73.9,1.2509995,1.7208879,1789989766.0,Cboe US,1.05,73.85,74.0,107.5,41.7,0.0,us_market,0,finmb_1860883479,72.52,0.175003,1300,400,72.695,T-Rex 2X Long Alphabet Daily Target ETF,1789761585,77.1,72.5602 - 77.1,72.5602,130469,-0.038825355,0.241317,True,GOOX,,,,,,,,
Telecom,communication-services,32,GAMR,Amplify Video Game Leaders ETF,https://finance.yahoo.com/research-hub/screener/sec-ind_sec-top-etfs_communication-services/,2026-09-21T11:41:36+00:00,en-US,US,ETF,ETF,Delayed Quote,False,LOW,0.48,24.551927,77.96252,-16.89491,USD,0.0,24.623236,0.0,7.24332,4.90015,4.90015,39973528.0,PRE,3.964548,95.39666,2.223343,0.023306297,88.07314,9.54686,False,False,False,EDT,America/New_York,-14400000,97.215,1028,610,[],26.190002,0.3666527,71.43 - 103.93,-6.3099976,-0.060713917,1.0977626,1457620200000,,,15,,2,PCX,Amplify Video Game Leaders ETF,97.62,-0.464699,-0.473773,,NYSEArca,0.59,155.21,39.25,103.93,71.43,0.48,us_market,0,finmb_320598315,98.0847,-0.464699,500,200,97.62,Amplify Video Game Leaders ETF,1789755348,97.62,97.215 - 97.62,97.215,556,0.10839695,-0.473773,True,GAMR,,,,,,,,
Telecom,communication-services,33,BDRY,Breakwave Dry Bulk Shipping ETF,https://finance.yahoo.com/research-hub/screener/sec-ind_sec-top-etfs_communication-services/,2026-09-21T11:41:36+00:00,en-US,US,ETF,ETF,Nasdaq Real Time Price,False,LOW,0.0,9.99001,24.08663,273.8438,USD,0.0,10.190448,0.0,76.26444,18.93344,18.93344,34674844.0,PRE,1.5426211,14.23584,1.4841604,0.10425521,11.782895,3.9371052,False,False,False,EDT,America/New_York,-14400000,15.77,53476,106080,[],8.31,1.1214576,7.41 - 16.71,-0.9899988,-0.059245892,95.037224,1521725400000,0.24599934,1.5565637,15,16.05,2,PCX,Breakwave Dry Bulk Shipping ETF,16.05,0.24599934,1.5565637,1789989174.0,NYSEArca,3.5,15.96,0.0,16.71,7.41,0.0,us_market,0,finmb_539579359,15.79,-0.0699997,800,200,15.72,Breakwave Dry Bulk Shipping ETF,1789761600,15.845,15.64 - 15.845,15.64,76638,0.33413735,-0.443317,True,BDRY,,,,,,,,
Telecom,communication-services,34,GOLS,Gabelli Opportunities in Live and Sports ETF,https://finance.yahoo.com/research-hub/screener/sec-ind_sec-top-etfs_communication-services/,2026-09-21T11:41:36+00:00,en-US,US,EQUITY,Equity,Delayed Quote,False,LOW,,,,,USD,0.0,,0.0,,,,,PRE,,26.7093,-0.7377987,-0.027623288,25.718391,0.25310898,False,False,False,EDT,America/New_York,-14400000,26.0099,4615,2850,[],2.3215008,0.098160714,23.65 - 27.975,-2.0035,-0.071617514,3.6227226,1767364200000,,,15,,2,PCX,Gabelli Opportunities in Live a,25.9715,-0.1285,-0.492337,,NYSEArca,,41.29,10.45,27.975,23.65,,us_market,0,finmb_1965942755,26.1,-0.1285,600,100,25.9715,Gabelli Opportunities in Live and Sports ETF,1789761405,26.0099,25.9715 - 26.0099,25.9715,3500,0.009841556,-0.492337,True,GOLS,,,,,,,2026-09-21,Gabelli ETFs Trust - Opportunities In Live and Sports ETF
Telecom,communication-services,35,MUSQ,MUSQ Global Music Industry Index ETF,https://finance.yahoo.com/research-hub/screener/sec-ind_sec-top-etfs_communication-services/,2026-09-21T11:41:36+00:00,en-US,US,ETF,ETF,Delayed Quote,False,LOW,0.69,23.99808,,,USD,0.0,23.426699,0.0,-8.92286,-2.99129,-2.99129,21262392.0,PRE,1.0675853,25.48028,-0.4702797,-0.018456614,26.14946,-1.1394596,False,False,False,EDT,America/New_York,-14400000,25.865,1369,250,[],1.7919998,0.07718149,23.218 - 30.45,-5.4400005,-0.17865354,-17.136044,1688736600000,,,15,,2,PCX,MUSQ Global Music Industry Inde,25.01,-0.271799,-1.07508,,NYSEArca,0.75,39.02,0.0,30.45,23.218,0.69,us_market,0,finmb_1834768719,25.2818,-0.271799,3300,3300,25.01,MUSQ Global Music Industry Index ETF,1789409215,25.01,25.01 - 25.01,25.01,97,-0.04357488,-1.07508,True,MUSQ,,,,,,,,
Telecom,communication-services,36,NERD,Roundhill Video Games ETF,https://finance.yahoo.com/research-hub/screener/sec-ind_sec-top-etfs_communication-services/,2026-09-21T11:41:36+00:00,en-US,US,ETF,ETF,Delayed Quote,False,LOW,0.67,17.280111,,,USD,0.0,17.179792,0.0,-6.63536,10.36484,10.36484,15287605.0,PRE,1.2998353,21.837,0.4939003,0.02261759,21.86248,0.46842003,False,False,False,EDT,America/New_York,-14400000,22.27,1488,1470,[],3.3209,0.17469226,19.01 - 28.34,-6.0091,-0.21203598,-21.07793,1559655000000,,,15,,2,BTS,Roundhill Video Games ETF,22.3309,-0.1929,-0.856426,,Cboe US,0.5,34.84,0.0,28.34,19.01,0.67,us_market,0,finmb_611099637,22.5238,-0.1929,100,1000,22.3309,Roundhill Video Games ETF,1789761177,22.3309,22.29 - 22.3309,22.29,591,0.02142575,-0.856426,True,NERD,,,,,2023-11-27,,,
Telecom,communication-services,37,LTL,ProShares Ultra Communication Services,https://finance.yahoo.com/research-hub/screener/sec-ind_sec-top-etfs_communication-services/,2026-09-21T11:41:36+00:00,en-US,US,ETF,ETF,Nasdaq Real Time Price,False,LOW,1.01,15.379883,62.11052,40.21249,USD,,15.123016,,-14.20966,-8.96147,-8.96147,6297074.0,PRE,1.574752,24.1836,-0.36859894,-0.015241691,26.0317,-2.2166996,False,False,False,EDT,America/New_York,-14400000,24.02,7739,18590,[],1.9350014,0.088437,21.88 - 29.67,-5.8549995,-0.19733736,-18.834656,1211463000000,,,15,,2,PCX,ProShares Ultra Communication S,23.815,-0.664999,-2.7165,,NYSEArca,0.95,38.1,9.58,29.67,21.88,1.01,us_market,0,finmb_42749685,24.48,-0.664999,200,200,23.815,ProShares Ultra Communication Services,1789761000,24.114,23.815 - 24.114,23.815,53950,-0.085153855,-2.7165,True,LTL,,,,,,,,
Telecom,communication-services,38,BNGE,First Trust S-Network Streaming & Gaming ETF,https://finance.yahoo.com/research-hub/screener/sec-ind_sec-top-etfs_communication-services/,2026-09-21T11:41:36+00:00,en-US,US,ETF,ETF,Delayed Quote,False,LOW,0.37,19.190175,,,USD,0.0,18.408243,0.0,-12.82644,6.13416,6.13416,4901487.0,PRE,1.7084628,32.0798,-0.62999916,-0.019638501,32.73776,-1.2879581,False,False,False,EDT,America/New_York,-14400000,32.56,796,980,[],2.0608006,0.07012149,29.389 - 41.04,-9.5902,-0.23367934,-22.536945,1643985000000,,,15,,2,PCX,First Trust S-Network Streaming,31.4498,-0.578001,-1.80469,,NYSEArca,0.7,0.0,0.0,41.04,29.389,0.37,us_market,0,finmb_706895670,32.0278,-0.578001,400,100,31.4498,First Trust S-Network Streaming & Gaming ETF,1789486680,31.4498,31.4498 - 31.4498,31.4498,22,-0.039341673,-1.80469,True,BNGE,,,,,,,,
Telecom,communication-services,39,XLCI,State Street Communication Services Select Sector SPDR Premium Income ETF,https://finance.yahoo.com/research-hub/screener/sec-ind_sec-top-etfs_communication-services/,2026-09-21T11:41:36+00:00,en-US,US,EQUITY,Equity,Delayed Quote,False,LOW,,,,,USD,0.0,15.280285,0.0,,,,,PRE,1.5406322,23.5921,-0.050800323,-0.002153277,24.39008,-0.8487797,False,False,False,EDT,America/New_York,-14400000,23.6,2857,2320,[],0.9312992,0.041189704,22.61 - 26.1,-2.5587006,-0.0980345,-9.582883,1753882200000,,,15,,2,PCX,State Street Communication Serv,23.5413,-0.2724,-1.14388,,NYSEArca,,0.0,0.0,26.1,22.61,,us_market,0,finmb_1945107070,23.8137,-0.2724,100,1100,23.5413,State Street Communication Services Select Sector SPDR Premium Income ETF,1789761062,23.6,23.5413 - 23.6,23.5413,1250,-0.0348002,-1.14388,True,XLCI,,,,,,,2026-09-21,Select Sector SPDR Trust - The Communication Services Select Sector SPDR Premium Income Fund
Telecom,communication-services,40,MEIB,Direxion META Defined Income Boost ETF,https://finance.yahoo.com/research-hub/screener/sec-ind_sec-top-etfs_communication-services/,2026-09-21T11:41:36+00:00,en-US,US,ETF,ETF,Nasdaq Real Time Price,False,LOW,,,,,USD,,24.71341,,,,,2402024.0,PRE,1.1145285,24.99081,2.55299,0.10215715,24.99081,2.55299,False,False,False,EDT,America/New_York,-14400000,27.8,467,980,[],4.8838005,0.21552518,22.66 - 28.36,-0.81620026,-0.02877998,11.860275,1785331800000,,,15,,2,BTS,Direxion META Defined Income Bo,27.5438,-0.812,-2.86361,,Cboe US,0.97,42.98,0.0,28.36,22.66,,us_market,0,finmb_1997619225,28.3558,-0.812,200,100,27.5438,Direxion META Defined Income Boost ETF,1789760424,27.5438,27.5438 - 27.5438,27.5438,207,0.10215715,-2.86361,True,MEIB,,,,,,,,
Telecom,communication-services,41,GOIB,Direxion GOOGL Defined Income Boost ETF,https://finance.yahoo.com/research-hub/screener/sec-ind_sec-top-etfs_communication-services/,2026-09-21T11:41:36+00:00,en-US,US,ETF,ETF,Nasdaq Real Time Price,False,LOW,,,,,USD,0.0,17.468935,0.0,,,,1940056.0,PRE,1.4234984,24.925406,-0.058404922,-0.0023431885,24.925406,-0.058404922,False,False,False,EDT,America/New_York,-14400000,24.94,691,610,[],1.2870007,0.05458018,23.58 - 27.88,-3.0129986,-0.108070254,-1.3877869,1785331800000,,,15,,2,BTS,Direxion GOOGL Defined Income B,24.867,0.220501,0.894654,,Cboe US,0.97,0.0,0.0,27.88,23.58,,us_market,0,finmb_1997619257,24.6465,0.220501,100,100,24.867,Direxion GOOGL Defined Income Boost ETF,1789752629,24.94,24.867 - 24.94,24.867,1107,-0.0023431885,0.894654,True,GOIB,,,,,,,,
Telecom,communication-services,42,KBDU,KraneShares 2x Long BIDU Daily ETF,https://finance.yahoo.com/research-hub/screener/sec-ind_sec-top-etfs_communication-services/,2026-09-21T11:41:36+00:00,en-US,US,ETF,ETF,Nasdaq Real Time Price,False,LOW,,,,,USD,0.0,23.733492,0.0,-58.68438,-54.947,-54.947,637544.0,PRE,0.47143927,14.90072,-3.7118196,-0.24910338,24.5521,-13.363199,False,False,False,EDT,America/New_York,-14400000,11.24,2247,4510,[],0.29590034,0.027164266,10.893 - 46.986,-35.7971,-0.76186734,-51.23769,1763735400000,,,15,,2,NGM,KraneShares 2x Long BIDU Daily ,11.1889,-0.009999275,-0.08904074,,NasdaqGM,1.25,24.19,13.62,46.986,10.893,,us_market,0,finmb_1903082696,11.23,-0.04109955,1,2,11.1889,KraneShares 2x Long BIDU Daily ETF,1789761600,11.25,11.1889 - 11.25,11.1889,715,-0.5442793,-0.36597997,True,KBDU,,,,,2025-11-20,,,
