sector,yahoo_sector_key,rank,ticker,etf_name,source_url,retrieved_at_utc,screen_language,screen_region,screen_quote_type,screen_type_disp,screen_quote_source_name,screen_triggerable,screen_custom_price_alert_confidence,screen_currency,screen_ask,screen_bid,screen_exchange,screen_fifty_two_week_high,screen_fifty_two_week_low,screen_dividend_yield,screen_short_name,screen_fullday_price,screen_fullday_change,screen_fullday_change_percent,screen_net_expense_ratio,screen_has_pre_post_market_data,screen_first_trade_date_milliseconds,screen_price_hint,screen_regular_market_change_percent,screen_pre_market_change,screen_pre_market_change_percent,screen_pre_market_time,screen_pre_market_price,screen_regular_market_change,screen_regular_market_time,screen_regular_market_price,screen_regular_market_day_high,screen_regular_market_day_range,screen_regular_market_day_low,screen_regular_market_volume,screen_regular_market_previous_close,screen_bid_size,screen_ask_size,screen_market,screen_message_board_id,screen_full_exchange_name,screen_long_name,screen_regular_market_open,screen_average_daily_volume3_month,screen_average_daily_volume10_day,screen_corporate_actions,screen_fifty_two_week_low_change,screen_fifty_two_week_low_change_percent,screen_fifty_two_week_range,screen_fifty_two_week_high_change,screen_fifty_two_week_high_change_percent,screen_fifty_two_week_change_percent,screen_trailing_pe,screen_ytd_return,screen_trailing_three_month_returns,screen_trailing_three_month_nav_returns,screen_net_assets,screen_market_state,screen_eps_trailing_twelve_months,screen_fifty_day_average,screen_fifty_day_average_change,screen_fifty_day_average_change_percent,screen_two_hundred_day_average,screen_two_hundred_day_average_change,screen_two_hundred_day_average_change_percent,screen_source_interval,screen_exchange_data_delayed_by,screen_exchange_timezone_name,screen_exchange_timezone_short_name,screen_gmt_off_set_milliseconds,screen_esg_populated,screen_tradeable,screen_crypto_tradeable,screen_symbol,screen_dividend_date,screen_trailing_annual_dividend_rate,screen_trailing_annual_dividend_yield,screen_prev_name,screen_name_change_date,screen_display_name,screen_financial_currency,screen_ipo_expected_date
Utilities Infrastructure,utilities_infrastructure,1,PAVE,Global X U.S. Infrastructure Development ETF,Yahoo Finance custom ETF screener,2026-09-28T12:36:45+00:00,en-US,US,ETF,ETF,Delayed Quote,False,LOW,USD,0.0,0.0,BTS,60.43,45.44,0.79,Global X U.S. Infrastructure De,53.2,0.022003174,0.041146655,0.47,True,1488983400000,2,0.753724,-0.27000046,-0.5049569,1790593413.0,53.2,0.400002,1790366400,53.47,53.6399,53.0375 - 53.6399,53.0375,1556687,53.07,800,3000,us_market,finmb_415556335,Cboe US,Global X U.S. Infrastructure Development ETF,53.33,1728673,1395410,[],8.030003,0.17671661,45.44 - 60.43,-6.959999,-0.11517457,13.16402,27.49687,14.68662,-2.7068,-2.7068,13504796700.0,PRE,1.944585,55.8172,-2.3471985,-0.042051528,54.264126,-0.7941246,-0.014634431,15,0,America/New_York,EDT,-14400000,False,False,False,PAVE,,,,,,,,
Utilities Infrastructure,utilities_infrastructure,2,GRID,First Trust NASDAQ Clean Edge Smart Grid Infrastructure Index Fund,Yahoo Finance custom ETF screener,2026-09-28T12:36:45+00:00,en-US,US,ETF,ETF,Delayed Quote,False,LOW,USD,188.6,186.41,NGM,199.99,144.62,0.8,First Trust NASDAQ Clean Edge S,181.0,1.3100128,0.73488885,0.56,True,1258468200000,2,0.73488885,1.4299927,0.79634273,1790598598.0,181.0,1.3100128,1790366401,179.57,180.08,178.25 - 180.08,178.25,227446,178.26,2,2,us_market,finmb_79682012,NasdaqGM,First Trust NASDAQ Clean Edge Smart Grid Infrastructure Index Fund,178.96,578147,523720,[],34.950012,0.24166791,144.62 - 199.99,-20.419998,-0.102105096,19.985294,29.390211,17.02654,-7.15269,-7.15269,11838994400.0,PRE,6.1098576,180.1978,-0.62779236,-0.0034839069,176.34555,3.2244568,0.018284878,15,0,America/New_York,EDT,-14400000,False,False,False,GRID,1483056000.0,,,,,,,
Utilities Infrastructure,utilities_infrastructure,3,IGF,iShares Global Infrastructure ETF,Yahoo Finance custom ETF screener,2026-09-28T12:36:45+00:00,en-US,US,ETF,ETF,Nasdaq Real Time Price,False,LOW,USD,66.19,65.95,NGM,69.6,60.58,2.96,iShares Global Infrastructure E,62.38,0.15999985,0.25715178,0.37,True,1197469800000,2,0.25715178,0.0,0.0,1790597392.0,62.38,0.15999985,1790366401,62.38,62.44,62.035 - 62.44,62.035,1401737,62.22,6,3,us_market,finmb_39460755,NasdaqGM,iShares Global Infrastructure ETF,62.44,823852,953060,[],1.7999992,0.029712763,60.58 - 69.6,-7.2199974,-0.103735596,2.413392,19.43242,7.45489,-0.88225,-0.88225,10484185100.0,PRE,3.2100992,65.3328,-2.9528008,-0.0451963,65.7563,-3.3763008,-0.05134566,15,0,America/New_York,EDT,-14400000,False,False,False,IGF,1529884800.0,,,,,,,
Utilities Infrastructure,utilities_infrastructure,4,IFRA,iShares U.S. Infrastructure ETF,Yahoo Finance custom ETF screener,2026-09-28T12:36:45+00:00,en-US,US,ETF,ETF,Delayed Quote,False,LOW,USD,58.85,55.0,BTS,64.25,50.66,1.66,iShares U.S. Infrastructure ETF,55.7,0.209999,0.378445,0.3,True,1522935000000,2,0.378445,,,,,0.209999,1790366400,55.7,55.78,55.25 - 55.78,55.25,253897,55.49,2600,100,us_market,finmb_546589016,Cboe US,iShares U.S. Infrastructure ETF,55.54,401950,278450,[],5.040001,0.09948679,50.66 - 64.25,-8.549999,-0.13307391,6.0548306,21.704582,12.47507,-3.24562,-3.24562,4193918460.0,PRE,2.5662785,59.669,-3.968998,-0.06651692,59.01585,-3.3158493,-0.05618574,15,0,America/New_York,EDT,-14400000,False,False,False,IFRA,,0.0,0.0,,,,,
Utilities Infrastructure,utilities_infrastructure,5,NFRA,Northern Trust STOXX Global Broad Infrastructure ETF,Yahoo Finance custom ETF screener,2026-09-28T12:36:45+00:00,en-US,US,ETF,ETF,Delayed Quote,False,LOW,USD,66.98,59.76,PCX,67.36,59.6,5.64,Northern Trust STOXX Global Bro,63.5,0.139999,0.220959,0.47,True,1381325400000,2,0.220959,,,,,0.139999,1790366400,63.5,63.53,63.23 - 63.53,63.23,43341,63.36,400,300,us_market,finmb_243871626,NYSEArca,Northern Trust STOXX Global Broad Infrastructure ETF,63.43,63531,50580,[],3.9000015,0.06543627,59.6 - 67.36,-3.8600006,-0.057304047,1.3082266,16.911747,9.93701,0.49162,0.49162,3077518340.0,PRE,3.7547865,65.4278,-1.927803,-0.029464584,64.4585,-0.9585037,-0.0148700895,15,0,America/New_York,EDT,-14400000,False,False,False,NFRA,,0.0,0.0,,,,,
Utilities Infrastructure,utilities_infrastructure,6,BKGI,Bny Mellon Global Infrastructure Income ETF,Yahoo Finance custom ETF screener,2026-09-28T12:36:45+00:00,en-US,US,ETF,ETF,Delayed Quote,False,LOW,USD,0.0,40.74,BTS,46.84,38.33,2.95,BNY Mellon Global Infrastructur,42.77,-0.0499992,-0.116766,0.55,True,1667568600000,2,-0.116766,,,,,-0.0499992,1790366400,42.77,42.865,42.54 - 42.865,42.54,339988,42.82,300,1500,us_market,finmb_1794058959,Cboe US,Bny Mellon Global Infrastructure Income ETF,42.81,484247,1023880,[],4.4399986,0.11583612,38.33 - 46.84,-4.0699997,-0.08689154,10.394133,18.113495,11.87838,-0.81178,-0.81178,1576524160.0,PRE,2.361223,44.5334,-1.763401,-0.03959727,44.10415,-1.3341484,-0.030249953,15,0,America/New_York,EDT,-14400000,False,False,False,BKGI,,0.0,0.0,,,,,
Utilities Infrastructure,utilities_infrastructure,7,GII,State Street SPDR S&P Global Infrastructure ETF,Yahoo Finance custom ETF screener,2026-09-28T12:36:45+00:00,en-US,US,ETF,ETF,Nasdaq Real Time Price,False,LOW,USD,0.0,66.79,PCX,78.95,69.01,2.73,State Street SPDR S&P Global In,70.98,0.32,0.452872,0.4,True,1170253800000,2,0.452872,,,,,0.32,1790366400,70.98,70.98,70.5112 - 70.98,70.5112,54662,70.66,600,400,us_market,finmb_32430849,NYSEArca,State Street SPDR S&P Global Infrastructure ETF,70.94,43561,35970,[],1.9700012,0.028546603,69.01 - 78.95,-7.9699936,-0.10094989,2.6167393,19.431808,7.27075,-1.0199,-1.0199,941213120.0,PRE,3.6527739,74.3478,-3.3677979,-0.04529788,74.71565,-3.735649,-0.049998213,15,0,America/New_York,EDT,-14400000,False,False,False,GII,,,,,,,,
Utilities Infrastructure,utilities_infrastructure,8,POWR,iShares U.S. Power Infrastructure ETF,Yahoo Finance custom ETF screener,2026-09-28T12:36:45+00:00,en-US,US,EQUITY,Equity,Nasdaq Real Time Price,False,LOW,USD,24.7,24.07,PCX,28.44,23.18,,iShares U.S. Power Infrastructu,24.49,0.020000458,0.081734605,,True,1328193000000,2,0.246008,0.020000458,0.081734605,1790596772.0,24.49,0.0600014,1790366400,24.45,24.505,24.28 - 24.505,24.28,227883,24.39,100,200,us_market,finmb_160288000,NYSEArca,iShares U.S. Power Infrastructure ETF,24.43,234106,204160,[],1.2700005,0.05478863,23.18 - 28.44,-3.9899998,-0.14029534,-3.436017,18.827997,,,,,PRE,1.298598,25.906,-1.4559994,-0.05620317,26.11165,-1.6616497,-0.06363633,15,0,America/New_York,EDT,-14400000,False,False,False,POWR,,0.0,0.0,"iShares, Inc. - iShares MSCI Global Energy Producers ETF",2026-09-28,iShares,,
Utilities Infrastructure,utilities_infrastructure,9,TCAI,Tortoise AI Infrastructure ETF,Yahoo Finance custom ETF screener,2026-09-28T12:36:45+00:00,en-US,US,ETF,ETF,Delayed Quote,False,LOW,USD,0.0,0.0,NYQ,58.63,27.46,0.03,Tortoise AI Infrastructure ETF,48.12,0.52,1.09244,0.65,True,1754400600000,2,1.09244,,,,,0.52,1790366402,48.12,48.55,47.745 - 48.55,47.745,38714,47.6,100,200,us_market,finmb_1951086335,NYSE,Tortoise AI Infrastructure ETF,48.04,81958,47640,[],20.66,0.7523671,27.46 - 58.63,-10.510002,-0.17925979,64.17605,33.970127,52.33212,-16.40424,-16.40424,230074784.0,PRE,1.4165387,47.08546,1.0345383,0.021971501,42.485924,5.634075,0.1326104,15,0,America/New_York,EDT,-14400000,False,False,False,TCAI,,0.0,0.0,,,AIMTC,USD,
Utilities Infrastructure,utilities_infrastructure,10,TOLZ,ProShares DJ Brookfield Global Infrastructure ETF,Yahoo Finance custom ETF screener,2026-09-28T12:36:45+00:00,en-US,US,ETF,ETF,Delayed Quote,False,LOW,USD,58.38,52.09,PCX,62.22,52.39,3.01,ProShares DJ Brookfield Global ,55.2603,-0.2136,-0.385046,0.46,True,1395927000000,2,-0.385046,,,,,-0.2136,1790366007,55.2603,55.35,54.97 - 55.35,54.97,8252,55.4739,300,100,us_market,finmb_257194174,NYSEArca,ProShares DJ Brookfield Global Infrastructure ETF,55.11,15587,16420,[],2.8703003,0.054787178,52.39 - 62.22,-6.9597015,-0.11185634,2.637446,17.71678,10.7566,-0.44407,-0.44407,173735904.0,PRE,3.119094,58.8246,-3.5643005,-0.060592007,58.88835,-3.6280518,-0.06160899,15,0,America/New_York,EDT,-14400000,False,False,False,TOLZ,,0.0,0.0,,,,,
Utilities Infrastructure,utilities_infrastructure,11,BLDX,Impax Global Sustainable Infrastructure ETF,Yahoo Finance custom ETF screener,2026-09-28T12:36:45+00:00,en-US,US,ETF,ETF,Delayed Quote,False,LOW,USD,0.0,0.0,PCX,32.25,24.5,2.15,Impax Global Sustainable Infras,24.7892,0.0895996,0.362757,0.6,True,1770129000000,2,0.362757,,,,,0.0895996,1790279862,24.7892,24.7892,24.7892 - 24.7892,24.7892,183,24.6996,200,200,us_market,finmb_1965637346,NYSEArca,Impax Global Sustainable Infrastructure ETF,24.77,12133,60980,[],0.28919983,0.011804075,24.5 - 32.25,-7.4608,-0.23134264,-2.1704793,21.128986,9.75001,-1.00637,-1.00637,118011912.0,PRE,1.1732318,25.9048,-1.1156006,-0.0430654,26.22368,-1.4344807,-0.05470173,15,0,America/New_York,EDT,-14400000,False,False,False,BLDX,,0.0,0.0,,,,,
Utilities Infrastructure,utilities_infrastructure,12,BILT,iShares Infrastructure Active ETF,Yahoo Finance custom ETF screener,2026-09-28T12:36:45+00:00,en-US,US,ETF,ETF,Delayed Quote,False,LOW,USD,0.0,0.0,BTS,29.8,23.96,2.08,iShares Infrastructure Active E,25.99,0.0200005,0.0770137,0.6,True,1753968600000,2,0.0770137,,,,,0.0200005,1790366400,25.99,26.0299,25.88 - 26.0299,25.88,16171,25.97,200,400,us_market,finmb_1943728272,Cboe US,iShares Infrastructure Active ETF,25.95,65960,38530,[],2.0300007,0.084724575,23.96 - 29.8,-3.8099995,-0.12785234,0.8889437,19.35819,11.43635,-1.29936,-1.29936,113349296.0,PRE,1.3425841,27.68846,-1.6984596,-0.06134179,28.04017,-2.050171,-0.07311549,15,0,America/New_York,EDT,-14400000,False,False,False,BILT,,0.0,0.0,,,,,
Utilities Infrastructure,utilities_infrastructure,13,NFRX,Harrison Street Infrastructure Active ETF,Yahoo Finance custom ETF screener,2026-09-28T12:36:45+00:00,en-US,US,ETF,ETF,Nasdaq Real Time Price,False,LOW,USD,34.15,19.33,NGM,27.81,24.71,,Harrison Street Infrastructure ,24.7546,0.07550049,0.30352563,0.8,True,1769783400000,2,-0.4819653,,,,,-0.1198864,1790366400,24.7546,24.7546,24.7546 - 24.7546,24.7546,12,24.874487,2,2,us_market,finmb_1973955456,NasdaqGM,Harrison Street Infrastructure Active ETF,24.7546,6165,400,[],0.04460144,0.0018049956,24.71 - 27.81,-3.055399,-0.10986692,-1.7077029,19.261335,,-0.12135,-0.12135,113194936.0,PRE,1.2851964,26.3064,-1.5517998,-0.05898944,26.633272,-1.8786716,-0.07053852,15,0,America/New_York,EDT,-14400000,False,False,False,NFRX,,0.0,0.0,,,,,2026-01-30
Utilities Infrastructure,utilities_infrastructure,14,KWH,GMO Power Infrastructure ETF,Yahoo Finance custom ETF screener,2026-09-28T12:36:45+00:00,en-US,US,ETF,ETF,Delayed Quote,False,LOW,USD,37.14,0.0,PCX,25.78,23.68,,GMO Power Infrastructure ETF,23.8017,0.0762997,0.321595,0.6,True,1784122200000,2,0.321595,,,,,0.0762997,1790354951,23.8017,23.8017,23.695 - 23.8017,23.695,2822,23.7254,900,900,us_market,finmb_2002791385,NYSEArca,GMO Power Infrastructure ETF,23.73,47323,2090,[],0.12170029,0.00513937,23.68 - 25.78,-1.9783001,-0.076737784,-4.799998,20.886747,,,,57536064.0,PRE,1.13956,24.7324,-0.9307003,-0.03763081,24.736538,-0.93483734,-0.037791763,15,0,America/New_York,EDT,-14400000,False,False,False,KWH,,0.0,0.0,,,,,
Utilities Infrastructure,utilities_infrastructure,15,GLIX,Lazard Listed Infrastructure ETF,Yahoo Finance custom ETF screener,2026-09-28T12:36:45+00:00,en-US,US,ETF,ETF,Nasdaq Real Time Price,False,LOW,USD,0.0,0.0,PCX,30.47,24.74,,Lazard Listed Infrastructure ET,25.54,-0.0149994,-0.0586945,0.96,True,1759757400000,2,-0.0586945,,,,,-0.0149994,1790366386,25.54,25.54,25.38 - 25.54,25.38,25156,25.555,200,300,us_market,finmb_1945638127,NYSEArca,Lazard Listed Infrastructure ETF,25.43,16004,13540,[],0.80000114,0.032336343,24.74 - 30.47,-4.9299984,-0.16179845,1.7570376,19.441143,9.01796,-0.81299,-0.81299,46994420.0,PRE,1.3137088,27.02494,-1.4849396,-0.054947007,26.84134,-1.3013382,-0.04848261,15,0,America/New_York,EDT,-14400000,False,False,False,GLIX,,0.0,0.0,,,,,
Utilities Infrastructure,utilities_infrastructure,16,CSIO,Cohen & Steers Infrastructure Opportunities Active ETF,Yahoo Finance custom ETF screener,2026-09-28T12:36:45+00:00,en-US,US,EQUITY,Equity,Delayed Quote,False,LOW,USD,0.0,0.0,PCX,30.57,24.81,,Cohen & Steers Infrastructure O,27.1248,-0.030201,-0.111217,,True,1765463400000,2,-0.111217,,,,,-0.030201,1790360144,27.1248,27.1248,27.0444 - 27.1248,27.0444,27824,27.155,200,1100,us_market,finmb_1957323630,NYSEArca,Cohen & Steers Infrastructure Opportunities Active ETF,27.045,12984,26390,[],2.3148003,0.0933011,24.81 - 30.57,-3.4452,-0.11269873,7.938719,17.594353,,,,,PRE,1.5416764,28.4142,-1.2894001,-0.045378722,27.815687,-0.69088745,-0.02483805,15,0,America/New_York,EDT,-14400000,False,False,False,CSIO,,0.0,0.0,,,,,
Utilities Infrastructure,utilities_infrastructure,17,RIFR,Russell Investments Global Infrastructure ETF,Yahoo Finance custom ETF screener,2026-09-28T12:36:45+00:00,en-US,US,ETF,ETF,Nasdaq Real Time Price,False,LOW,USD,36.53,20.76,NGM,29.34,25.495,0.88,Russell Investments Global Infr,26.9116,-0.045000076,-0.1671312,0.59,True,1747229400000,2,-0.049764622,,,,,-0.013399124,1790366400,26.9116,26.9116,26.79 - 26.9116,26.79,3494,26.925,2,2,us_market,finmb_1913357558,NasdaqGM,Russell Investments Global Infrastructure ETF,26.86,4350,3990,[],1.4165993,0.055563807,25.495 - 29.34,-2.4284,-0.08276755,4.128456,20.879946,11.00664,1.29509,1.29509,44185600.0,PRE,1.2888731,28.46912,-1.5575199,-0.0547091,27.972355,-1.0607548,-0.03792154,15,0,America/New_York,EDT,-14400000,False,False,False,RIFR,,0.0,0.0,,,,,
Utilities Infrastructure,utilities_infrastructure,18,SIMS,State Street SPDR S&P Kensho Intelligent Structures ETF,Yahoo Finance custom ETF screener,2026-09-28T12:36:45+00:00,en-US,US,ETF,ETF,Nasdaq Real Time Price,False,LOW,USD,67.95,17.19,PCX,48.576,40.0,0.58,State Street SPDR S&P Kensho In,42.7413,0.451298,1.06715,0.45,True,1514385000000,2,1.06715,,,,,0.451298,1790359196,42.7413,42.7413,42.5998 - 42.7413,42.5998,1220,42.29,100,100,us_market,finmb_539411039,NYSEArca,State Street SPDR S&P Kensho Intelligent Structures ETF,42.5998,576,810,[],2.7412987,0.06853247,40.0 - 48.576,-5.8347015,-0.1201149,1.3804913,21.89615,3.28917,-7.06441,-7.06441,8208943.0,PRE,1.9520005,44.13234,-1.3910408,-0.03151976,44.57034,-1.8290405,-0.04103717,15,0,America/New_York,EDT,-14400000,False,False,False,SIMS,,0.0,0.0,,,,,
Utilities Infrastructure,utilities_infrastructure,19,EFRA,iShares Environmental Infrastructure and Industrials ETF,Yahoo Finance custom ETF screener,2026-09-28T12:36:45+00:00,en-US,US,ETF,ETF,Delayed Quote,False,LOW,USD,36.69,36.23,NGM,37.455,32.412,1.59,iShares Environmental Infrastru,34.6913,-0.010002136,-0.028841224,0.47,True,1667482200000,2,0.03258112,,,,,0.011299133,1790366400,34.6913,34.6913,34.46 - 34.6913,34.46,844,34.68,5,5,us_market,finmb_1802093055,NasdaqGM,iShares Environmental Infrastructure and Industrials ETF,34.46,926,280,[],2.2793007,0.070322745,32.412 - 37.455,-2.7637024,-0.07378727,2.1916509,20.532299,8.16158,3.65299,3.65299,5693314.0,PRE,1.6895964,35.62728,-0.93598175,-0.02627149,35.22856,-0.53726196,-0.01525075,15,0,America/New_York,EDT,-14400000,False,False,False,EFRA,,0.0,0.0,,,,,2022-11-03
Utilities Infrastructure,utilities_infrastructure,20,IPAV,Global X Infrastructure Development ex-U.S. ETF,Yahoo Finance custom ETF screener,2026-09-28T12:36:45+00:00,en-US,US,ETF,ETF,Delayed Quote,False,LOW,USD,48.68,0.0,BTS,35.4,27.957,1.49,Global X Infrastructure Develop,31.2007,0.2162,0.697768,0.55,True,1724851800000,2,0.697768,,,,,0.2162,1790345933,31.2007,31.2007,31.165 - 31.2007,31.165,345,30.9845,100,200,us_market,finmb_1875119124,Cboe US,Global X Infrastructure Development ex-U.S. ETF,31.165,1319,1330,[],3.2437,0.116024606,27.957 - 35.4,-4.199301,-0.11862431,11.1938715,21.665005,10.03763,-4.9425,-4.9425,5456623.0,PRE,1.4401428,31.85166,-0.650959,-0.020437209,31.91883,-0.7181301,-0.022498634,15,0,America/New_York,EDT,-14400000,False,False,False,IPAV,,0.0,0.0,,,,,
Utilities Infrastructure,utilities_infrastructure,21,UPGR,Xtrackers US Green Infrastructure Select Equity ETF,Yahoo Finance custom ETF screener,2026-09-28T12:36:45+00:00,en-US,US,ETF,ETF,Nasdaq Real Time Price,False,LOW,USD,32.1,18.0,NGM,30.292,21.67,0.34,Xtrackers US Green Infrastructu,21.9789,-0.059900284,-0.27252302,0.35,True,1689341400000,2,-0.0045471117,,,,,-0.0009994507,1790366400,21.9789,22.09,21.67 - 22.09,21.67,17722,21.9799,2,2,us_market,finmb_1837083449,NasdaqGM,Xtrackers US Green Infrastructure Select Equity ETF,22.06,763,2120,[],0.30890083,0.014254768,21.67 - 30.292,-8.313099,-0.27443215,-4.6671033,22.30335,-4.08976,-20.25508,-20.25508,578755.0,PRE,0.9854529,23.92008,-1.9411793,-0.08115271,25.463856,-3.4849548,-0.13685888,15,0,America/New_York,EDT,-14400000,False,False,False,UPGR,,0.0,0.0,,,,,2023-07-13
Utilities Infrastructure,utilities_infrastructure,22,BUIL,Rebuild America ETF,Yahoo Finance custom ETF screener,2026-09-28T12:36:45+00:00,en-US,US,ETF,ETF,Delayed Quote,False,LOW,USD,0.0,24.75,BTS,26.12,24.67,,Rebuild America ETF,25.79,0.390001,1.53544,0.65,True,1789565400000,2,1.53544,,,,,0.390001,1790366190,25.79,25.8727,25.7 - 25.8727,25.7,12462,25.4,100,500,us_market,finmb_2008115250,Cboe US,Rebuild America ETF,25.75,215250,215250,[],1.1200008,0.045399304,24.67 - 26.12,-0.32999992,-0.012633993,3.7409544,,,,,,PRE,,25.5,0.29000092,0.011372585,25.5,0.29000092,0.011372585,15,0,America/New_York,EDT,-14400000,False,False,False,BUIL,,0.0,0.0,,,,,
