sector,yahoo_sector_key,rank,ticker,etf_name,source_url,retrieved_at_utc,screen_language,screen_region,screen_quote_type,screen_type_disp,screen_quote_source_name,screen_triggerable,screen_custom_price_alert_confidence,screen_yield_ttm,screen_pe_ttm,screen_annual_return_nav_y3,screen_annual_return_nav_y5,screen_currency,screen_regular_market_change_percent,screen_ask,screen_bid,screen_exchange,screen_fifty_two_week_high,screen_fifty_two_week_low,screen_dividend_yield,screen_financial_currency,screen_short_name,screen_fullday_price,screen_fullday_change,screen_fullday_change_percent,screen_net_expense_ratio,screen_has_pre_post_market_data,screen_first_trade_date_milliseconds,screen_price_hint,screen_pre_market_change,screen_pre_market_change_percent,screen_pre_market_time,screen_pre_market_price,screen_regular_market_change,screen_regular_market_time,screen_regular_market_price,screen_regular_market_day_high,screen_regular_market_day_range,screen_regular_market_day_low,screen_regular_market_volume,screen_regular_market_previous_close,screen_bid_size,screen_ask_size,screen_market,screen_message_board_id,screen_full_exchange_name,screen_long_name,screen_regular_market_open,screen_average_daily_volume3_month,screen_average_daily_volume10_day,screen_corporate_actions,screen_fifty_two_week_low_change,screen_fifty_two_week_low_change_percent,screen_fifty_two_week_range,screen_fifty_two_week_high_change,screen_fifty_two_week_high_change_percent,screen_fifty_two_week_change_percent,screen_trailing_annual_dividend_rate,screen_trailing_pe,screen_trailing_annual_dividend_yield,screen_ytd_return,screen_trailing_three_month_returns,screen_trailing_three_month_nav_returns,screen_net_assets,screen_market_state,screen_eps_trailing_twelve_months,screen_shares_outstanding,screen_book_value,screen_fifty_day_average,screen_fifty_day_average_change,screen_fifty_day_average_change_percent,screen_two_hundred_day_average,screen_two_hundred_day_average_change,screen_two_hundred_day_average_change_percent,screen_price_to_book,screen_source_interval,screen_exchange_data_delayed_by,screen_exchange_timezone_name,screen_exchange_timezone_short_name,screen_gmt_off_set_milliseconds,screen_esg_populated,screen_tradeable,screen_crypto_tradeable,screen_symbol,screen_dividend_date,screen_eps_forward,screen_forward_pe,screen_ipo_expected_date,screen_display_name,screen_market_cap,screen_earnings_timestamp_start,screen_earnings_timestamp_end,screen_implied_shares_outstanding,screen_prev_name,screen_name_change_date
Utilities,utilities,1,XLU,State Street Utilities Select Sector SPDR ETF,https://finance.yahoo.com/research-hub/screener/sec-ind_sec-top-etfs_utilities/,2026-09-21T11:41:36+00:00,en-US,US,ETF,ETF,Nasdaq Real Time Price,False,LOW,2.83,19.015022,-7.14123,17.58388,USD,-1.41521,40.89,0.0,PCX,47.8,41.08,2.83,USD,State Street Utilities Select S,40.92,0.13037491,0.31962764,0.08,True,914337000000,2,0.13037491,0.31962764,1789990764.0,40.92,-0.59,1789761600,41.1,41.49,41.08 - 41.49,41.08,22263629,41.69,51900.0,33800.0,us_market,finmb_8795452,NYSEArca,State Street Utilities Select Sector SPDR ETF,41.375,20032282,20618000,[],0.019996643,0.00048677318,41.08 - 47.8,-6.700001,-0.14016739,-3.5211265,1.95,18.506212,0.04677381,0.21186,-4.38527,-4.38527,21836873700.0,PRE,2.2208757,163274000.0,63.99,43.8194,-2.7194023,-0.06205932,44.5534,-3.4533997,-0.077511474,0.6422878,15,0,America/New_York,EDT,-14400000,False,False,False,XLU,,,,,,,,,,,
Utilities,utilities,2,HYG,iShares iBoxx $ High Yield Corporate Bond ETF,https://finance.yahoo.com/research-hub/screener/sec-ind_sec-top-etfs_utilities/,2026-09-21T11:41:36+00:00,en-US,US,ETF,ETF,Delayed Quote,False,LOW,5.88,10.989010989010989,12.41463,4.12229,USD,-0.241365,0.0,78.62,PCX,81.36,78.36,5.88,,iShares iBoxx $ High Yield Corp,78.47,0.010002136,0.012705966,0.49,True,1176298200000,2,-0.05999756,-0.07640082,1789977675.0,78.47,-0.190002,1789761600,78.53,78.62,78.48 - 78.62,78.48,34677100,78.72,48500.0,25200.0,us_market,finmb_33837611,NYSEArca,iShares iBoxx $ High Yield Corporate Bond ETF,78.61,32534942,39202290,[],0.16999817,0.0021694507,78.36 - 81.36,-2.8300018,-0.0347837,-3.430891,,,,2.35481,0.81852,0.81852,16186192900.0,PRE,,,,79.387,-0.85700226,-0.010795247,80.0324,-1.5024033,-0.018772438,,15,0,America/New_York,EDT,-14400000,False,False,False,HYG,,,,,,,,,,,
Utilities,utilities,3,PFF,iShares Preferred and Income Securities ETF,https://finance.yahoo.com/research-hub/screener/sec-ind_sec-top-etfs_utilities/,2026-09-21T11:41:36+00:00,en-US,US,ETF,ETF,Delayed Quote,False,LOW,,,9.32043,7.08736,USD,-0.4314609,31.84,29.78,NGM,32.12,29.78,5.43,USD,iShares Preferred and Income Se,29.49,-0.12999916,-0.4314609,0.45,True,1175261400000,2,-0.5100002,-1.7000008,1789977600.0,29.49,-0.12999916,1789761601,30.0,30.1101,30.0 - 30.1101,30.0,1975683,30.13,1.0,1.0,us_market,finmb_33508791,NasdaqGM,iShares Preferred and Income Securities ETF,30.08,2806417,2998040,[],0.21999931,0.0073874854,29.78 - 32.12,-2.119999,-0.06600246,-6.4837933,1.822,3.7193158,0.060471293,1.31949,-1.78548,-1.78548,13016097800.0,PRE,8.066,418449984.0,38.275,30.4056,-0.4055996,-0.013339635,30.9794,-0.97940063,-0.031614576,0.7838014,15,0,America/New_York,EDT,-14400000,False,False,False,PFF,1522972800.0,,,,,,,,,,
Utilities,utilities,4,VPU,Vanguard Utilities Index Fund ETF Shares,https://finance.yahoo.com/research-hub/screener/sec-ind_sec-top-etfs_utilities/,2026-09-21T11:41:36+00:00,en-US,US,ETF,ETF,Delayed Quote,False,LOW,2.83,19.011407,-7.4652,17.33085,USD,-1.35787,0.0,175.88,PCX,206.1,177.97,2.83,,Vanguard Utilities ETF,177.98,-2.45,-1.35787,0.09,True,1075473000000,2,,,,,-2.45,1789761600,177.98,179.64,177.97 - 179.64,177.97,266982,180.43,200.0,300.0,us_market,finmb_22939110,NYSEArca,Vanguard Utilities Index Fund ETF Shares,179.64,273590,445540,[],0.009994507,5.615838e-05,177.97 - 206.1,-28.12001,-0.13643867,-4.568362,,18.51012,,0.13156,-4.54557,-4.54557,10076388400.0,PRE,9.61528,,,189.4318,-11.4517975,-0.060453407,192.8585,-14.8785095,-0.07714728,,15,0,America/New_York,EDT,-14400000,False,False,False,VPU,,,,,,,,,,,
Utilities,utilities,5,ICSH,iShares Ultra Short Duration Bond Active ETF,https://finance.yahoo.com/research-hub/screener/sec-ind_sec-top-etfs_utilities/,2026-09-21T11:41:36+00:00,en-US,US,ETF,ETF,Nasdaq Real Time Price,False,LOW,,,5.59496,0.15969,USD,-0.0396834,50.39,50.32,BTS,50.77,50.37,4.2,,iShares Ultra Short Duration Bo,50.3803,-0.014701843,-0.029173218,0.08,True,1387204200000,2,-0.014701843,-0.029173218,1789989919.0,50.3803,-0.0200005,1789761601,50.38,50.4055,50.38 - 50.4055,50.38,1273004,50.4,15600.0,51000.0,us_market,finmb_249281599,Cboe US,iShares Ultra Short Duration Bond Active ETF,50.4,1564146,1582630,[],0.010002136,0.00019857328,50.37 - 50.77,-0.3899994,-0.0076816897,-0.6703496,0.0,,0.0,2.34465,0.88738,0.88738,8649905200.0,PRE,,,,50.4766,-0.09659958,-0.0019137497,50.5508,-0.17079926,-0.0033787647,,15,0,America/New_York,EDT,-14400000,False,False,False,ICSH,,,,,,,,,,,
Utilities,utilities,6,SHYG,iShares 0-5 Year High Yield Corporate Bond ETF,https://finance.yahoo.com/research-hub/screener/sec-ind_sec-top-etfs_utilities/,2026-09-21T11:41:36+00:00,en-US,US,ETF,ETF,Delayed Quote,False,LOW,6.89,10.989010989010989,10.95511,4.97304,USD,-0.119539,0.0,41.67,PCX,43.39,41.68,7.0,,iShares 0-5 Year High Yield Cor,41.78,-0.0500031,-0.119539,0.3,True,1382016600000,2,,,,,-0.0500031,1789761600,41.78,41.8,41.74 - 41.8,41.74,787000,41.83,4500.0,9300.0,us_market,finmb_243961960,NYSEArca,iShares 0-5 Year High Yield Corporate Bond ETF,41.8,1354450,1399320,[],0.099998474,0.0023991957,41.68 - 43.39,-1.6100006,-0.037105337,-3.6661267,0.0,10.638466,0.0,2.75389,1.03418,1.03418,7763208700.0,PRE,3.927258,64800000.0,,42.1016,-0.32160187,-0.0076387087,42.46565,-0.6856499,-0.01614599,,15,0,America/New_York,EDT,-14400000,False,False,False,SHYG,,,,,,,,,,,
Utilities,utilities,7,FPE,First Trust Preferred Securities and Income ETF,https://finance.yahoo.com/research-hub/screener/sec-ind_sec-top-etfs_utilities/,2026-09-21T11:41:36+00:00,en-US,US,ETF,ETF,Delayed Quote,False,LOW,5.59,22.321428571428573,6.61563,4.9554,USD,-0.228185,18.5,17.38,PCX,18.51,17.38,5.98,,First Trust Preferred Securitie,17.49,-0.0400009,-0.228185,0.83,True,1360679400000,2,,,,,-0.0400009,1789761600,17.49,17.51,17.48 - 17.51,17.48,1390604,17.53,11300.0,22200.0,us_market,finmb_225218946,NYSEArca,First Trust Preferred Securities and Income ETF,17.49,1013276,1095630,[],0.11000061,0.0063291495,17.38 - 18.51,-1.0200005,-0.055105373,-4.893965,,,,0.79047,-0.12263,-0.12263,6291190300.0,PRE,,,,17.7278,-0.2378006,-0.013413994,18.02095,-0.53095055,-0.02946296,,15,0,America/New_York,EDT,-14400000,False,False,False,FPE,,,,,,,,,,,
Utilities,utilities,8,CWB,State Street SPDR Bloomberg Convertible Securities ETF,https://finance.yahoo.com/research-hub/screener/sec-ind_sec-top-etfs_utilities/,2026-09-21T11:41:36+00:00,en-US,US,ETF,ETF,Delayed Quote,False,LOW,,,14.30877,2.25825,USD,0.128008,0.0,0.0,PCX,112.02,85.37,1.53,,State Street SPDR Bloomberg Con,101.69,0.130005,0.128008,0.4,True,1239888600000,2,,,,,0.130005,1789761600,101.69,101.79,101.01 - 101.79,101.01,475947,101.56,200.0,300.0,us_market,finmb_54917357,NYSEArca,State Street SPDR Bloomberg Convertible Securities ETF,101.71,623471,647240,[],16.32,0.19116785,85.37 - 112.02,-10.329994,-0.09221563,12.030411,0.0,,0.0,15.71286,-4.80522,-4.80522,5605458900.0,PRE,,,,102.981,-1.2910004,-0.012536297,98.96025,2.7297516,0.027584324,,15,0,America/New_York,EDT,-14400000,False,False,False,CWB,,1.88,54.090427,,,,,,,,
Utilities,utilities,9,ISTB,iShares Core 1-5 Year USD Bond ETF,https://finance.yahoo.com/research-hub/screener/sec-ind_sec-top-etfs_utilities/,2026-09-21T11:41:36+00:00,en-US,US,ETF,ETF,Nasdaq Real Time Price,False,LOW,3.84,10.989010989010989,5.55334,-0.60967,USD,-0.17885932,48.02,47.96,NGM,49.05,47.42,4.28,,iShares Core 1-5 Year USD Bond ,47.44,-0.0850029,-0.17885932,0.06,True,1351085400000,2,0.0,0.0,1789988413.0,47.44,-0.0850029,1789761602,47.44,47.49,47.44 - 47.49,47.44,313173,47.525,2.0,6.0,us_market,finmb_223235655,NasdaqGM,iShares Core 1-5 Year USD Bond ETF,47.49,400188,409780,[],0.020000458,0.00042177265,47.42 - 49.05,-1.6100006,-0.032823663,-2.8863847,0.0,10.786647,0.0,0.91835,0.29729,0.29729,5093133300.0,PRE,4.3980303,,,47.9204,-0.4804001,-0.01002496,48.36965,-0.92965317,-0.019219762,,15,0,America/New_York,EDT,-14400000,False,False,False,ISTB,1522972800.0,,,,,,,,,,
Utilities,utilities,10,PGX,Invesco Preferred ETF,https://finance.yahoo.com/research-hub/screener/sec-ind_sec-top-etfs_utilities/,2026-09-21T11:41:36+00:00,en-US,US,ETF,ETF,Delayed Quote,False,LOW,5.92,24.752475247524753,9.31731,3.08092,USD,-0.191026,10.52,0.0,PCX,11.79,10.31,6.51,,Invesco Preferred ETF,10.45,-0.020000458,-0.19102633,0.5,True,1201789800000,2,,,,,-0.0200005,1789761600,10.45,10.47,10.4301 - 10.47,10.4301,2689368,10.47,17100.0,65200.0,us_market,finmb_40538756,NYSEArca,Invesco Preferred ETF,10.47,4053096,7386810,[],0.13999939,0.01357899,10.31 - 11.79,-1.3400002,-0.11365566,-11.139459,0.0,,0.0,-1.93008,-2.11681,-2.11681,3731038720.0,PRE,,,,10.6464,-0.19640064,-0.01844761,11.038,-0.5880003,-0.053270545,,15,0,America/New_York,EDT,-14400000,False,False,False,PGX,,,,,,,,,,,
Utilities,utilities,11,HYMB,State Street SPDR Nuveen ICE High Yield Municipal Bond ETF,https://finance.yahoo.com/research-hub/screener/sec-ind_sec-top-etfs_utilities/,2026-09-21T11:41:36+00:00,en-US,US,ETF,ETF,Delayed Quote,False,LOW,,,7.37005,5.44919,USD,-0.289263,25.15,24.0,PCX,25.49,24.02,4.64,,State Street SPDR Nuveen ICE Hi,24.13,-0.0700016,-0.289263,0.35,True,1302787800000,2,0.0,0.0,1789988486.0,24.13,-0.0700016,1789761600,24.13,24.15,24.02 - 24.15,24.02,4208499,24.2,40300.0,7600.0,us_market,finmb_129842776,NYSEArca,State Street SPDR Nuveen ICE High Yield Municipal Bond ETF,24.15,2028539,4780430,[],0.1099987,0.004579463,24.02 - 25.49,-1.3600006,-0.053354282,-3.1701446,0.0,,0.0,1.59117,-0.83004,-0.83004,3435734530.0,PRE,,,,24.777,-0.64700127,-0.026112977,25.01505,-0.8850517,-0.03538077,,15,0,America/New_York,EDT,-14400000,False,False,False,HYMB,,,,,,,,,,,
Utilities,utilities,12,UCON,First Trust Smith Unconstrained Plus Bond ETF,https://finance.yahoo.com/research-hub/screener/sec-ind_sec-top-etfs_utilities/,2026-09-21T11:41:36+00:00,en-US,US,ETF,ETF,Delayed Quote,False,LOW,4.51,22.321428571428573,7.55258,1.01988,USD,-0.368702,0.0,21.35,PCX,25.625,23.72,4.75,,First Trust Smith Unconstrained,24.32,-0.0900002,-0.368702,0.86,True,1528205400000,2,,,,,-0.0900002,1789761600,24.32,24.366,24.3 - 24.366,24.3,403942,24.41,4800.0,1300.0,us_market,finmb_556963123,NYSEArca,First Trust Smith Unconstrained Plus Bond ETF,24.34,511825,421460,[],0.6000004,0.025295127,23.72 - 25.625,-1.3050003,-0.05092684,-3.6831677,0.0,21.551828,0.0,0.64246,-0.26281,-0.26281,3289848580.0,PRE,1.1284425,,,24.59284,-0.2728405,-0.011094307,24.91095,-0.59095,-0.0237225,,15,0,America/New_York,EDT,-14400000,False,False,False,UCON,1532995200.0,,,,,,,,,,
Utilities,utilities,13,FIXD,First Trust Smith Opportunistic Fixed Income ETF,https://finance.yahoo.com/research-hub/screener/sec-ind_sec-top-etfs_utilities/,2026-09-21T11:41:36+00:00,en-US,US,ETF,ETF,Delayed Quote,False,LOW,4.28,22.321428571428573,5.71582,-0.91271,USD,-0.37713578,46.6,39.6,NGM,45.155,41.95,4.8,,First Trust Smith Opportunistic,42.265,-0.16500092,-0.3889238,0.65,True,1487255400000,2,,,,,-0.15999985,1789761600,42.265,42.3499,42.2248 - 42.3499,42.2248,191444,42.425,2.0,2.0,us_market,finmb_412887648,NasdaqGM,First Trust Smith Opportunistic Fixed Income ETF,42.29,332228,519160,[],0.31499863,0.0075089065,41.95 - 45.155,-2.8899994,-0.06400176,-5.107766,0.0,21.238523,0.0,-0.23844,-0.81794,-0.81794,3202331650.0,PRE,1.9900159,,,42.87354,-0.6085396,-0.014193826,43.718056,-1.4530563,-0.033236984,,15,0,America/New_York,EDT,-14400000,False,False,False,FIXD,1496188800.0,,,,,,,,,,
Utilities,utilities,14,VRP,Invesco Variable Rate Preferred ETF,https://finance.yahoo.com/research-hub/screener/sec-ind_sec-top-etfs_utilities/,2026-09-21T11:41:36+00:00,en-US,US,ETF,ETF,Nasdaq Real Time Price,False,LOW,,,10.42886,4.08598,USD,-0.145077,0.0,23.93,PCX,24.89,23.71,6.09,,Invesco Variable Rate Preferred,24.09,-0.0349998,-0.145077,0.5,True,1398951000000,2,,,,,-0.0349998,1789761600,24.09,24.125,24.0726 - 24.125,24.0726,753076,24.125,3000.0,500.0,us_market,finmb_255959630,NYSEArca,Invesco Variable Rate Preferred ETF,24.11,558101,656230,[],0.38000107,0.016027039,23.71 - 24.89,-0.79999924,-0.03214139,-2.7845025,0.0,,0.0,2.48463,0.49266,0.49266,3018230270.0,PRE,,,,24.1765,-0.08650017,-0.0035778615,24.307976,-0.21797562,-0.008967247,,15,0,America/New_York,EDT,-14400000,False,False,False,VRP,,,,,,,,,,,
Utilities,utilities,15,PFXF,VanEck Preferred Securities ex Financials ETF,https://finance.yahoo.com/research-hub/screener/sec-ind_sec-top-etfs_utilities/,2026-09-21T11:41:36+00:00,en-US,US,ETF,ETF,Delayed Quote,False,LOW,,,11.40761,11.54616,USD,-0.561484,0.0,0.0,PCX,19.07,17.03,6.56,,VanEck Preferred Securities ex ,17.71,-0.015001297,-0.08463355,0.4,True,1342704600000,2,0.0,0.0,1789988711.0,17.71,-0.1,1789761600,17.71,17.7599,17.68 - 17.7599,17.68,520127,17.81,3800.0,600.0,us_market,finmb_214279555,NYSEArca,VanEck Preferred Securities ex Financials ETF,17.78,725961,635490,[],0.6799984,0.039929442,17.03 - 19.07,-1.3600006,-0.071316235,-1.171875,0.0,,0.0,4.53599,-3.71158,-3.71158,2416181760.0,PRE,,,,17.8042,-0.094200134,-0.0052908943,18.07465,-0.36465073,-0.020174704,,15,0,America/New_York,EDT,-14400000,False,False,False,PFXF,,,,,,,,,,,
Utilities,utilities,16,FUTY,Fidelity MSCI Utilities Index ETF,https://finance.yahoo.com/research-hub/screener/sec-ind_sec-top-etfs_utilities/,2026-09-21T11:41:36+00:00,en-US,US,ETF,ETF,Nasdaq Real Time Price,False,LOW,2.77,19.025875,-7.44503,17.37839,USD,-1.38159,0.0,0.0,PCX,61.51,52.73,2.77,,Fidelity MSCI Utilities Index E,52.75,-0.738998,-1.38159,0.084,True,1382621400000,2,,,,,-0.738998,1789761600,52.75,53.21,52.74 - 53.21,52.74,236014,53.489,1000.0,1200.0,us_market,finmb_243638577,NYSEArca,Fidelity MSCI Utilities Index ETF,53.26,393846,467060,[],0.020000458,0.00037929942,52.73 - 61.51,-8.759998,-0.14241585,-4.5421658,0.0,18.38796,0.0,0.22442,-4.47149,-4.47149,2250777860.0,PRE,2.8687248,,,56.534,-3.7840004,-0.06693318,57.54315,-4.793152,-0.08329665,,15,0,America/New_York,EDT,-14400000,False,False,False,FUTY,,,,,,,,,,,
Utilities,utilities,17,ICLN,iShares Global Clean Energy ETF,https://finance.yahoo.com/research-hub/screener/sec-ind_sec-top-etfs_utilities/,2026-09-21T11:41:36+00:00,en-US,US,ETF,ETF,Delayed Quote,False,LOW,1.06,21.128248,-20.32937,-23.79633,USD,-0.9588273,18.25,18.08,NGM,23.78,14.96,1.06,,iShares Global Clean Energy ETF,17.71,-0.17000008,-0.9588273,0.38,True,1214400600000,2,0.14999962,0.854212,1789990792.0,17.71,-0.17000008,1789761601,17.56,17.83,17.425 - 17.83,17.425,5306866,17.73,6.0,6.0,us_market,finmb_61565163,NasdaqGM,iShares Global Clean Energy ETF,17.77,6277849,6934830,[],2.5999994,0.17379676,14.96 - 23.78,-6.220001,-0.26156437,14.322912,0.0,21.445782,0.0,6.13601,-25.935,-25.935,2181427460.0,PRE,0.81880903,,,17.9472,-0.3872013,-0.021574467,18.7984,-1.2384014,-0.06587802,,15,0,America/New_York,EDT,-14400000,False,False,False,ICLN,1482969600.0,,,,,,,,,,
Utilities,utilities,18,PFFD,Global X U.S. Preferred ETF,https://finance.yahoo.com/research-hub/screener/sec-ind_sec-top-etfs_utilities/,2026-09-21T11:41:36+00:00,en-US,US,ETF,ETF,Nasdaq Real Time Price,False,LOW,,,7.48208,4.9116,USD,-0.221478,18.88,0.0,PCX,19.8,17.84,6.54,,Global X U.S. Preferred ETF,18.02,-0.039999,-0.221478,0.23,True,1505395800000,2,,,,,-0.039999,1789761600,18.02,18.055,17.98 - 18.055,17.98,519554,18.06,900.0,1700.0,us_market,finmb_528855653,NYSEArca,Global X U.S. Preferred ETF,18.04,753061,947790,[],0.1800003,0.010089703,17.84 - 19.8,-1.7799988,-0.08989893,-8.989901,,,,0.48961,-1.70862,-1.70862,2152815620.0,PRE,,,,18.4096,-0.38959885,-0.02116281,18.83755,-0.81754875,-0.043399952,,15,0,America/New_York,EDT,-14400000,False,False,False,PFFD,,,,,,,,,,,
Utilities,utilities,19,IDU,iShares U.S. Utilities ETF,https://finance.yahoo.com/research-hub/screener/sec-ind_sec-top-etfs_utilities/,2026-09-21T11:41:36+00:00,en-US,US,ETF,ETF,Delayed Quote,False,LOW,2.34,19.719976,-5.04694,16.76347,USD,-1.33498,0.0,0.0,PCX,120.82,104.06,2.34,,iShares U.S. Utilities ETF,104.21,-1.41,-1.33498,0.37,True,961507800000,2,,,,,-1.41,1789761600,104.21,104.955,104.11 - 104.955,104.11,169216,105.62,400.0,500.0,us_market,finmb_8796481,NYSEArca,iShares U.S. Utilities ETF,105.11,140215,254630,[],0.15000153,0.0014414907,104.06 - 120.82,-16.61,-0.13747725,-3.8653135,,19.100462,,0.43887,-3.50021,-3.50021,1296625540.0,PRE,5.4558887,,,111.3092,-7.0991974,-0.06377907,112.85615,-8.646149,-0.07661212,,15,0,America/New_York,EDT,-14400000,False,False,False,IDU,,,,,,,,,,,
Utilities,utilities,20,UTES,Virtus Reaves Utilities ETF,https://finance.yahoo.com/research-hub/screener/sec-ind_sec-top-etfs_utilities/,2026-09-21T11:41:36+00:00,en-US,US,ETF,ETF,Delayed Quote,False,LOW,1.59,22.366361,-2.40363,20.63862,USD,-1.47281,0.0,0.0,PCX,88.429,71.53,1.59,,Virtus Reaves Utilities ETF,71.58,-1.07,-1.47281,0.49,True,1443101400000,2,,,,,-1.07,1789761600,71.58,72.43,71.58 - 72.43,71.58,126328,72.65,900.0,2000.0,us_market,finmb_309843798,NYSEArca,Virtus Reaves Utilities ETF,72.4,145584,155040,[],0.05000305,0.0006990501,71.53 - 88.429,-16.848999,-0.19053704,-13.904256,0.0,21.697546,0.0,-5.792,-8.15464,-8.15464,1221149060.0,PRE,3.2989907,,,76.898,-5.318001,-0.06915655,79.65715,-8.077148,-0.101398915,,15,0,America/New_York,EDT,-14400000,False,False,False,UTES,1522195200.0,,,,,,,,,,
Utilities,utilities,21,FXU,First Trust Utilities AlphaDEX Fund,https://finance.yahoo.com/research-hub/screener/sec-ind_sec-top-etfs_utilities/,2026-09-21T11:41:36+00:00,en-US,US,ETF,ETF,Delayed Quote,False,LOW,2.29,15.432099,-2.22015,17.70079,USD,-1.17314,46.54,44.5,PCX,51.62,43.98,2.29,,First Trust Utilities AlphaDEX ,45.49,-0.539997,-1.17314,0.61,True,1178803800000,2,,,,,-0.539997,1789761600,45.49,45.748,45.49 - 45.748,45.49,156970,46.03,1000.0,700.0,us_market,finmb_34336517,NYSEArca,First Trust Utilities AlphaDEX Fund,45.86,246590,193020,[],1.5100021,0.034333836,43.98 - 51.62,-6.1299973,-0.11875237,2.5473356,,15.090417,,4.27112,-2.49929,-2.49929,781084420.0,PRE,3.014496,,,48.142,-2.6519966,-0.055086967,48.09955,-2.6095467,-0.054253038,,15,0,America/New_York,EDT,-14400000,False,False,False,FXU,,,,,,,,,,,
Utilities,utilities,22,PSK,State Street SPDR ICE Preferred Securities ETF,https://finance.yahoo.com/research-hub/screener/sec-ind_sec-top-etfs_utilities/,2026-09-21T11:41:36+00:00,en-US,US,ETF,ETF,Delayed Quote,False,LOW,,,9.01438,1.61451,USD,-0.375942,0.0,0.0,PCX,33.5,28.78,7.28,,State Street SPDR ICE Preferred,29.15,-0.110001,-0.375942,0.45,True,1253194200000,2,,,,,-0.110001,1789761586,29.15,29.19,29.13 - 29.19,29.13,94809,29.26,600.0,400.0,us_market,finmb_65922825,NYSEArca,State Street SPDR ICE Preferred Securities ETF,29.19,117585,120030,[],0.36999893,0.012856113,28.78 - 33.5,-4.3500004,-0.12985076,-12.802869,,,,-2.73623,-2.60528,-2.60528,676674430.0,PRE,,,,29.8324,-0.68239975,-0.02287445,31.09585,-1.9458504,-0.062575884,,15,0,America/New_York,EDT,-14400000,False,False,False,PSK,,,,,,,,,,,
Utilities,utilities,23,HYGH,iShares Interest Rate Hedged High Yield Bond ETF,https://finance.yahoo.com/research-hub/screener/sec-ind_sec-top-etfs_utilities/,2026-09-21T11:41:36+00:00,en-US,US,ETF,ETF,Delayed Quote,False,LOW,7.73,10.989010989010989,12.29089,5.72647,USD,-0.0462011,87.84,0.0,PCX,87.19,84.78,6.45,,iShares Interest Rate Hedged Hi,86.54,-0.0400009,-0.0462011,0.52,True,1401370200000,2,,,,,-0.0400009,1789761600,86.54,86.61,86.48 - 86.61,86.48,59701,86.58,100.0,100.0,us_market,finmb_259653076,NYSEArca,iShares Interest Rate Hedged High Yield Bond ETF,86.54,57500,56730,[],1.7600021,0.020759638,84.78 - 87.19,-0.6500015,-0.0074550007,-0.14999509,0.0,10.964937,0.0,4.76137,1.82216,1.82216,630444100.0,PRE,7.8924303,,,86.4974,0.04260254,0.0004925297,86.319016,0.22098541,0.0025601012,,15,0,America/New_York,EDT,-14400000,False,False,False,HYGH,,,,,,,,,,,
Utilities,utilities,24,FTRB,Federated Hermes Total Return Bond ETF,https://finance.yahoo.com/research-hub/screener/sec-ind_sec-top-etfs_utilities/,2026-09-21T11:41:36+00:00,en-US,US,ETF,ETF,Nasdaq Real Time Price,False,LOW,4.5,10.395010395010395,,,USD,-0.428053,0.0,0.0,PCX,25.79,24.34,4.39,,Federated Hermes Total Return B,24.425,-0.105001,-0.428053,0.39,True,1704378600000,2,,,,,-0.105001,1789761586,24.425,24.44,24.415 - 24.44,24.415,157210,24.53,100.0,500.0,us_market,finmb_1854828840,NYSEArca,Federated Hermes Total Return Bond ETF,24.42,149214,212610,[],0.084999084,0.0034921563,24.34 - 25.79,-1.3650017,-0.052927554,-4.106629,0.0,7.001349,0.0,-0.14986,-0.61555,-0.61555,620621890.0,PRE,3.4886134,,,24.75274,-0.32774162,-0.01324062,25.16068,-0.73568153,-0.029239334,,15,0,America/New_York,EDT,-14400000,False,False,False,FTRB,,,,,,,,,,,
Utilities,utilities,25,RSPU,Invesco S&P 500 Equal Weight Utilities ETF,https://finance.yahoo.com/research-hub/screener/sec-ind_sec-top-etfs_utilities/,2026-09-21T11:41:36+00:00,en-US,US,ETF,ETF,Delayed Quote,False,LOW,2.71,17.513135,-3.51487,16.98823,USD,-1.34972,112.93,0.0,PCX,84.52,72.87,2.71,,Invesco S&P 500 Equal Weight Ut,72.885,-0.9972,-1.34972,0.4,True,1162909800000,2,,,,,-0.9972,1789761569,72.885,73.21,72.885 - 73.21,72.885,16182,73.8822,400.0,100.0,us_market,finmb_30119287,NYSEArca,Invesco S&P 500 Equal Weight Utilities ETF,73.66,42698,54220,[],0.01499939,0.00020583764,72.87 - 84.52,-11.6349945,-0.13765967,-1.9504964,0.0,17.071617,0.0,1.3372,-4.48174,-4.48174,524186368.0,PRE,4.269367,,,77.8532,-4.9682007,-0.06381498,78.80955,-5.9245453,-0.07517548,,15,0,America/New_York,EDT,-14400000,False,False,False,RSPU,,,,,,,,,,,
Utilities,utilities,26,ZAP,Global X U.S. Electrification ETF,https://finance.yahoo.com/research-hub/screener/sec-ind_sec-top-etfs_utilities/,2026-09-21T11:41:36+00:00,en-US,US,ETF,ETF,Nasdaq Real Time Price,False,LOW,1.74,21.353833,,,USD,-0.92386204,32.76,26.25,NGM,35.39,28.65,1.74,,Global X U.S. Electrification E,30.61,-0.28499985,-0.9117078,0.5,True,1734532200000,2,-0.36499977,-1.1783689,1789977617.0,30.61,-0.2887993,1789761600,30.9712,31.25,30.91 - 31.25,30.91,92020,31.26,2.0,3.0,us_market,finmb_1899070904,NasdaqGM,Global X U.S. Electrification ETF,31.25,111953,123430,[],2.3212013,0.081019245,28.65 - 35.39,-4.4187984,-0.124860086,6.4917684,0.0,21.272238,0.0,7.97535,-7.20819,-7.20819,451247872.0,PRE,1.4559447,,,32.39432,-1.4231205,-0.04393117,32.268044,-1.2968426,-0.040189687,,15,0,America/New_York,EDT,-14400000,False,False,False,ZAP,,,,2024-12-18,,,,,,,
Utilities,utilities,27,PFLD,AAM Low Duration Preferred and Income Securities ETF,https://finance.yahoo.com/research-hub/screener/sec-ind_sec-top-etfs_utilities/,2026-09-21T11:41:36+00:00,en-US,US,ETF,ETF,Delayed Quote,False,LOW,,,,,USD,-0.205872,0.0,18.59,PCX,19.87,19.29,5.44,,AAM Low Duration Preferred and ,19.39,-0.0400009,-0.205872,0.45,True,1574260200000,2,,,,,-0.0400009,1789761600,19.39,19.43,19.39 - 19.43,19.39,469179,19.43,200.0,200.0,us_market,finmb_639845855,NYSEArca,AAM Low Duration Preferred and Income Securities ETF,19.39,66090,112460,[],0.099998474,0.005183954,19.29 - 19.87,-0.48000145,-0.024157092,-2.2188604,0.0,,0.0,2.99383,0.7207,0.7207,401677856.0,PRE,,,,19.52346,-0.133461,-0.0068359296,19.614506,-0.22450638,-0.011445936,,15,0,America/New_York,EDT,-14400000,False,False,False,PFLD,,,,,,,,,,,
Utilities,utilities,28,CDX,Simplify High Yield ETF,https://finance.yahoo.com/research-hub/screener/sec-ind_sec-top-etfs_utilities/,2026-09-21T11:41:36+00:00,en-US,US,ETF,ETF,Nasdaq Real Time Price,False,LOW,8.22,27.210884,,,USD,-0.0487816,20.54,19.57,PCX,23.05,20.3,8.22,,Simplify High Yield ETF,20.5399,0.054899216,0.26799715,0.25,True,1645108200000,2,0.054899216,0.26799715,1789990255.0,20.5399,-0.0100002,1789761600,20.49,20.51,20.44 - 20.51,20.44,113969,20.5,100.0,100.0,us_market,finmb_1777213266,NYSEArca,Simplify High Yield ETF,20.47,124473,108140,[],0.19000053,0.009359633,20.3 - 23.05,-2.5599995,-0.111062884,-10.79669,,26.958143,,-2.22072,-0.55842,-0.55842,360386144.0,PRE,0.76006716,,,20.69174,-0.20174026,-0.009749797,21.46188,-0.97187996,-0.04528401,,15,0,America/New_York,EDT,-14400000,False,False,False,CDX,,,,,,,,,,,
Utilities,utilities,29,PFFV,Global X Variable Rate Preferred ETF,https://finance.yahoo.com/research-hub/screener/sec-ind_sec-top-etfs_utilities/,2026-09-21T11:41:36+00:00,en-US,US,ETF,ETF,Delayed Quote,False,LOW,,,,,USD,-0.0913263,22.35,21.45,PCX,23.35,21.7,8.1,,Global X Variable Rate Preferre,21.88,-0.0200005,-0.0913263,0.25,True,1593091800000,2,,,,,-0.0200005,1789761600,21.88,21.94,21.88 - 21.94,21.88,115487,21.9,600.0,400.0,us_market,finmb_659514826,NYSEArca,Global X Variable Rate Preferred ETF,21.88,89420,146980,[],0.1799984,0.008294857,21.7 - 23.35,-1.4700012,-0.06295508,-6.09442,,,,3.13076,0.65533,0.65533,319892736.0,PRE,,,,21.98702,-0.10702133,-0.004867478,22.23646,-0.35646057,-0.016030455,,15,0,America/New_York,EDT,-14400000,False,False,False,PFFV,,,,,Global X Variable Rate Preferred ETF,,,,,,
Utilities,utilities,30,VMSB,Voya Multi-Sector Income ETF,https://finance.yahoo.com/research-hub/screener/sec-ind_sec-top-etfs_utilities/,2026-09-21T11:41:36+00:00,en-US,US,ETF,ETF,Delayed Quote,False,LOW,,,,,USD,-0.423077,76.71,0.0,PCX,50.492,48.205,,,Voya Multi-Sector Income ETF,48.25,-0.205002,-0.423077,0.45,True,1764772200000,2,,,,,-0.205002,1789669729,48.25,48.25,48.25 - 48.25,48.25,10,48.455,200.0,200.0,us_market,finmb_1956718378,NYSEArca,Voya Multi-Sector Income ETF,48.42,5666,310,[],0.04499817,0.0009334751,48.205 - 50.492,-2.2420006,-0.044403084,-4.4365225,0.0,6.5880637,0.0,1.16225,0.09363,0.09363,315165536.0,PRE,7.3238516,,,49.25538,-1.0053787,-0.020411553,49.649796,-1.3997955,-0.028193379,,15,0,America/New_York,EDT,-14400000,False,False,False,VMSB,,,,,,,,,,,
Utilities,utilities,31,JXI,iShares Global Utilities ETF,https://finance.yahoo.com/research-hub/screener/sec-ind_sec-top-etfs_utilities/,2026-09-21T11:41:36+00:00,en-US,US,ETF,ETF,Delayed Quote,False,LOW,2.53,18.341893,0.8418,10.81794,USD,-1.4307,0.0,0.0,PCX,90.09,75.25,2.53,,iShares Global Utilities ETF,79.23,-1.14999,-1.4307,0.37,True,1158931800000,2,,,,,-1.14999,1789761587,79.23,79.68,79.2255 - 79.68,79.2255,20119,80.38,100.0,700.0,us_market,finmb_29103222,NYSEArca,iShares Global Utilities ETF,79.75,46703,169320,[],3.9800034,0.05289041,75.25 - 90.09,-10.859993,-0.12054605,4.3186307,,17.961044,,4.38542,-2.43536,-2.43536,299284832.0,PRE,4.4112134,,,82.8868,-3.6567993,-0.04411799,83.67035,-4.440346,-0.053069524,,15,0,America/New_York,EDT,-14400000,False,False,False,JXI,,,,,,,,,,,
Utilities,utilities,32,JHCP,JHancock Core Plus Bond ETF,https://finance.yahoo.com/research-hub/screener/sec-ind_sec-top-etfs_utilities/,2026-09-21T11:41:36+00:00,en-US,US,ETF,ETF,Delayed Quote,False,LOW,,,,,USD,-0.450084,0.0,21.35,PCX,26.14,24.3,4.5,,John Hancock Core Plus Bond ETF,24.33,-0.110001,-0.450084,0.36,True,1734532200000,2,,,,,-0.110001,1789761600,24.33,24.4,24.32 - 24.4,24.32,1073784,24.44,100.0,700.0,us_market,finmb_1898879479,NYSEArca,JHancock Core Plus Bond ETF,24.37,204984,214250,[],0.030000687,0.0012345962,24.3 - 26.14,-1.8099995,-0.06924252,-4.719013,0.0,,0.0,-0.20275,-0.70921,-0.70921,280786016.0,PRE,,,,24.72718,-0.39718056,-0.01606251,25.158445,-0.82844543,-0.03292912,,15,0,America/New_York,EDT,-14400000,False,False,False,JHCP,,,,,,,,,,,
Utilities,utilities,33,TMB,Thornburg Multi Sector Bond ETF,https://finance.yahoo.com/research-hub/screener/sec-ind_sec-top-etfs_utilities/,2026-09-21T11:41:36+00:00,en-US,US,ETF,ETF,Nasdaq Real Time Price,False,LOW,,,,,USD,-0.21991324,32.3,18.16,NGM,26.52,24.88,4.31,,Thornburg Multi Sector Bond ETF,24.955,-0.055000305,-0.21991324,0.55,True,1738765800000,2,,,,,-0.055000305,1789761600,24.955,24.96,24.94 - 24.96,24.94,45844,25.01,2.0,2.0,us_market,finmb_1900636162,NasdaqGM,Thornburg Multi Sector Bond ETF,24.95,69396,91590,[],0.07500076,0.0030145003,24.88 - 26.52,-1.5650005,-0.059012085,-2.9931962,0.0,,0.0,0.79863,-0.03877,-0.03877,259424560.0,PRE,,,,25.20966,-0.25465965,-0.0101016695,25.48843,-0.5334301,-0.020928323,,15,0,America/New_York,EDT,-14400000,False,False,False,TMB,,,,2025-02-05,,,,,,,
Utilities,utilities,34,FAN,First Trust Global Wind Energy ETF,https://finance.yahoo.com/research-hub/screener/sec-ind_sec-top-etfs_utilities/,2026-09-21T11:41:36+00:00,en-US,US,ETF,ETF,Delayed Quote,False,LOW,0.99,23.468669,-3.12824,-10.86142,USD,-0.298514,0.0,0.0,PCX,27.3,18.68,0.99,,First Trust Global Wind Energy ,23.38,-0.0700016,-0.298514,0.6,True,1214573400000,2,,,,,-0.0700016,1789761600,23.38,23.46,23.2931 - 23.46,23.2931,207377,23.45,1100.0,500.0,us_market,finmb_46091667,NYSEArca,First Trust Global Wind Energy ETF,23.45,97468,149590,[],4.699999,0.25160593,18.68 - 27.3,-3.92,-0.14358975,23.572933,0.0,23.220375,0.0,15.97346,-8.99182,-8.99182,244763264.0,PRE,1.0068743,,,23.831,-0.4510002,-0.018924939,23.82635,-0.4463501,-0.018733466,,15,0,America/New_York,EDT,-14400000,False,False,False,FAN,,,,,,,,,,,
Utilities,utilities,35,JHPI,John Hancock Preferred Income ETF,https://finance.yahoo.com/research-hub/screener/sec-ind_sec-top-etfs_utilities/,2026-09-21T11:41:36+00:00,en-US,US,ETF,ETF,Delayed Quote,False,LOW,6.21,19.37984496124031,,,USD,-0.0449247,0.0,0.0,PCX,23.56,22.11,6.01,,John Hancock Preferred Income E,22.25,-0.0100002,-0.0449247,0.54,True,1639578600000,2,,,,,-0.0100002,1789761585,22.25,22.28,22.2306 - 22.28,22.2306,15587,22.26,200.0,100.0,us_market,finmb_1758766137,NYSEArca,John Hancock Preferred Income ETF,22.27,43774,42000,[],0.13999939,0.0063319486,22.11 - 23.56,-1.3099995,-0.055602696,-4.8738775,0.0,19.319065,0.0,1.69596,-0.24585,-0.24585,218868864.0,PRE,1.1517121,,,22.52358,-0.27358055,-0.012146406,22.84533,-0.5953293,-0.026059125,,15,0,America/New_York,EDT,-14400000,False,False,False,JHPI,,,,,,,,,,,
Utilities,utilities,36,GHYG,iShares US & Intl High Yield Corp Bond ETF,https://finance.yahoo.com/research-hub/screener/sec-ind_sec-top-etfs_utilities/,2026-09-21T11:41:36+00:00,en-US,US,ETF,ETF,Delayed Quote,False,LOW,6.05,10.989010989010989,13.7334,2.01723,USD,-0.112197,0.0,0.0,BTS,46.87,44.35,6.22,,iShares US & Intl High Yield Co,44.4253,-0.0499001,-0.112197,0.4,True,1333978200000,2,,,,,-0.0499001,1789760730,44.4253,44.46,44.39 - 44.46,44.39,4919,44.4752,500.0,100.0,us_market,finmb_183612145,Cboe US,iShares US & Intl High Yield Corp Bond ETF,44.5,19192,8730,[],0.075302124,0.001697906,44.35 - 46.87,-2.4446983,-0.05215913,-4.860812,0.0,10.875253,0.0,1.89993,0.72934,0.72934,198848208.0,PRE,4.08499,,,45.0712,-0.6459007,-0.014330675,45.5188,-1.0934982,-0.024023002,,15,0,America/New_York,EDT,-14400000,False,False,False,GHYG,,,,,,,,,,,
Utilities,utilities,37,MAMB,Monarch Ambassador Income ETF,https://finance.yahoo.com/research-hub/screener/sec-ind_sec-top-etfs_utilities/,2026-09-21T11:41:36+00:00,en-US,US,ETF,ETF,Delayed Quote,False,LOW,,,,,USD,-0.510981,36.76,0.0,BTS,24.83,23.05,2.68,,Monarch Ambassador Income Index,23.559,-0.121,-0.510981,1.15,True,1617024600000,2,,,,,-0.121,1789761015,23.559,23.6,23.54 - 23.6,23.54,18079,23.68,400.0,700.0,us_market,finmb_704720611,Cboe US,Monarch Ambassador Income ETF,23.52,30306,64480,[],0.5090008,0.022082465,23.05 - 24.83,-1.2709999,-0.051188074,-0.72060823,0.0,,0.0,1.0566,-1.2246,-1.2246,194710832.0,PRE,,,,23.80106,-0.24205971,-0.010170124,24.136854,-0.57785416,-0.02394074,,15,0,America/New_York,EDT,-14400000,False,False,False,MAMB,,,,,,,,,,,
Utilities,utilities,38,KNRG,Simplify Kayne Anderson Energy and Infrastructure Credit ETF,https://finance.yahoo.com/research-hub/screener/sec-ind_sec-top-etfs_utilities/,2026-09-21T11:41:36+00:00,en-US,US,ETF,ETF,Delayed Quote,False,LOW,,,,,USD,-0.078341,0.0,0.0,PCX,26.31,25.21,6.87,,Simplify Kayne Anderson Energy ,25.51,-0.0200005,-0.078341,0.76,True,1748439000000,2,,,,,-0.0200005,1789758467,25.51,25.52,25.48 - 25.52,25.48,15845,25.53,200.0,500.0,us_market,finmb_1940118709,NYSEArca,Simplify Kayne Anderson Energy and Infrastructure Credit ETF,25.49,14285,8160,[],0.30000114,0.011900086,25.21 - 26.31,-0.79999924,-0.030406661,-2.707857,0.0,,0.0,3.39446,1.02905,1.02905,151703248.0,PRE,,,,25.66508,-0.15507889,-0.0060424083,25.79947,-0.28947067,-0.011220024,,15,0,America/New_York,EDT,-14400000,False,False,False,KNRG,,,,,,,,,,,
Utilities,utilities,39,TPZ,Tortoise Electrification Infrastructure ETF,https://finance.yahoo.com/research-hub/screener/sec-ind_sec-top-etfs_utilities/,2026-09-21T11:41:36+00:00,en-US,US,ETF,ETF,Delayed Quote,False,LOW,3.16,20.920502,,,USD,0.143133,0.0,0.0,NYQ,23.03,19.93,3.16,,Tortoise Electrification Infras,20.99,0.0300007,0.143133,0.85,True,1248874200000,2,,,,,0.0300007,1789761674,20.99,21.02,20.98 - 21.02,20.98,1972,20.96,900.0,100.0,us_market,finmb_36142071,NYSE,Tortoise Electrification Infrastructure ETF,21.02,8877,7980,[],1.0599995,0.053186122,19.93 - 23.03,-2.040001,-0.08858015,0.2866745,0.0,20.443645,0.0,6.94878,-0.28865,-0.28865,120622888.0,PRE,1.0267249,5890170.0,,21.5858,-0.5958004,-0.027601497,21.6522,-0.6622009,-0.03058354,,15,0,America/New_York,EDT,-14400000,False,False,False,TPZ,1551312000.0,-0.01,-2099.0,,Tortoise Power and Energy Infrastructure Fund,123634664.0,1524760200.0,1524846600.0,5890170.0,,
Utilities,utilities,40,HYGW,iShares High Yield Corporate Bond Buywrite Strategy ETF,https://finance.yahoo.com/research-hub/screener/sec-ind_sec-top-etfs_utilities/,2026-09-21T11:41:36+00:00,en-US,US,ETF,ETF,Nasdaq Real Time Price,False,LOW,12.06,10.989010989010989,,,USD,-0.13371,0.0,0.0,BTS,30.456,28.46,9.47,,iShares High Yield Corporate Bo,28.53,-0.0381985,-0.13371,0.69,True,1661175000000,2,,,,,-0.0381985,1789761586,28.53,28.5709,28.53 - 28.5709,28.53,14915,28.5682,1900.0,500.0,us_market,finmb_1780838005,Cboe US,iShares High Yield Corporate Bond Buywrite Strategy ETF,28.63,24715,27170,[],0.0700016,0.0024596488,28.46 - 30.456,-1.9259987,-0.06323873,-6.027669,0.0,9.849315,0.0,3.38583,1.42129,1.42129,112331024.0,PRE,2.8966484,,,28.84882,-0.31881905,-0.011051373,29.31378,-0.78377914,-0.026737567,,15,0,America/New_York,EDT,-14400000,False,False,False,HYGW,,,,,,,,,,,
Utilities,utilities,41,WTBN,Wisdomtree Bianco Fixed Income Total Return Fund,https://finance.yahoo.com/research-hub/screener/sec-ind_sec-top-etfs_utilities/,2026-09-21T11:41:36+00:00,en-US,US,ETF,ETF,Delayed Quote,False,LOW,,,,,USD,-0.18435098,31.8,17.88,NGM,26.0,24.31,4.11,,WisdomTree Bianco Total Return ,24.365,-0.055000305,-0.22531873,0.6,True,1703082600000,2,,,,,-0.045000076,1789761600,24.365,24.365,24.355 - 24.365,24.355,2289,24.41,2.0,2.0,us_market,finmb_1861385923,NasdaqGM,Wisdomtree Bianco Fixed Income Total Return Fund,24.365,14215,14020,[],0.055000305,0.002262456,24.31 - 26.0,-1.6350002,-0.06288462,-5.249852,0.0,,0.0,-0.97103,-1.1194,-1.1194,102577224.0,PRE,,,,24.71568,-0.3506794,-0.01418854,25.22094,-0.85593987,-0.033937667,,15,0,America/New_York,EDT,-14400000,False,False,False,WTBN,,,,2023-12-20,,,,,,,
Utilities,utilities,42,HISF,First Trust High Income Strategic Focus ETF,https://finance.yahoo.com/research-hub/screener/sec-ind_sec-top-etfs_utilities/,2026-09-21T11:41:36+00:00,en-US,US,ETF,ETF,Nasdaq Real Time Price,False,LOW,4.6,22.321428571428573,6.4996,9.53016,USD,-0.38180372,56.34,31.64,NGM,45.615,43.14,5.13,,First Trust High Income Strateg,43.2343,-0.14570236,-0.3357197,0.83,True,1408023000000,2,,,,,-0.16570282,1789761600,43.2343,43.2699,43.22 - 43.2699,43.22,5423,43.4,2.0,2.0,us_market,finmb_264493463,NasdaqGM,First Trust High Income Strategic Focus ETF,43.2445,6871,8970,[],0.09429932,0.0021858905,43.14 - 45.615,-2.380703,-0.052191228,-4.7079563,0.0,,0.0,0.17435,-0.21748,-0.21748,98497296.0,PRE,,,,43.81998,-0.5856819,-0.013365636,44.552494,-1.3181953,-0.029587464,,15,0,America/New_York,EDT,-14400000,False,False,False,HISF,,,,,,,,,,,
Utilities,utilities,43,IREX,Tradr 2X Long IREN Daily ETF,https://finance.yahoo.com/research-hub/screener/sec-ind_sec-top-etfs_utilities/,2026-09-21T11:41:36+00:00,en-US,US,ETF,ETF,Nasdaq Real Time Price,False,LOW,,,,,USD,14.4711,0.0,18.61,BTS,155.277,8.058,,,Tradr 2X Long IREN Daily ETF,18.72,1.0999985,6.242897,1.3,True,1761226200000,2,1.0999985,6.242897,1789990678.0,18.72,2.23,1789761600,17.64,17.64,15.3063 - 17.64,15.3063,1451729,15.41,500.0,1300.0,us_market,finmb_1960496714,Cboe US,Tradr 2X Long IREN Daily ETF,16.2,1341957,1581920,[],9.582,1.1891289,8.058 - 155.277,-137.637,-0.8863966,-79.5975,0.0,16.23497,0.0,-62.01731,-76.66102,-76.66102,59281296.0,PRE,1.0865434,,,14.741,2.8989992,0.19666232,30.578875,-12.938875,-0.42313117,,15,0,America/New_York,EDT,-14400000,False,False,False,IREX,,,,,,,,,,,
Utilities,utilities,44,PUI,Invesco Dorsey Wright Utilities Momentum ETF,https://finance.yahoo.com/research-hub/screener/sec-ind_sec-top-etfs_utilities/,2026-09-21T11:41:36+00:00,en-US,US,ETF,ETF,Nasdaq Real Time Price,False,LOW,2.15,19.425019,-4.40543,14.95354,USD,-0.805,45.23,45.1,NGM,49.3,42.35,2.15,,Invesco Dorsey Wright Utilities,42.4258,-0.25009918,-0.5847524,0.6,True,1130333400000,2,,,,,-0.34429932,1789761600,42.4258,42.71,42.4258 - 42.71,42.4258,7325,42.7701,15.0,15.0,us_market,finmb_25333490,NasdaqGM,Invesco Dorsey Wright Utilities Momentum ETF,42.71,10703,4040,[],0.07580185,0.0017898902,42.35 - 49.3,-6.874199,-0.13943608,-7.1350393,,18.914896,,1.03203,-5.76342,-5.76342,51848208.0,PRE,2.2429836,,,45.24,-2.8142014,-0.06220604,46.0567,-3.6309013,-0.078835465,,15,0,America/New_York,EDT,-14400000,False,False,False,PUI,,,,,,,,,,,
Utilities,utilities,45,DUKZ,Ocean Park Diversified Income ETF,https://finance.yahoo.com/research-hub/screener/sec-ind_sec-top-etfs_utilities/,2026-09-21T11:41:36+00:00,en-US,US,ETF,ETF,Delayed Quote,False,LOW,4.32,24.752475247524753,,,USD,-0.22432,0.0,21.84,PCX,25.941,24.72,3.9,,Ocean Park Diversified Income E,24.8641,-0.0559006,-0.22432,1.03,True,1720704600000,2,,,,,-0.0559006,1789759591,24.8641,24.88,24.85 - 24.88,24.85,6218,24.92,200.0,3000.0,us_market,finmb_1879271265,NYSEArca,Ocean Park Diversified Income ETF,24.8761,13614,6080,[],0.14410019,0.0058292956,24.72 - 25.941,-1.0769005,-0.041513454,-2.6239514,0.0,,0.0,1.83783,-0.75991,-0.75991,51842832.0,PRE,,,,25.19698,-0.33288002,-0.013211108,25.344425,-0.4803257,-0.018951926,,15,0,America/New_York,EDT,-14400000,False,False,False,DUKZ,,,,,,,,,,,
Utilities,utilities,46,JHMU,John Hancock Dynamic Municipal Bond ETF,https://finance.yahoo.com/research-hub/screener/sec-ind_sec-top-etfs_utilities/,2026-09-21T11:41:36+00:00,en-US,US,ETF,ETF,Delayed Quote,False,LOW,2.47,17.956545160711077,23.18502,11.25287,USD,-0.26801,0.0,0.0,PCX,26.695,25.215,3.87,,John Hancock Dynamic Municipal ,25.23,-0.0678005,-0.26801,0.39,True,1698931800000,2,,,,,-0.0678005,1789761585,25.23,25.3,25.23 - 25.3,25.23,2710,25.2978,200.0,200.0,us_market,finmb_1849974960,NYSEArca,John Hancock Dynamic Municipal Bond ETF,25.3,6242,6590,[],0.01499939,0.00059485977,25.215 - 26.695,-1.4650002,-0.054879196,-3.222096,0.0,,0.0,0.70209,-0.81438,-0.81438,43700524.0,PRE,,,,25.80946,-0.57946014,-0.022451464,26.152395,-0.9223957,-0.035270028,,15,0,America/New_York,EDT,-14400000,False,False,False,JHMU,,,,,,,,,,,
Utilities,utilities,47,UTSL,Direxion Daily Utilities Bull 3X Shares,https://finance.yahoo.com/research-hub/screener/sec-ind_sec-top-etfs_utilities/,2026-09-21T11:41:36+00:00,en-US,US,ETF,ETF,Delayed Quote,False,LOW,1.96,19.015022,-35.54238,48.10649,USD,-4.31991,33.7,32.52,PCX,55.21,32.73,1.96,,Direxion Daily Utilities Bull 3,32.78,0.069999695,0.21360907,0.97,True,1493818200000,2,0.0,0.0,1789983553.0,32.78,-1.48,1789761600,32.78,33.68,32.73 - 33.68,32.73,173532,34.26,400.0,400.0,us_market,finmb_424861530,NYSEArca,Direxion Daily Utilities Bull 3X Shares,33.62,142380,149490,[],0.049999237,0.0015276272,32.73 - 55.21,-22.43,-0.406267,-20.78299,0.0,17.376984,0.0,-10.72727,-16.49279,-16.49279,43011916.0,PRE,1.8864032,,,40.5364,-7.756401,-0.1913441,44.2092,-11.429203,-0.25852543,,15,0,America/New_York,EDT,-14400000,False,False,False,UTSL,,,,,,,,,,,
Utilities,utilities,48,CVRT,Calamos Convertible Equity Alternative ETF,https://finance.yahoo.com/research-hub/screener/sec-ind_sec-top-etfs_utilities/,2026-09-21T11:41:36+00:00,en-US,US,ETF,ETF,Delayed Quote,False,LOW,,,,,USD,-0.0450056,50.76,41.91,PCX,54.09,35.3,1.55,,Calamos Convertible Equity Alte,46.6397,-0.0209999,-0.0450056,0.69,True,1696426200000,2,,,,,-0.0209999,1789760883,46.6397,46.6397,46.36 - 46.6397,46.36,1305,46.6607,200.0,200.0,us_market,finmb_1858147647,NYSEArca,Calamos Convertible Equity Alternative ETF,46.38,10726,2580,[],11.339703,0.32123804,35.3 - 54.09,-7.4502983,-0.13773893,27.237011,0.0,,0.0,25.11538,-8.77811,-8.77811,42546368.0,PRE,,,,47.73768,-1.0979767,-0.02300021,45.521984,1.1177177,0.024553362,,15,0,America/New_York,EDT,-14400000,False,False,False,CVRT,,,,,,,,,,,
Utilities,utilities,49,CFIT,Cambria Fixed Income Trend ETF,https://finance.yahoo.com/research-hub/screener/sec-ind_sec-top-etfs_utilities/,2026-09-21T11:41:36+00:00,en-US,US,ETF,ETF,Delayed Quote,False,LOW,,,,,USD,-0.127963,0.0,23.14,BTS,26.45,24.42,3.9,,Cambria Fixed Income Trend ETF,25.365,-0.0324993,-0.127963,0.64,True,1743168600000,2,,,,,-0.0324993,1789760788,25.365,25.3899,25.325 - 25.3899,25.325,11617,25.3975,1700.0,3100.0,us_market,finmb_1916062868,Cboe US,,25.325,9665,8650,[],0.9449997,0.038697775,24.42 - 26.45,-1.085001,-0.04102083,0.8949876,0.0,7.639376,0.0,4.29407,-1.11468,-1.11468,41946984.0,PRE,3.3202972,,,25.80222,-0.43721962,-0.01694504,25.669834,-0.30483437,-0.011875198,,15,0,America/New_York,EDT,-14400000,False,False,False,CFIT,,,,,,,,,,,
Utilities,utilities,50,FPWR,First Trust EIP Power Solutions ETF,https://finance.yahoo.com/research-hub/screener/sec-ind_sec-top-etfs_utilities/,2026-09-21T11:41:36+00:00,en-US,US,EQUITY,Equity,Delayed Quote,False,LOW,1.76,20.968757,,,USD,-0.48535,0.0,0.0,PCX,38.28,32.37,,,First Trust EIP Power Solutions,35.861,-0.1749,-0.48535,,True,1566394200000,2,,,,,-0.1749,1789752376,35.861,35.915,35.78 - 35.915,35.78,2399,36.0359,600.0,500.0,us_market,finmb_618778536,NYSEArca,First Trust EIP Power Solutions ETF,36.09,7806,5200,[],3.4910011,0.10784681,32.37 - 38.28,-2.4189987,-0.06319223,10.08073,0.0,18.064812,0.0,,,,,PRE,1.9851301,,,36.98238,-1.1213799,-0.030322004,36.4024,-0.5414009,-0.01487267,,15,0,America/New_York,EDT,-14400000,False,False,False,FPWR,,,,,,,,,,,
Utilities,utilities,51,XLUI,State Street Utilities Select Sector SPDR Premium Income ETF,https://finance.yahoo.com/research-hub/screener/sec-ind_sec-top-etfs_utilities/,2026-09-21T11:41:36+00:00,en-US,US,EQUITY,Equity,Delayed Quote,False,LOW,7.15,20.120724,,,USD,-1.0643,0.0,0.0,PCX,26.339,22.3,,,State Street Utilities Select S,22.31,-0.24,-1.0643,,True,1753882200000,2,,,,,-0.24,1789761600,22.31,22.68,22.31 - 22.68,22.31,38526,22.55,100.0,200.0,us_market,finmb_1945101984,NYSEArca,State Street Utilities Select Sector SPDR Premium Income ETF,22.37,51231,157110,[],0.010000229,0.00044844078,22.3 - 26.339,-4.029001,-0.15296713,-12.199921,0.0,18.20124,0.0,,,,,PRE,1.2257406,,,23.67392,-1.3639202,-0.057612777,24.315966,-2.0059662,-0.082495846,,15,0,America/New_York,EDT,-14400000,False,False,False,XLUI,,,,,,,,,,The Select Sector SPDR Trust - The Utilities Select Sector SPDR Premium Income Fund,2026-09-21
Utilities,utilities,52,RNRG,Global X Renewable Energy Producers ETF,https://finance.yahoo.com/research-hub/screener/sec-ind_sec-top-etfs_utilities/,2026-09-21T11:41:36+00:00,en-US,US,ETF,ETF,Nasdaq Real Time Price,False,LOW,1.71,21.172983,-12.32919,-12.26593,USD,1.5022728,44.12,24.64,NGM,39.7,31.06,1.71,,Global X Renewable Energy Produ,33.445,0.0,0.0,0.65,True,1432819800000,2,,,,,0.49499893,1789761600,33.445,33.445,33.445 - 33.445,33.445,517,32.95,2.0,2.0,us_market,finmb_311031290,NasdaqGM,Global X Renewable Energy Producers ETF,33.445,4498,1190,[],2.3850002,0.076786876,31.06 - 39.7,-6.255001,-0.1575567,7.22301,0.0,20.62716,0.0,3.40488,-12.47535,-12.47535,25972512.0,PRE,1.621406,,,34.4175,-0.97249985,-0.028255971,35.89193,-2.44693,-0.068174936,,15,0,America/New_York,EDT,-14400000,False,False,False,RNRG,,,,,Global X Renewable Energy Producers ETF,,,,,,
Utilities,utilities,53,DUKH,Ocean Park High Income ETF,https://finance.yahoo.com/research-hub/screener/sec-ind_sec-top-etfs_utilities/,2026-09-21T11:41:36+00:00,en-US,US,ETF,ETF,Nasdaq Real Time Price,False,LOW,,,,,USD,-0.14065349,30.54,17.04,NGM,24.75,23.44,5.45,USD,Ocean Park High Income ETF,23.5,-0.052999496,-0.22521256,1.07,True,1720704600000,2,,,,,-0.03310013,1789761600,23.5,23.51,23.4801 - 23.51,23.4801,549,23.5331,2.0,2.0,us_market,finmb_1879271264,NasdaqGM,Ocean Park High Income ETF,23.51,7700,5330,[],0.059999466,0.002559704,23.44 - 24.75,-1.25,-0.05050505,-4.8621535,0.0,15.497396,0.0,0.65233,0.11965,0.11965,23327066.0,PRE,1.5163838,699950016.0,59.617,23.75428,-0.2542801,-0.010704601,24.08788,-0.5878792,-0.024405602,0.39418286,15,0,America/New_York,EDT,-14400000,False,False,False,DUKH,1547510400.0,,,2024-07-11,,,,,,,
Utilities,utilities,54,MFLX,First Trust Flexible Municipal High Income ETF,https://finance.yahoo.com/research-hub/screener/sec-ind_sec-top-etfs_utilities/,2026-09-21T11:41:36+00:00,en-US,US,ETF,ETF,Nasdaq Real Time Price,False,LOW,3.55,21.186440677966104,8.00064,8.11191,USD,0.18242829,21.84,12.19,NGM,17.95,15.79,4.25,,First Trust Flexible Municipal ,16.3097,0.0,0.0,0.75,True,1475155800000,2,,,,,0.029699326,1789761600,16.3097,16.35,15.82 - 16.35,15.82,16903,16.28,2.0,2.0,us_market,finmb_346872599,NasdaqGM,First Trust Flexible Municipal High Income ETF,16.35,6180,5570,[],0.51970005,0.032913238,15.79 - 17.95,-1.6403008,-0.091381654,-4.2559443,0.0,,0.0,1.55395,-0.97836,-0.97836,21038408.0,PRE,,,,16.86622,-0.55652046,-0.03299616,17.0636,-0.7539005,-0.044181798,,15,0,America/New_York,EDT,-14400000,False,False,False,MFLX,,,,,,,,,,,
Utilities,utilities,55,RTAI,Rareview Tax Advantaged Income ETF,https://finance.yahoo.com/research-hub/screener/sec-ind_sec-top-etfs_utilities/,2026-09-21T11:41:36+00:00,en-US,US,ETF,ETF,Delayed Quote,False,LOW,3.48,59.98800239952009,,,USD,-1.08722,22.64,16.64,BTS,22.18,19.62,4.98,,Rareview Tax Advantaged Income ,19.6421,-0.2159,-1.08722,4.59,True,1603287000000,2,,,,,-0.2159,1789747280,19.6421,19.65,19.6421 - 19.65,19.6421,136,19.858,3900.0,1000.0,us_market,finmb_688783043,Cboe US,Rareview Tax Advantaged Income ETF,19.65,726,1200,[],0.022098541,0.0011263272,19.62 - 22.18,-2.537901,-0.11442295,-7.935315,0.0,,0.0,1.3615,-1.23305,-1.23305,17657916.0,PRE,,,,20.84962,-1.2075214,-0.05791575,21.1991,-1.5570011,-0.073446564,,15,0,America/New_York,EDT,-14400000,False,False,False,RTAI,,,,,,,,,,,
Utilities,utilities,56,TPLS,Thornburg Core Plus Bond ETF,https://finance.yahoo.com/research-hub/screener/sec-ind_sec-top-etfs_utilities/,2026-09-21T11:41:36+00:00,en-US,US,ETF,ETF,Nasdaq Real Time Price,False,LOW,,,,,USD,-0.38608834,25.27,25.25,NGM,26.0,24.42,4.88,,Thornburg Core Plus Bond ETF,24.485,-0.09000015,-0.36615345,0.45,True,1738765800000,2,,,,,-0.09490013,1789761600,24.485,24.5,24.485 - 24.5,24.485,1278,24.5799,1.0,1.0,us_market,finmb_1900837358,NasdaqGM,Thornburg Core Plus Bond ETF,24.5,5447,1630,[],0.065000534,0.0026617746,24.42 - 26.0,-1.5149994,-0.058269206,-4.3928146,0.0,,0.0,0.03199,-0.50672,-0.50672,14798531.0,PRE,,,,24.74374,-0.25873947,-0.010456765,25.22144,-0.73643875,-0.029198918,,15,0,America/New_York,EDT,-14400000,False,False,False,TPLS,,,,2025-02-05,,,,,,,
Utilities,utilities,57,UPW,ProShares Ultra Utilities,https://finance.yahoo.com/research-hub/screener/sec-ind_sec-top-etfs_utilities/,2026-09-21T11:41:36+00:00,en-US,US,ETF,ETF,Delayed Quote,False,LOW,1.65,19.015022,-22.33155,32.6365,USD,-3.06379,19.97,18.83,PCX,26.8,19.3,1.65,,ProShares Ultra Utilities,19.3,-0.610001,-3.06379,0.95,True,1170340200000,2,,,,,-0.610001,1789761540,19.3,19.47,19.3 - 19.47,19.3,7927,19.91,800.0,400.0,us_market,finmb_32432008,NYSEArca,ProShares Ultra Utilities,19.47,18584,18780,[],0.0,0.0,19.3 - 26.8,-7.5,-0.27985075,-11.982668,,17.948349,,-5.0701,-10.51993,-10.51993,14517336.0,PRE,1.0753077,,,22.1404,-2.8404007,-0.1282904,23.2315,-3.9315014,-0.16923149,,15,0,America/New_York,EDT,-14400000,False,False,False,UPW,,,,,,,,,,,
Utilities,utilities,58,BILD,Nomura Global Listed Infrastructure ETF,https://finance.yahoo.com/research-hub/screener/sec-ind_sec-top-etfs_utilities/,2026-09-21T11:41:36+00:00,en-US,US,ETF,ETF,Delayed Quote,False,LOW,4.77,19.557989,,,USD,-0.623086,45.36,11.41,PCX,31.785,27.365,4.77,,Nomura Global Listed Infrastruc,28.6288,-0.179501,-0.623086,0.49,True,1701268200000,2,,,,,-0.179501,1789406176,28.6288,28.6288,28.6288 - 28.6288,28.6288,16,28.8083,100.0,500.0,us_market,finmb_1845137186,NYSEArca,Nomura Global Listed Infrastructure ETF,28.79,493,460,[],1.2637997,0.04618307,27.365 - 31.785,-3.1562004,-0.099298425,4.253304,0.0,18.980398,0.0,8.60596,-0.11355,-0.11355,8113423.0,PRE,1.508335,,,29.68178,-1.0529804,-0.03547565,29.861666,-1.2328663,-0.041285917,,15,0,America/New_York,EDT,-14400000,False,False,False,BILD,,,,,,,,,,,
Utilities,utilities,59,PWRZ,TrueShares Eagle Global Next Gen Power Infrastructure ETF,https://finance.yahoo.com/research-hub/screener/sec-ind_sec-top-etfs_utilities/,2026-09-21T11:41:36+00:00,en-US,US,ETF,ETF,Delayed Quote,False,LOW,1.87,21.303792,,,USD,-0.827371,46.65,0.0,BTS,33.54,24.9,1.87,,TrueShares Eagle Global Renewab,29.8944,-0.249401,-0.827371,0.75,True,1670596200000,2,,,,,-0.249401,1789585455,29.8944,29.8944,29.8944 - 29.8944,29.8944,21,30.1438,300.0,100.0,us_market,finmb_1804332262,Cboe US,TrueShares Eagle Global Next Gen Power Infrastructure ETF,29.72,419,260,[],4.9944,0.20057832,24.9 - 33.54,-3.6456013,-0.10869413,18.86282,,21.040699,,10.98591,-4.52,-4.52,5750960.0,PRE,1.4207892,,,30.69184,-0.7974396,-0.025982138,30.657585,-0.7631855,-0.024893856,,15,0,America/New_York,EDT,-14400000,False,False,False,PWRZ,,,,,,,,,,,
Utilities,utilities,60,JOJO,ATAC Credit Rotation ETF,https://finance.yahoo.com/research-hub/screener/sec-ind_sec-top-etfs_utilities/,2026-09-21T11:41:36+00:00,en-US,US,ETF,ETF,Delayed Quote,False,LOW,4.88,16.611295681063122,,,USD,-0.137374,0.0,0.0,PCX,16.24,14.79,5.19,,ATAC Credit Rotation ETF,14.8296,-0.0204,-0.137374,1.24,True,1626442200000,2,,,,,-0.0204,1789760501,14.8296,14.83,14.82 - 14.83,14.82,2341,14.85,2200.0,4300.0,us_market,finmb_717895295,NYSEArca,ATAC Credit Rotation ETF,14.82,7696,3080,[],0.039600372,0.00267751,14.79 - 16.24,-1.4103994,-0.08684726,-3.795004,0.0,16.67652,0.0,-0.03826,-2.54069,-2.54069,4521564.0,PRE,0.88925034,,,15.04876,-0.21916008,-0.014563331,15.50388,-0.6742792,-0.043491,,15,0,America/New_York,EDT,-14400000,False,False,False,JOJO,,,,,,,,,,,
Utilities,utilities,61,TRUU,Vaneck Utilities TruSector ETF,https://finance.yahoo.com/research-hub/screener/sec-ind_sec-top-etfs_utilities/,2026-09-21T11:41:36+00:00,en-US,US,ETF,ETF,Delayed Quote,False,LOW,,,,,USD,-1.3135743,,,NGM,25.3,22.47,,,VANECK UTILITIES TRUSECTOR ETF,22.4709,-0.21010017,-0.92270607,0.1,True,1783517400000,2,,,,,-0.29910088,1789761600,22.4709,22.56,22.4709 - 22.56,22.4709,1026,22.77,,,us_market,finmb_1986321547,NasdaqGM,Vaneck Utilities TruSector ETF,22.53,232,540,[],0.00090026855,4.006536e-05,22.47 - 25.3,-2.8290997,-0.11182212,-9.358615,,19.370502,,,,,230867.0,PRE,1.1600577,,,23.9546,-1.4836998,-0.06193799,23.98423,-1.5133305,-0.063096896,,15,0,America/New_York,EDT,-14400000,False,False,False,TRUU,,,,2026-07-08,True Drinks,,,,,,
Utilities,utilities,62,ABND,American Century Core Plus Income ETF,https://finance.yahoo.com/research-hub/screener/sec-ind_sec-top-etfs_utilities/,2026-09-21T11:41:36+00:00,en-US,US,EQUITY,Equity,Delayed Quote,False,LOW,,,,,USD,-0.375939,45.4,0.0,PCX,44.8,42.27,,,American Century Core Plus Inco,42.4,-0.16,-0.375939,,True,1625146200000,2,,,,,-0.16,1789752713,42.4,42.4399,42.32 - 42.4399,42.32,6139,42.56,100.0,100.0,us_market,finmb_712366534,NYSEArca,American Century Core Plus Income ETF,42.4399,22685,17650,[],0.13000107,0.0030754926,42.27 - 44.8,-2.3999977,-0.053571377,-5.2513957,0.0,,0.0,,,,,PRE,,,,43.08214,-0.68214035,-0.015833482,43.741444,-1.3414421,-0.030667532,,15,0,America/New_York,EDT,-14400000,False,False,False,ABND,,,,,,,,,,American Century ETF Trust - American Century Multisector Income ETF,2026-09-21
